-- phpMyAdmin SQL Dump
-- version 4.8.2
-- https://www.phpmyadmin.net/
--
-- Host: 127.0.0.1
-- Waktu pembuatan: 13 Agu 2018 pada 04.38
-- Versi server: 10.1.34-MariaDB
-- Versi PHP: 7.2.7

SET SQL_MODE = "NO_AUTO_VALUE_ON_ZERO";
SET AUTOCOMMIT = 0;
START TRANSACTION;
SET time_zone = "+00:00";


/*!40101 SET @OLD_CHARACTER_SET_CLIENT=@@CHARACTER_SET_CLIENT */;
/*!40101 SET @OLD_CHARACTER_SET_RESULTS=@@CHARACTER_SET_RESULTS */;
/*!40101 SET @OLD_COLLATION_CONNECTION=@@COLLATION_CONNECTION */;
/*!40101 SET NAMES utf8mb4 */;

--
-- Database: `karyasiswa`
--

-- --------------------------------------------------------

--
-- Struktur dari tabel `agama`
--

CREATE TABLE `agama` (
  `id` int(11) NOT NULL,
  `nama_agama` varchar(35) NOT NULL,
  `created_by` varchar(10) DEFAULT NULL,
  `created_date` datetime NOT NULL DEFAULT CURRENT_TIMESTAMP,
  `last_modified_by` varchar(10) DEFAULT NULL,
  `last_modified_date` datetime DEFAULT NULL,
  `is_deleted` tinyint(1) NOT NULL DEFAULT '0',
  `deleted_by` varchar(10) DEFAULT NULL,
  `deleted_date` datetime DEFAULT NULL
) ENGINE=InnoDB DEFAULT CHARSET=latin1;

--
-- Dumping data untuk tabel `agama`
--

INSERT INTO `agama` (`id`, `nama_agama`, `created_by`, `created_date`, `last_modified_by`, `last_modified_date`, `is_deleted`, `deleted_by`, `deleted_date`) VALUES
(5, 'Islam', NULL, '2018-08-07 21:32:25', NULL, NULL, 0, NULL, NULL);

-- --------------------------------------------------------

--
-- Struktur dari tabel `bidang_studi`
--

CREATE TABLE `bidang_studi` (
  `id` int(11) NOT NULL,
  `nama_bidang_studi` varchar(100) NOT NULL,
  `created_by` varchar(10) DEFAULT NULL,
  `created_date` datetime NOT NULL DEFAULT CURRENT_TIMESTAMP,
  `last_modified_by` varchar(10) DEFAULT NULL,
  `last_modified_date` datetime DEFAULT NULL,
  `is_deleted` tinyint(1) NOT NULL DEFAULT '0',
  `deleted_by` varchar(10) DEFAULT NULL,
  `deleted_date` datetime DEFAULT NULL
) ENGINE=InnoDB DEFAULT CHARSET=latin1;

--
-- Dumping data untuk tabel `bidang_studi`
--

INSERT INTO `bidang_studi` (`id`, `nama_bidang_studi`, `created_by`, `created_date`, `last_modified_by`, `last_modified_date`, `is_deleted`, `deleted_by`, `deleted_date`) VALUES
(1, 'asdklaskdlkasjd', 'U-001', '2018-08-05 08:14:56', 'U-001', '2018-08-05 08:15:14', 1, 'U-001', '2018-08-05 08:16:06'),
(2, 'asdaspokaspdas', 'U-001', '2018-08-05 08:16:38', NULL, '0000-00-00 00:00:00', 1, 'U-001', '2018-08-05 08:17:20'),
(3, 'aslkdlas', 'U-001', '2018-08-05 08:16:43', NULL, '0000-00-00 00:00:00', 1, 'U-001', '2018-08-05 08:17:20'),
(4, 'aklsdfmsdf', 'U-001', '2018-08-05 08:17:15', NULL, '0000-00-00 00:00:00', 1, 'U-001', '2018-08-05 08:17:20'),
(5, 'aksdjajsla', 'U-001', '2018-08-05 08:22:30', NULL, '0000-00-00 00:00:00', 1, 'U-001', '2018-08-05 08:23:21'),
(6, 'lksd;alskd', 'U-001', '2018-08-05 08:23:27', NULL, NULL, 0, NULL, NULL),
(7, 'Kedokteran', 'U-001', '0000-00-00 00:00:00', 'U-001', '0000-00-00 00:00:00', 0, 'U-001', '0000-00-00 00:00:00'),
(8, 'Kedokteran Gigi', 'U-001', '0000-00-00 00:00:00', 'U-001', '0000-00-00 00:00:00', 0, 'U-001', '0000-00-00 00:00:00'),
(9, 'Kedokteran Hewan', 'U-001', '0000-00-00 00:00:00', 'U-001', '0000-00-00 00:00:00', 0, 'U-001', '0000-00-00 00:00:00'),
(10, 'Kesehatan Masyarakat', 'U-001', '0000-00-00 00:00:00', 'U-001', '0000-00-00 00:00:00', 0, 'U-001', '0000-00-00 00:00:00'),
(11, 'Kesehatan Lingkungan', 'U-001', '0000-00-00 00:00:00', 'U-001', '0000-00-00 00:00:00', 0, 'U-001', '0000-00-00 00:00:00'),
(12, 'Ilmu Gizi', 'U-001', '0000-00-00 00:00:00', 'U-001', '0000-00-00 00:00:00', 0, 'U-001', '0000-00-00 00:00:00'),
(13, 'Keselamatan & Kesehatan Kerja', 'U-001', '0000-00-00 00:00:00', 'U-001', '0000-00-00 00:00:00', 0, 'U-001', '0000-00-00 00:00:00'),
(14, 'Ilmu Keperawatan', 'U-001', '0000-00-00 00:00:00', 'U-001', '0000-00-00 00:00:00', 0, 'U-001', '0000-00-00 00:00:00'),
(15, 'Farmasi', 'U-001', '0000-00-00 00:00:00', 'U-001', '0000-00-00 00:00:00', 0, 'U-001', '0000-00-00 00:00:00'),
(16, 'Kedokteran Hewan', 'U-001', '0000-00-00 00:00:00', 'U-001', '0000-00-00 00:00:00', 0, 'U-001', '0000-00-00 00:00:00'),
(17, 'Nutrisi dan Teknologi Pangan', 'U-001', '0000-00-00 00:00:00', 'U-001', '0000-00-00 00:00:00', 0, 'U-001', '0000-00-00 00:00:00'),
(18, 'Kebidanan', 'U-001', '0000-00-00 00:00:00', 'U-001', '0000-00-00 00:00:00', 0, 'U-001', '0000-00-00 00:00:00'),
(19, 'Fisioterafi', 'U-001', '0000-00-00 00:00:00', 'U-001', '0000-00-00 00:00:00', 0, 'U-001', '0000-00-00 00:00:00'),
(20, 'Ilmu Keolahragaan', 'U-001', '0000-00-00 00:00:00', 'U-001', '0000-00-00 00:00:00', 0, 'U-001', '0000-00-00 00:00:00'),
(21, 'Teknik Radiodiagnostik dan Radioterapi', 'U-001', '0000-00-00 00:00:00', 'U-001', '0000-00-00 00:00:00', 0, 'U-001', '0000-00-00 00:00:00'),
(22, 'Manajemen Pelayanan Rumah Sakit', 'U-001', '0000-00-00 00:00:00', 'U-001', '0000-00-00 00:00:00', 0, 'U-001', '0000-00-00 00:00:00'),
(23, 'Matematika', 'U-001', '0000-00-00 00:00:00', 'U-001', '0000-00-00 00:00:00', 0, 'U-001', '0000-00-00 00:00:00'),
(24, 'Fisika', 'U-001', '0000-00-00 00:00:00', 'U-001', '0000-00-00 00:00:00', 0, 'U-001', '0000-00-00 00:00:00'),
(25, 'Kimia', 'U-001', '0000-00-00 00:00:00', 'U-001', '0000-00-00 00:00:00', 0, 'U-001', '0000-00-00 00:00:00'),
(26, 'Biologi', 'U-001', '0000-00-00 00:00:00', 'U-001', '0000-00-00 00:00:00', 0, 'U-001', '0000-00-00 00:00:00'),
(27, 'Statistika', 'U-001', '0000-00-00 00:00:00', 'U-001', '0000-00-00 00:00:00', 0, 'U-001', '0000-00-00 00:00:00'),
(28, 'Astronomi', 'U-001', '0000-00-00 00:00:00', 'U-001', '0000-00-00 00:00:00', 0, 'U-001', '0000-00-00 00:00:00'),
(29, 'Bioteknologi', 'U-001', '0000-00-00 00:00:00', 'U-001', '0000-00-00 00:00:00', 0, 'U-001', '0000-00-00 00:00:00'),
(30, 'Geofisika', 'U-001', '0000-00-00 00:00:00', 'U-001', '0000-00-00 00:00:00', 0, 'U-001', '0000-00-00 00:00:00'),
(31, 'Meteorologi', 'U-001', '0000-00-00 00:00:00', 'U-001', '0000-00-00 00:00:00', 0, 'U-001', '0000-00-00 00:00:00'),
(32, 'Geografi', 'U-001', '0000-00-00 00:00:00', 'U-001', '0000-00-00 00:00:00', 0, 'U-001', '0000-00-00 00:00:00'),
(33, 'Biokimia', 'U-001', '0000-00-00 00:00:00', 'U-001', '0000-00-00 00:00:00', 0, 'U-001', '0000-00-00 00:00:00'),
(34, 'Metrologi', 'U-001', '0000-00-00 00:00:00', 'U-001', '0000-00-00 00:00:00', 0, 'U-001', '0000-00-00 00:00:00'),
(35, 'Aktuaria', 'U-001', '0000-00-00 00:00:00', 'U-001', '0000-00-00 00:00:00', 0, 'U-001', '0000-00-00 00:00:00'),
(36, 'Statistika Terapan', 'U-001', '0000-00-00 00:00:00', 'U-001', '0000-00-00 00:00:00', 0, 'U-001', '0000-00-00 00:00:00'),
(37, 'Mikrobiologi', 'U-001', '0000-00-00 00:00:00', 'U-001', '0000-00-00 00:00:00', 0, 'U-001', '0000-00-00 00:00:00'),
(38, 'Bioentrepreneurship', 'U-001', '0000-00-00 00:00:00', 'U-001', '0000-00-00 00:00:00', 0, 'U-001', '0000-00-00 00:00:00'),
(39, 'Ilmu Pangan (Food Science)', 'U-001', '0000-00-00 00:00:00', 'U-001', '0000-00-00 00:00:00', 0, 'U-001', '0000-00-00 00:00:00'),
(40, 'Matematika Bisnis', 'U-001', '0000-00-00 00:00:00', 'U-001', '0000-00-00 00:00:00', 0, 'U-001', '0000-00-00 00:00:00'),
(41, 'Fisika Medis', 'U-001', '0000-00-00 00:00:00', 'U-001', '0000-00-00 00:00:00', 0, 'U-001', '0000-00-00 00:00:00'),
(42, 'Kartografi dan Penginderaan Jauh', 'U-001', '0000-00-00 00:00:00', 'U-001', '0000-00-00 00:00:00', 0, 'U-001', '0000-00-00 00:00:00'),
(43, 'Pengelolaan dan Pemberdayaan SDA dan Lingkungan', 'U-001', '0000-00-00 00:00:00', 'U-001', '0000-00-00 00:00:00', 0, 'U-001', '0000-00-00 00:00:00'),
(44, 'llmu Politik', 'U-001', '0000-00-00 00:00:00', 'U-001', '0000-00-00 00:00:00', 0, 'U-001', '0000-00-00 00:00:00'),
(45, 'Filsafat', 'U-001', '0000-00-00 00:00:00', 'U-001', '0000-00-00 00:00:00', 0, 'U-001', '0000-00-00 00:00:00'),
(46, 'Kriminologi', 'U-001', '0000-00-00 00:00:00', 'U-001', '0000-00-00 00:00:00', 0, 'U-001', '0000-00-00 00:00:00'),
(47, 'Psikologi', 'U-001', '0000-00-00 00:00:00', 'U-001', '0000-00-00 00:00:00', 0, 'U-001', '0000-00-00 00:00:00'),
(48, 'Ilmu Hukum', 'U-001', '0000-00-00 00:00:00', 'U-001', '0000-00-00 00:00:00', 0, 'U-001', '0000-00-00 00:00:00'),
(49, 'Sosiologi', 'U-001', '0000-00-00 00:00:00', 'U-001', '0000-00-00 00:00:00', 0, 'U-001', '0000-00-00 00:00:00'),
(50, 'Jurnalistik', 'U-001', '0000-00-00 00:00:00', 'U-001', '0000-00-00 00:00:00', 0, 'U-001', '0000-00-00 00:00:00'),
(51, 'Antropologi', 'U-001', '0000-00-00 00:00:00', 'U-001', '0000-00-00 00:00:00', 0, 'U-001', '0000-00-00 00:00:00'),
(52, 'Hubungan Internasional (HI)', 'U-001', '0000-00-00 00:00:00', 'U-001', '0000-00-00 00:00:00', 0, 'U-001', '0000-00-00 00:00:00'),
(53, 'Ilmu Kesejahteraan Sosial', 'U-001', '0000-00-00 00:00:00', 'U-001', '0000-00-00 00:00:00', 0, 'U-001', '0000-00-00 00:00:00'),
(54, 'Ilmu Pemerintahan', 'U-001', '0000-00-00 00:00:00', 'U-001', '0000-00-00 00:00:00', 0, 'U-001', '0000-00-00 00:00:00'),
(55, 'Administrasi Publik', 'U-001', '0000-00-00 00:00:00', 'U-001', '0000-00-00 00:00:00', 0, 'U-001', '0000-00-00 00:00:00'),
(56, 'Administrasi Bisnis', 'U-001', '0000-00-00 00:00:00', 'U-001', '0000-00-00 00:00:00', 0, 'U-001', '0000-00-00 00:00:00'),
(57, 'Ilmu Komunikasi', 'U-001', '0000-00-00 00:00:00', 'U-001', '0000-00-00 00:00:00', 0, 'U-001', '0000-00-00 00:00:00'),
(58, 'Hubungan Masyarakat', 'U-001', '0000-00-00 00:00:00', 'U-001', '0000-00-00 00:00:00', 0, 'U-001', '0000-00-00 00:00:00'),
(59, 'Marketing Communication', 'U-001', '0000-00-00 00:00:00', 'U-001', '0000-00-00 00:00:00', 0, 'U-001', '0000-00-00 00:00:00'),
(60, 'Penyiaran (Broadcasting)', 'U-001', '0000-00-00 00:00:00', 'U-001', '0000-00-00 00:00:00', 0, 'U-001', '0000-00-00 00:00:00'),
(61, 'Periklanan (Advertiing)', 'U-001', '0000-00-00 00:00:00', 'U-001', '0000-00-00 00:00:00', 0, 'U-001', '0000-00-00 00:00:00'),
(62, 'Peradilan Agama', 'U-001', '0000-00-00 00:00:00', 'U-001', '0000-00-00 00:00:00', 0, 'U-001', '0000-00-00 00:00:00'),
(63, 'Politik Islam', 'U-001', '0000-00-00 00:00:00', 'U-001', '0000-00-00 00:00:00', 0, 'U-001', '0000-00-00 00:00:00'),
(64, 'Pembangunan Sosial dan Kesejahteraan', 'U-001', '0000-00-00 00:00:00', 'U-001', '0000-00-00 00:00:00', 0, 'U-001', '0000-00-00 00:00:00'),
(65, 'Business Law', 'U-001', '0000-00-00 00:00:00', 'U-001', '0000-00-00 00:00:00', 0, 'U-001', '0000-00-00 00:00:00'),
(66, 'Manajemen Komunikasi', 'U-001', '0000-00-00 00:00:00', 'U-001', '0000-00-00 00:00:00', 0, 'U-001', '0000-00-00 00:00:00'),
(67, 'Branding', 'U-001', '0000-00-00 00:00:00', 'U-001', '0000-00-00 00:00:00', 0, 'U-001', '0000-00-00 00:00:00'),
(68, 'Kearsipan', 'U-001', '0000-00-00 00:00:00', 'U-001', '0000-00-00 00:00:00', 0, 'U-001', '0000-00-00 00:00:00'),
(69, 'Sains Komunikasi dan Pengembangan Masyarakat', 'U-001', '0000-00-00 00:00:00', 'U-001', '0000-00-00 00:00:00', 0, 'U-001', '0000-00-00 00:00:00'),
(70, 'Ilmu Keluarga dan Konsumen', 'U-001', '0000-00-00 00:00:00', 'U-001', '0000-00-00 00:00:00', 0, 'U-001', '0000-00-00 00:00:00'),
(71, 'Manajemen Produksi Media', 'U-001', '0000-00-00 00:00:00', 'U-001', '0000-00-00 00:00:00', 0, 'U-001', '0000-00-00 00:00:00'),
(72, 'Akuntansi', 'U-001', '0000-00-00 00:00:00', 'U-001', '0000-00-00 00:00:00', 0, 'U-001', '0000-00-00 00:00:00'),
(73, 'Manajemen Keuangan', 'U-001', '0000-00-00 00:00:00', 'U-001', '0000-00-00 00:00:00', 0, 'U-001', '0000-00-00 00:00:00'),
(74, 'Menajemen Sumber Daya Manusia dan Organisasi', 'U-001', '0000-00-00 00:00:00', 'U-001', '0000-00-00 00:00:00', 0, 'U-001', '0000-00-00 00:00:00'),
(75, 'Manajemen Operasi', 'U-001', '0000-00-00 00:00:00', 'U-001', '0000-00-00 00:00:00', 0, 'U-001', '0000-00-00 00:00:00'),
(76, 'Manajemen Pemasaran', 'U-001', '0000-00-00 00:00:00', 'U-001', '0000-00-00 00:00:00', 0, 'U-001', '0000-00-00 00:00:00'),
(77, 'Administrasi Fiskal', 'U-001', '0000-00-00 00:00:00', 'U-001', '0000-00-00 00:00:00', 0, 'U-001', '0000-00-00 00:00:00'),
(78, 'Ekonomi', 'U-001', '0000-00-00 00:00:00', 'U-001', '0000-00-00 00:00:00', 0, 'U-001', '0000-00-00 00:00:00'),
(79, 'Bisnis Internasional', 'U-001', '0000-00-00 00:00:00', 'U-001', '0000-00-00 00:00:00', 0, 'U-001', '0000-00-00 00:00:00'),
(80, 'Manajemen Informatika', 'U-001', '0000-00-00 00:00:00', 'U-001', '0000-00-00 00:00:00', 0, 'U-001', '0000-00-00 00:00:00'),
(81, 'Ekonomi Pembangunan', 'U-001', '0000-00-00 00:00:00', 'U-001', '0000-00-00 00:00:00', 0, 'U-001', '0000-00-00 00:00:00'),
(82, 'Techopreneurship', 'U-001', '0000-00-00 00:00:00', 'U-001', '0000-00-00 00:00:00', 0, 'U-001', '0000-00-00 00:00:00'),
(83, 'Green Economy', 'U-001', '0000-00-00 00:00:00', 'U-001', '0000-00-00 00:00:00', 0, 'U-001', '0000-00-00 00:00:00'),
(84, 'Manajemen Bisnis', 'U-001', '0000-00-00 00:00:00', 'U-001', '0000-00-00 00:00:00', 0, 'U-001', '0000-00-00 00:00:00'),
(85, 'Administrasi Niaga', 'U-001', '0000-00-00 00:00:00', 'U-001', '0000-00-00 00:00:00', 0, 'U-001', '0000-00-00 00:00:00'),
(86, 'Manajemen Keuangan Syariah', 'U-001', '0000-00-00 00:00:00', 'U-001', '0000-00-00 00:00:00', 0, 'U-001', '0000-00-00 00:00:00'),
(87, 'Bisnis Islam', 'U-001', '0000-00-00 00:00:00', 'U-001', '0000-00-00 00:00:00', 0, 'U-001', '0000-00-00 00:00:00'),
(88, 'Business Creation', 'U-001', '0000-00-00 00:00:00', 'U-001', '0000-00-00 00:00:00', 0, 'U-001', '0000-00-00 00:00:00'),
(89, 'Kewirausahaan', 'U-001', '0000-00-00 00:00:00', 'U-001', '0000-00-00 00:00:00', 0, 'U-001', '0000-00-00 00:00:00'),
(90, 'Manajemen Bisnis dan Pemasaran', 'U-001', '0000-00-00 00:00:00', 'U-001', '0000-00-00 00:00:00', 0, 'U-001', '0000-00-00 00:00:00'),
(91, 'Manajemen Bisnis Internasional', 'U-001', '0000-00-00 00:00:00', 'U-001', '0000-00-00 00:00:00', 0, 'U-001', '0000-00-00 00:00:00'),
(92, 'Ekonomi Syariah', 'U-001', '0000-00-00 00:00:00', 'U-001', '0000-00-00 00:00:00', 0, 'U-001', '0000-00-00 00:00:00'),
(93, 'Keuangan', 'U-001', '0000-00-00 00:00:00', 'U-001', '0000-00-00 00:00:00', 0, 'U-001', '0000-00-00 00:00:00'),
(94, 'Pemasaran Internasional', 'U-001', '0000-00-00 00:00:00', 'U-001', '0000-00-00 00:00:00', 0, 'U-001', '0000-00-00 00:00:00'),
(95, 'Ekonomi Bisnis', 'U-001', '0000-00-00 00:00:00', 'U-001', '0000-00-00 00:00:00', 0, 'U-001', '0000-00-00 00:00:00'),
(96, 'Akuntansi Bisnis', 'U-001', '0000-00-00 00:00:00', 'U-001', '0000-00-00 00:00:00', 0, 'U-001', '0000-00-00 00:00:00'),
(97, 'Manajemen Pariwisata', 'U-001', '0000-00-00 00:00:00', 'U-001', '0000-00-00 00:00:00', 0, 'U-001', '0000-00-00 00:00:00'),
(98, 'Manajemen', 'U-001', '0000-00-00 00:00:00', 'U-001', '0000-00-00 00:00:00', 0, 'U-001', '0000-00-00 00:00:00'),
(99, 'Manajemen Transportasi', 'U-001', '0000-00-00 00:00:00', 'U-001', '0000-00-00 00:00:00', 0, 'U-001', '0000-00-00 00:00:00'),
(100, 'Akuntansi Sektor Publik', 'U-001', '0000-00-00 00:00:00', 'U-001', '0000-00-00 00:00:00', 0, 'U-001', '0000-00-00 00:00:00'),
(101, 'Manajemen Industri Katering', 'U-001', '0000-00-00 00:00:00', 'U-001', '0000-00-00 00:00:00', 0, 'U-001', '0000-00-00 00:00:00'),
(102, 'Administrasi Keuangan', 'U-001', '0000-00-00 00:00:00', 'U-001', '0000-00-00 00:00:00', 0, 'U-001', '0000-00-00 00:00:00'),
(103, 'Manajemen Bisnis Telekomunikasi Informatika', 'U-001', '0000-00-00 00:00:00', 'U-001', '0000-00-00 00:00:00', 0, 'U-001', '0000-00-00 00:00:00'),
(104, 'Ilmu Sejarah', 'U-001', '0000-00-00 00:00:00', 'U-001', '0000-00-00 00:00:00', 0, 'U-001', '0000-00-00 00:00:00'),
(105, 'Sastra Inggris', 'U-001', '0000-00-00 00:00:00', 'U-001', '0000-00-00 00:00:00', 0, 'U-001', '0000-00-00 00:00:00'),
(106, 'Arkeologi', 'U-001', '0000-00-00 00:00:00', 'U-001', '0000-00-00 00:00:00', 0, 'U-001', '0000-00-00 00:00:00'),
(107, 'Sastra Jawa', 'U-001', '0000-00-00 00:00:00', 'U-001', '0000-00-00 00:00:00', 0, 'U-001', '0000-00-00 00:00:00'),
(108, 'Sastra Arab', 'U-001', '0000-00-00 00:00:00', 'U-001', '0000-00-00 00:00:00', 0, 'U-001', '0000-00-00 00:00:00'),
(109, 'Sastra Jepang', 'U-001', '0000-00-00 00:00:00', 'U-001', '0000-00-00 00:00:00', 0, 'U-001', '0000-00-00 00:00:00'),
(110, 'Sastra Indonesia', 'U-001', '0000-00-00 00:00:00', 'U-001', '0000-00-00 00:00:00', 0, 'U-001', '0000-00-00 00:00:00'),
(111, 'Sastra Rusia', 'U-001', '0000-00-00 00:00:00', 'U-001', '0000-00-00 00:00:00', 0, 'U-001', '0000-00-00 00:00:00'),
(112, 'Sastra Perancis', 'U-001', '0000-00-00 00:00:00', 'U-001', '0000-00-00 00:00:00', 0, 'U-001', '0000-00-00 00:00:00'),
(113, 'Sastra Korea', 'U-001', '0000-00-00 00:00:00', 'U-001', '0000-00-00 00:00:00', 0, 'U-001', '0000-00-00 00:00:00'),
(114, 'Sastra Jerman', 'U-001', '0000-00-00 00:00:00', 'U-001', '0000-00-00 00:00:00', 0, 'U-001', '0000-00-00 00:00:00'),
(115, 'Sastra Belanda', 'U-001', '0000-00-00 00:00:00', 'U-001', '0000-00-00 00:00:00', 0, 'U-001', '0000-00-00 00:00:00'),
(116, 'Sastra Cina', 'U-001', '0000-00-00 00:00:00', 'U-001', '0000-00-00 00:00:00', 0, 'U-001', '0000-00-00 00:00:00'),
(117, 'Sastra Sunda', 'U-001', '0000-00-00 00:00:00', 'U-001', '0000-00-00 00:00:00', 0, 'U-001', '0000-00-00 00:00:00'),
(118, 'Sastra Bali', 'U-001', '0000-00-00 00:00:00', 'U-001', '0000-00-00 00:00:00', 0, 'U-001', '0000-00-00 00:00:00'),
(119, 'Sastra Slavia', 'U-001', '0000-00-00 00:00:00', 'U-001', '0000-00-00 00:00:00', 0, 'U-001', '0000-00-00 00:00:00'),
(120, 'Sastra Minangkabau', 'U-001', '0000-00-00 00:00:00', 'U-001', '0000-00-00 00:00:00', 0, 'U-001', '0000-00-00 00:00:00'),
(121, 'Sastra Nusantara', 'U-001', '0000-00-00 00:00:00', 'U-001', '0000-00-00 00:00:00', 0, 'U-001', '0000-00-00 00:00:00'),
(122, 'Sejarah dan Kebudayaan Islam', 'U-001', '0000-00-00 00:00:00', 'U-001', '0000-00-00 00:00:00', 0, 'U-001', '0000-00-00 00:00:00'),
(123, 'Teknik Informatika', 'U-001', '0000-00-00 00:00:00', 'U-001', '0000-00-00 00:00:00', 0, 'U-001', '0000-00-00 00:00:00'),
(124, 'Mobile Application & Technology', 'U-001', '0000-00-00 00:00:00', 'U-001', '0000-00-00 00:00:00', 0, 'U-001', '0000-00-00 00:00:00'),
(125, 'Sistem Informasi (Manajemen Informatika)', 'U-001', '0000-00-00 00:00:00', 'U-001', '0000-00-00 00:00:00', 0, 'U-001', '0000-00-00 00:00:00'),
(126, 'Teknologi Game', 'U-001', '0000-00-00 00:00:00', 'U-001', '0000-00-00 00:00:00', 0, 'U-001', '0000-00-00 00:00:00'),
(127, 'Ilmu Komputasi', 'U-001', '0000-00-00 00:00:00', 'U-001', '0000-00-00 00:00:00', 0, 'U-001', '0000-00-00 00:00:00'),
(128, 'Cyber Security', 'U-001', '0000-00-00 00:00:00', 'U-001', '0000-00-00 00:00:00', 0, 'U-001', '0000-00-00 00:00:00'),
(129, 'Bioinformatika', 'U-001', '0000-00-00 00:00:00', 'U-001', '0000-00-00 00:00:00', 0, 'U-001', '0000-00-00 00:00:00'),
(130, 'Sistem Komputer (Teknik Komputer)', 'U-001', '0000-00-00 00:00:00', 'U-001', '0000-00-00 00:00:00', 0, 'U-001', '0000-00-00 00:00:00'),
(131, 'Sistem Informasi Bisnis', 'U-001', '0000-00-00 00:00:00', 'U-001', '0000-00-00 00:00:00', 0, 'U-001', '0000-00-00 00:00:00'),
(132, 'Software Engineering', 'U-001', '0000-00-00 00:00:00', 'U-001', '0000-00-00 00:00:00', 0, 'U-001', '0000-00-00 00:00:00'),
(133, 'Sistem dan Teknologi Informasi', 'U-001', '0000-00-00 00:00:00', 'U-001', '0000-00-00 00:00:00', 0, 'U-001', '0000-00-00 00:00:00'),
(134, 'Computerized Accounting', 'U-001', '0000-00-00 00:00:00', 'U-001', '0000-00-00 00:00:00', 0, 'U-001', '0000-00-00 00:00:00'),
(135, 'Information Systems Audit', 'U-001', '0000-00-00 00:00:00', 'U-001', '0000-00-00 00:00:00', 0, 'U-001', '0000-00-00 00:00:00'),
(136, 'Accounting Information', 'U-001', '0000-00-00 00:00:00', 'U-001', '2018-08-09 16:10:27', 0, 'U-001', '0000-00-00 00:00:00'),
(137, 'Audio Engineering', 'U-001', '0000-00-00 00:00:00', 'U-001', '0000-00-00 00:00:00', 0, 'U-001', '0000-00-00 00:00:00'),
(138, 'Ilmu Komputer', 'U-001', '0000-00-00 00:00:00', 'U-001', '0000-00-00 00:00:00', 0, 'U-001', '0000-00-00 00:00:00'),
(139, 'Human Computer Interaction', 'U-001', '0000-00-00 00:00:00', 'U-001', '0000-00-00 00:00:00', 0, 'U-001', '0000-00-00 00:00:00'),
(140, 'Pendidikan Guru Sekolah Dasar (PGSD)', 'U-001', '0000-00-00 00:00:00', 'U-001', '0000-00-00 00:00:00', 0, 'U-001', '0000-00-00 00:00:00'),
(141, 'Manajemen Pendidikan', 'U-001', '0000-00-00 00:00:00', 'U-001', '0000-00-00 00:00:00', 0, 'U-001', '0000-00-00 00:00:00'),
(142, 'Kurikulum dan Teknologi Pendidikan', 'U-001', '0000-00-00 00:00:00', 'U-001', '0000-00-00 00:00:00', 0, 'U-001', '0000-00-00 00:00:00'),
(143, 'Pendidikan Luar Sekolah', 'U-001', '0000-00-00 00:00:00', 'U-001', '0000-00-00 00:00:00', 0, 'U-001', '0000-00-00 00:00:00'),
(144, 'Pendidikan Luar Biasa (PLB)', 'U-001', '0000-00-00 00:00:00', 'U-001', '0000-00-00 00:00:00', 0, 'U-001', '0000-00-00 00:00:00'),
(145, 'Pendidikan Anak Usia Dini (PAUD)', 'U-001', '0000-00-00 00:00:00', 'U-001', '0000-00-00 00:00:00', 0, 'U-001', '0000-00-00 00:00:00'),
(146, 'Administrasi Pendidikan', 'U-001', '0000-00-00 00:00:00', 'U-001', '0000-00-00 00:00:00', 0, 'U-001', '0000-00-00 00:00:00'),
(147, 'Pendidikan Bimbingan Konseling', 'U-001', '0000-00-00 00:00:00', 'U-001', '0000-00-00 00:00:00', 0, 'U-001', '0000-00-00 00:00:00'),
(148, 'Ilmu Perpustakaan', 'U-001', '0000-00-00 00:00:00', 'U-001', '0000-00-00 00:00:00', 0, 'U-001', '0000-00-00 00:00:00'),
(149, 'Teologi', 'U-001', '0000-00-00 00:00:00', 'U-001', '0000-00-00 00:00:00', 0, 'U-001', '0000-00-00 00:00:00'),
(150, 'Pendidikan Kependudukan', 'U-001', '0000-00-00 00:00:00', 'U-001', '0000-00-00 00:00:00', 0, 'U-001', '0000-00-00 00:00:00'),
(151, 'Tafsir Hadits', 'U-001', '0000-00-00 00:00:00', 'U-001', '0000-00-00 00:00:00', 0, 'U-001', '0000-00-00 00:00:00'),
(152, 'Pendidikan Pancasila dan Kewarganegaraan', 'U-001', '0000-00-00 00:00:00', 'U-001', '0000-00-00 00:00:00', 0, 'U-001', '0000-00-00 00:00:00'),
(153, 'Pendidikan Agama Islam', 'U-001', '0000-00-00 00:00:00', 'U-001', '0000-00-00 00:00:00', 0, 'U-001', '0000-00-00 00:00:00'),
(154, 'Pendidikan Kepelatihan Olahraga', 'U-001', '0000-00-00 00:00:00', 'U-001', '0000-00-00 00:00:00', 0, 'U-001', '0000-00-00 00:00:00'),
(155, 'Pendidikan Jasmani Kesehatan dan Rekreasi', 'U-001', '0000-00-00 00:00:00', 'U-001', '0000-00-00 00:00:00', 0, 'U-001', '0000-00-00 00:00:00'),
(156, 'Pendidikan Ilmu Pengetahuan Alam', 'U-001', '0000-00-00 00:00:00', 'U-001', '0000-00-00 00:00:00', 0, 'U-001', '0000-00-00 00:00:00'),
(157, 'Pendidikan Bahasa Inggris', 'U-001', '0000-00-00 00:00:00', 'U-001', '0000-00-00 00:00:00', 0, 'U-001', '0000-00-00 00:00:00'),
(158, 'Pendidikan Bahasa dan Sastra Indonesia', 'U-001', '0000-00-00 00:00:00', 'U-001', '0000-00-00 00:00:00', 0, 'U-001', '0000-00-00 00:00:00'),
(159, 'Pendidikan Sejarah', 'U-001', '0000-00-00 00:00:00', 'U-001', '0000-00-00 00:00:00', 0, 'U-001', '0000-00-00 00:00:00'),
(160, 'Pendidikan Matematika', 'U-001', '0000-00-00 00:00:00', 'U-001', '0000-00-00 00:00:00', 0, 'U-001', '0000-00-00 00:00:00'),
(161, 'Manajemen Pendidikan Islam', 'U-001', '0000-00-00 00:00:00', 'U-001', '0000-00-00 00:00:00', 0, 'U-001', '0000-00-00 00:00:00'),
(162, 'Pendidikan Geografi', 'U-001', '0000-00-00 00:00:00', 'U-001', '0000-00-00 00:00:00', 0, 'U-001', '0000-00-00 00:00:00'),
(163, 'Pendidikan Bahasa Arab', 'U-001', '0000-00-00 00:00:00', 'U-001', '0000-00-00 00:00:00', 0, 'U-001', '0000-00-00 00:00:00'),
(164, 'Agronomi dan Hortikultura', 'U-001', '0000-00-00 00:00:00', 'U-001', '0000-00-00 00:00:00', 0, 'U-001', '0000-00-00 00:00:00'),
(165, 'Mikrobiologi Pertanian', 'U-001', '0000-00-00 00:00:00', 'U-001', '0000-00-00 00:00:00', 0, 'U-001', '0000-00-00 00:00:00'),
(166, 'Agribisnis (Sosial Ekonomi Pertanian)', 'U-001', '0000-00-00 00:00:00', 'U-001', '0000-00-00 00:00:00', 0, 'U-001', '0000-00-00 00:00:00'),
(167, 'Agroteknologi', 'U-001', '0000-00-00 00:00:00', 'U-001', '0000-00-00 00:00:00', 0, 'U-001', '0000-00-00 00:00:00'),
(168, 'Ilmu Kelautan', 'U-001', '0000-00-00 00:00:00', 'U-001', '0000-00-00 00:00:00', 0, 'U-001', '0000-00-00 00:00:00'),
(169, 'Peternakan', 'U-001', '0000-00-00 00:00:00', 'U-001', '0000-00-00 00:00:00', 0, 'U-001', '0000-00-00 00:00:00'),
(170, 'Agroeteknologi', 'U-001', '0000-00-00 00:00:00', 'U-001', '0000-00-00 00:00:00', 0, 'U-001', '0000-00-00 00:00:00'),
(171, 'Kehutanan', 'U-001', '0000-00-00 00:00:00', 'U-001', '0000-00-00 00:00:00', 0, 'U-001', '0000-00-00 00:00:00'),
(172, 'Budidaya Perairan (Akuakultur)', 'U-001', '0000-00-00 00:00:00', 'U-001', '0000-00-00 00:00:00', 0, 'U-001', '0000-00-00 00:00:00'),
(173, 'Teknologi Pangan', 'U-001', '0000-00-00 00:00:00', 'U-001', '0000-00-00 00:00:00', 0, 'U-001', '0000-00-00 00:00:00'),
(174, 'Rekayasa Pertanian', 'U-001', '0000-00-00 00:00:00', 'U-001', '0000-00-00 00:00:00', 0, 'U-001', '0000-00-00 00:00:00'),
(175, 'Teknologi Pasca Panen', 'U-001', '0000-00-00 00:00:00', 'U-001', '0000-00-00 00:00:00', 0, 'U-001', '0000-00-00 00:00:00'),
(176, 'Teknologi Hasil Hutan', 'U-001', '0000-00-00 00:00:00', 'U-001', '0000-00-00 00:00:00', 0, 'U-001', '0000-00-00 00:00:00'),
(177, 'Silvikulutur', 'U-001', '0000-00-00 00:00:00', 'U-001', '0000-00-00 00:00:00', 0, 'U-001', '0000-00-00 00:00:00'),
(178, 'Konservasi Sumberdaya Hutan dan Ekowisata', 'U-001', '0000-00-00 00:00:00', 'U-001', '0000-00-00 00:00:00', 0, 'U-001', '0000-00-00 00:00:00'),
(179, 'Ilmu Hama dan Penyakit Tumbuhan (Proteksi Tanaman)', 'U-001', '0000-00-00 00:00:00', 'U-001', '0000-00-00 00:00:00', 0, 'U-001', '0000-00-00 00:00:00'),
(180, 'Teknologi Industri Pertanian (Agroindustri)', 'U-001', '0000-00-00 00:00:00', 'U-001', '0000-00-00 00:00:00', 0, 'U-001', '0000-00-00 00:00:00'),
(181, 'Manajemen Sumberdaya Lahan (Ilmu Tanah)', 'U-001', '0000-00-00 00:00:00', 'U-001', '0000-00-00 00:00:00', 0, 'U-001', '0000-00-00 00:00:00'),
(182, 'Teknologi Hasil Perikanan', 'U-001', '0000-00-00 00:00:00', 'U-001', '0000-00-00 00:00:00', 0, 'U-001', '0000-00-00 00:00:00'),
(183, 'Agrobisnis Perikanan (Sosial Ekonomi Perikanan)', 'U-001', '0000-00-00 00:00:00', 'U-001', '0000-00-00 00:00:00', 0, 'U-001', '0000-00-00 00:00:00'),
(184, 'Pengelolaan Hutan', 'U-001', '0000-00-00 00:00:00', 'U-001', '0000-00-00 00:00:00', 0, 'U-001', '0000-00-00 00:00:00'),
(185, 'Pemanfaatan Sumberdaya Perikanan', 'U-001', '0000-00-00 00:00:00', 'U-001', '0000-00-00 00:00:00', 0, 'U-001', '0000-00-00 00:00:00'),
(186, 'Teknologi Industri Benih', 'U-001', '0000-00-00 00:00:00', 'U-001', '0000-00-00 00:00:00', 0, 'U-001', '0000-00-00 00:00:00'),
(187, 'Produksi Ternak', 'U-001', '0000-00-00 00:00:00', 'U-001', '0000-00-00 00:00:00', 0, 'U-001', '0000-00-00 00:00:00'),
(188, 'Teknologi Hasil Ternak', 'U-001', '0000-00-00 00:00:00', 'U-001', '0000-00-00 00:00:00', 0, 'U-001', '0000-00-00 00:00:00'),
(189, 'Rekayasa Pertanian', 'U-001', '0000-00-00 00:00:00', 'U-001', '0000-00-00 00:00:00', 0, 'U-001', '0000-00-00 00:00:00'),
(190, 'Budidaya Perikanan', 'U-001', '0000-00-00 00:00:00', 'U-001', '0000-00-00 00:00:00', 0, 'U-001', '0000-00-00 00:00:00'),
(191, 'Manajemen Sumber Daya Perairan', 'U-001', '0000-00-00 00:00:00', 'U-001', '0000-00-00 00:00:00', 0, 'U-001', '0000-00-00 00:00:00'),
(192, 'Manajemen Hutan', 'U-001', '0000-00-00 00:00:00', 'U-001', '0000-00-00 00:00:00', 0, 'U-001', '0000-00-00 00:00:00'),
(193, 'Penyuluhan dan Komunikasi Pertanian', 'U-001', '0000-00-00 00:00:00', 'U-001', '0000-00-00 00:00:00', 0, 'U-001', '0000-00-00 00:00:00'),
(194, 'Teknik Pertanian', 'U-001', '0000-00-00 00:00:00', 'U-001', '0000-00-00 00:00:00', 0, 'U-001', '0000-00-00 00:00:00'),
(195, 'Manajemen Bisnis Unggas', 'U-001', '0000-00-00 00:00:00', 'U-001', '0000-00-00 00:00:00', 0, 'U-001', '0000-00-00 00:00:00'),
(196, 'Pariwisata', 'U-001', '0000-00-00 00:00:00', 'U-001', '0000-00-00 00:00:00', 0, 'U-001', '0000-00-00 00:00:00'),
(197, 'Pendidikan Kepolisian', 'U-001', '0000-00-00 00:00:00', 'U-001', '0000-00-00 00:00:00', 0, 'U-001', '0000-00-00 00:00:00'),
(198, 'Pendidikan Militer', 'U-001', '0000-00-00 00:00:00', 'U-001', '0000-00-00 00:00:00', 0, 'U-001', '0000-00-00 00:00:00'),
(199, 'Penerbang (Pendidikan Pilot)', 'U-001', '0000-00-00 00:00:00', 'U-001', '0000-00-00 00:00:00', 0, 'U-001', '0000-00-00 00:00:00'),
(200, 'Pendidikan Intelijen', 'U-001', '0000-00-00 00:00:00', 'U-001', '0000-00-00 00:00:00', 0, 'U-001', '0000-00-00 00:00:00'),
(201, 'Komunikasi Penerbangan', 'U-001', '0000-00-00 00:00:00', 'U-001', '0000-00-00 00:00:00', 0, 'U-001', '0000-00-00 00:00:00'),
(202, 'Lalu Lintas Udara', 'U-001', '0000-00-00 00:00:00', 'U-001', '0000-00-00 00:00:00', 0, 'U-001', '0000-00-00 00:00:00'),
(203, 'Manajemen Logistik', 'U-001', '0000-00-00 00:00:00', 'U-001', '0000-00-00 00:00:00', 0, 'U-001', '0000-00-00 00:00:00'),
(204, 'Desain Interior', 'U-001', '0000-00-00 00:00:00', 'U-001', '0000-00-00 00:00:00', 0, 'U-001', '0000-00-00 00:00:00'),
(205, 'Desain Produk', 'U-001', '0000-00-00 00:00:00', 'U-001', '0000-00-00 00:00:00', 0, 'U-001', '0000-00-00 00:00:00'),
(206, 'Furniture Design', 'U-001', '0000-00-00 00:00:00', 'U-001', '0000-00-00 00:00:00', 0, 'U-001', '0000-00-00 00:00:00'),
(207, 'Tata Boga', 'U-001', '0000-00-00 00:00:00', 'U-001', '0000-00-00 00:00:00', 0, 'U-001', '0000-00-00 00:00:00'),
(208, 'Desain Grafis', 'U-001', '0000-00-00 00:00:00', 'U-001', '0000-00-00 00:00:00', 0, 'U-001', '0000-00-00 00:00:00'),
(209, 'Animasi', 'U-001', '0000-00-00 00:00:00', 'U-001', '0000-00-00 00:00:00', 0, 'U-001', '0000-00-00 00:00:00'),
(210, 'DKV New Media', 'U-001', '0000-00-00 00:00:00', 'U-001', '0000-00-00 00:00:00', 0, 'U-001', '0000-00-00 00:00:00'),
(211, 'DKV Creative Advertising', 'U-001', '0000-00-00 00:00:00', 'U-001', '0000-00-00 00:00:00', 0, 'U-001', '0000-00-00 00:00:00'),
(212, 'Teknik Pertambangan', 'U-001', '0000-00-00 00:00:00', 'U-001', '0000-00-00 00:00:00', 0, 'U-001', '0000-00-00 00:00:00'),
(213, 'Teknik Kelautan', 'U-001', '0000-00-00 00:00:00', 'U-001', '0000-00-00 00:00:00', 0, 'U-001', '0000-00-00 00:00:00'),
(214, 'Teknik Lingkungan', 'U-001', '0000-00-00 00:00:00', 'U-001', '0000-00-00 00:00:00', 0, 'U-001', '0000-00-00 00:00:00'),
(215, 'Teknik Metalurgi', 'U-001', '0000-00-00 00:00:00', 'U-001', '0000-00-00 00:00:00', 0, 'U-001', '0000-00-00 00:00:00'),
(216, 'Teknik Sipil', 'U-001', '0000-00-00 00:00:00', 'U-001', '0000-00-00 00:00:00', 0, 'U-001', '0000-00-00 00:00:00'),
(217, 'Arsitektur', 'U-001', '0000-00-00 00:00:00', 'U-001', '0000-00-00 00:00:00', 0, 'U-001', '0000-00-00 00:00:00'),
(218, 'Teknik Geodesi', 'U-001', '0000-00-00 00:00:00', 'U-001', '0000-00-00 00:00:00', 0, 'U-001', '0000-00-00 00:00:00'),
(219, 'Teknik Elektro', 'U-001', '0000-00-00 00:00:00', 'U-001', '0000-00-00 00:00:00', 0, 'U-001', '0000-00-00 00:00:00'),
(220, 'Teknik Mesin', 'U-001', '0000-00-00 00:00:00', 'U-001', '0000-00-00 00:00:00', 0, 'U-001', '0000-00-00 00:00:00'),
(221, 'Teknik Industri', 'U-001', '0000-00-00 00:00:00', 'U-001', '0000-00-00 00:00:00', 0, 'U-001', '0000-00-00 00:00:00'),
(222, 'Teknik Perkapalan', 'U-001', '0000-00-00 00:00:00', 'U-001', '0000-00-00 00:00:00', 0, 'U-001', '0000-00-00 00:00:00'),
(223, 'Teknik Perencanaan Wilayah dan Kota (Planologi)', 'U-001', '0000-00-00 00:00:00', 'U-001', '0000-00-00 00:00:00', 0, 'U-001', '0000-00-00 00:00:00'),
(224, 'Teknik Penerbangan (Aeronautika dan Astronautika)', 'U-001', '0000-00-00 00:00:00', 'U-001', '0000-00-00 00:00:00', 0, 'U-001', '0000-00-00 00:00:00'),
(225, 'Oseanografi', 'U-001', '0000-00-00 00:00:00', 'U-001', '0000-00-00 00:00:00', 0, 'U-001', '0000-00-00 00:00:00'),
(226, 'Teknik Nuklir', 'U-001', '0000-00-00 00:00:00', 'U-001', '0000-00-00 00:00:00', 0, 'U-001', '0000-00-00 00:00:00'),
(227, 'Teknik Geologi', 'U-001', '0000-00-00 00:00:00', 'U-001', '0000-00-00 00:00:00', 0, 'U-001', '0000-00-00 00:00:00'),
(228, 'Teknik Otomotif', 'U-001', '0000-00-00 00:00:00', 'U-001', '0000-00-00 00:00:00', 0, 'U-001', '0000-00-00 00:00:00'),
(229, 'Teknobiomedik', 'U-001', '0000-00-00 00:00:00', 'U-001', '0000-00-00 00:00:00', 0, 'U-001', '0000-00-00 00:00:00'),
(230, 'Teknik Perancangan Jalan dan Jembatan', 'U-001', '0000-00-00 00:00:00', 'U-001', '0000-00-00 00:00:00', 0, 'U-001', '0000-00-00 00:00:00'),
(231, 'Teknik Refrigerasi dan Tata Udara', 'U-001', '0000-00-00 00:00:00', 'U-001', '0000-00-00 00:00:00', 0, 'U-001', '0000-00-00 00:00:00'),
(232, 'Teknik Telekomunikasi', 'U-001', '0000-00-00 00:00:00', 'U-001', '0000-00-00 00:00:00', 0, 'U-001', '0000-00-00 00:00:00'),
(233, 'Teknologi Bioproses', 'U-001', '0000-00-00 00:00:00', 'U-001', '0000-00-00 00:00:00', 0, 'U-001', '0000-00-00 00:00:00'),
(234, 'Teknik Grafika', 'U-001', '0000-00-00 00:00:00', 'U-001', '0000-00-00 00:00:00', 0, 'U-001', '0000-00-00 00:00:00'),
(235, 'Transportasi Laut', 'U-001', '0000-00-00 00:00:00', 'U-001', '0000-00-00 00:00:00', 0, 'U-001', '0000-00-00 00:00:00'),
(236, 'Teknik Otomasi Manufaktur dan Mekatronika', 'U-001', '0000-00-00 00:00:00', 'U-001', '0000-00-00 00:00:00', 0, 'U-001', '0000-00-00 00:00:00'),
(237, 'Rekayasa hayati', 'U-001', '0000-00-00 00:00:00', 'U-001', '0000-00-00 00:00:00', 0, 'U-001', '0000-00-00 00:00:00'),
(238, 'Teknik Material', 'U-001', '0000-00-00 00:00:00', 'U-001', '0000-00-00 00:00:00', 0, 'U-001', '0000-00-00 00:00:00'),
(239, 'Automotive and Robotics Engineering', 'U-001', '0000-00-00 00:00:00', 'U-001', '0000-00-00 00:00:00', 0, 'U-001', '0000-00-00 00:00:00'),
(240, 'Teknik Tenaga Listrik', 'U-001', '0000-00-00 00:00:00', 'U-001', '0000-00-00 00:00:00', 0, 'U-001', '0000-00-00 00:00:00'),
(241, 'Teknik Sistem Komputer', 'U-001', '0000-00-00 00:00:00', 'U-001', '0000-00-00 00:00:00', 0, 'U-001', '0000-00-00 00:00:00'),
(242, 'Manajemen Rekayasa Industri', 'U-001', '0000-00-00 00:00:00', 'U-001', '0000-00-00 00:00:00', 0, 'U-001', '0000-00-00 00:00:00'),
(243, 'Teknik Bioenergi dan Kemurgi', 'U-001', '0000-00-00 00:00:00', 'U-001', '0000-00-00 00:00:00', 0, 'U-001', '0000-00-00 00:00:00'),
(244, 'Industrial RoboticsDesign', 'U-001', '0000-00-00 00:00:00', 'U-001', '0000-00-00 00:00:00', 0, 'U-001', '0000-00-00 00:00:00'),
(245, 'Teknik Kimia', 'U-001', '0000-00-00 00:00:00', 'U-001', '0000-00-00 00:00:00', 0, 'U-001', '0000-00-00 00:00:00'),
(246, 'Teknik Fisika', 'U-001', '0000-00-00 00:00:00', 'U-001', '0000-00-00 00:00:00', 0, 'U-001', '0000-00-00 00:00:00'),
(247, 'Teknik Geomatika', 'U-001', '0000-00-00 00:00:00', 'U-001', '0000-00-00 00:00:00', 0, 'U-001', '0000-00-00 00:00:00'),
(248, 'Teknik Perminyakan', 'U-001', '0000-00-00 00:00:00', 'U-001', '0000-00-00 00:00:00', 0, 'U-001', '0000-00-00 00:00:00'),
(249, 'Teknik Alat Berat', 'U-001', '0000-00-00 00:00:00', 'U-001', '0000-00-00 00:00:00', 0, 'U-001', '0000-00-00 00:00:00'),
(250, 'Rekayasa Infrastruktur Lingkungan', 'U-001', '0000-00-00 00:00:00', 'U-001', '0000-00-00 00:00:00', 0, 'U-001', '0000-00-00 00:00:00'),
(251, 'Teknik Pesawat Udara', 'U-001', '0000-00-00 00:00:00', 'U-001', '0000-00-00 00:00:00', 0, 'U-001', '0000-00-00 00:00:00'),
(252, 'Teknik Telekomunikasi dan Navigasi Udara', 'U-001', '0000-00-00 00:00:00', 'U-001', '0000-00-00 00:00:00', 0, 'U-001', '0000-00-00 00:00:00'),
(253, 'Teknik Bangunan dan Landasan', 'U-001', '0000-00-00 00:00:00', 'U-001', '0000-00-00 00:00:00', 0, 'U-001', '0000-00-00 00:00:00'),
(254, 'Teknik Listrik Bandara', 'U-001', '0000-00-00 00:00:00', 'U-001', '0000-00-00 00:00:00', 0, 'U-001', '0000-00-00 00:00:00'),
(255, 'Teknik Ekonomi Konstruksi (Quantity Surveyor)', 'U-001', '0000-00-00 00:00:00', 'U-001', '0000-00-00 00:00:00', 0, 'U-001', '0000-00-00 00:00:00'),
(256, 'Teknik Sistem Perkapalan', 'U-001', '0000-00-00 00:00:00', 'U-001', '0000-00-00 00:00:00', 0, 'U-001', '0000-00-00 00:00:00'),
(257, 'Teknik Pengairan (Sumber Daya Air)', 'U-001', '0000-00-00 00:00:00', 'U-001', '0000-00-00 00:00:00', 0, 'U-001', '0000-00-00 00:00:00'),
(258, 'Meteorologi Terapan', 'U-001', '0000-00-00 00:00:00', 'U-001', '0000-00-00 00:00:00', 0, 'U-001', '0000-00-00 00:00:00'),
(259, 'Arsitektur Lanskap', 'U-001', '0000-00-00 00:00:00', 'U-001', '0000-00-00 00:00:00', 0, 'U-001', '0000-00-00 00:00:00'),
(260, 'Teknik Konversi Energi', 'U-001', '0000-00-00 00:00:00', 'U-001', '0000-00-00 00:00:00', 0, 'U-001', '0000-00-00 00:00:00'),
(261, 'Teknik Perpipaan', 'U-001', '0000-00-00 00:00:00', 'U-001', '0000-00-00 00:00:00', 0, 'U-001', '0000-00-00 00:00:00');

-- --------------------------------------------------------

--
-- Struktur dari tabel `instansi_asal`
--

CREATE TABLE `instansi_asal` (
  `id` int(11) NOT NULL,
  `nama_instansi` varchar(100) NOT NULL,
  `created_by` varchar(10) DEFAULT NULL,
  `created_date` datetime NOT NULL DEFAULT CURRENT_TIMESTAMP,
  `last_modified_by` varchar(10) DEFAULT NULL,
  `last_modified_date` datetime DEFAULT NULL,
  `is_deleted` tinyint(1) NOT NULL DEFAULT '0',
  `deleted_by` varchar(10) DEFAULT NULL,
  `deleted_date` datetime DEFAULT NULL
) ENGINE=InnoDB DEFAULT CHARSET=latin1;

--
-- Dumping data untuk tabel `instansi_asal`
--

INSERT INTO `instansi_asal` (`id`, `nama_instansi`, `created_by`, `created_date`, `last_modified_by`, `last_modified_date`, `is_deleted`, `deleted_by`, `deleted_date`) VALUES
(1, 'aasdas', 'U-001', '2018-08-05 06:57:35', 'U-001', '2018-08-05 06:59:20', 1, 'U-001', '2018-08-05 06:59:41'),
(2, 'vbcfgdfg', 'U-001', '2018-08-05 07:01:00', NULL, '0000-00-00 00:00:00', 1, 'U-001', '2018-08-05 07:01:14'),
(3, 'hjghjghjgh', 'U-001', '2018-08-05 07:01:06', NULL, '0000-00-00 00:00:00', 1, 'U-001', '2018-08-05 07:01:14'),
(4, 'alskdjlasd', 'U-001', '2018-08-05 08:23:44', NULL, '0000-00-00 00:00:00', 1, 'U-001', '2018-08-05 08:24:52'),
(5, 'alksjdalsd', 'U-001', '2018-08-05 08:24:57', NULL, NULL, 0, NULL, NULL),
(6, 'Kementerian Koordinator Bidang Polhukam', 'U-001', '0000-00-00 00:00:00', 'U-001', '0000-00-00 00:00:00', 0, 'U-001', '0000-00-00 00:00:00'),
(7, 'Kementerian Koordinator Bidang Kesra', 'U-001', '0000-00-00 00:00:00', 'U-001', '0000-00-00 00:00:00', 0, 'U-001', '0000-00-00 00:00:00'),
(8, 'Kementerian Koordinator Bidang Perekonomian', 'U-001', '0000-00-00 00:00:00', 'U-001', '0000-00-00 00:00:00', 0, 'U-001', '0000-00-00 00:00:00'),
(9, 'Kementerian Dalam Negeri', 'U-001', '0000-00-00 00:00:00', 'U-001', '0000-00-00 00:00:00', 0, 'U-001', '0000-00-00 00:00:00'),
(10, 'Kementerian Luar Negeri', 'U-001', '0000-00-00 00:00:00', 'U-001', '0000-00-00 00:00:00', 0, 'U-001', '0000-00-00 00:00:00'),
(11, 'Kementerian Pertahanan', 'U-001', '0000-00-00 00:00:00', 'U-001', '0000-00-00 00:00:00', 0, 'U-001', '0000-00-00 00:00:00'),
(12, 'Kementerian Hukum dan HAM', 'U-001', '0000-00-00 00:00:00', 'U-001', '0000-00-00 00:00:00', 0, 'U-001', '0000-00-00 00:00:00'),
(13, 'Kementerian Keuangan', 'U-001', '0000-00-00 00:00:00', 'U-001', '0000-00-00 00:00:00', 0, 'U-001', '0000-00-00 00:00:00'),
(14, 'Kementerian ESDM', 'U-001', '0000-00-00 00:00:00', 'U-001', '0000-00-00 00:00:00', 0, 'U-001', '0000-00-00 00:00:00'),
(15, 'Kementerian Perindustrian', 'U-001', '0000-00-00 00:00:00', 'U-001', '0000-00-00 00:00:00', 0, 'U-001', '0000-00-00 00:00:00'),
(16, 'Kementerian Perdagangan', 'U-001', '0000-00-00 00:00:00', 'U-001', '0000-00-00 00:00:00', 0, 'U-001', '0000-00-00 00:00:00'),
(17, 'Kementerian Pertanian', 'U-001', '0000-00-00 00:00:00', 'U-001', '0000-00-00 00:00:00', 0, 'U-001', '0000-00-00 00:00:00'),
(18, 'Kementerian Kehutanan', 'U-001', '0000-00-00 00:00:00', 'U-001', '0000-00-00 00:00:00', 0, 'U-001', '0000-00-00 00:00:00'),
(19, 'Kementerian Perhubungan', 'U-001', '0000-00-00 00:00:00', 'U-001', '0000-00-00 00:00:00', 0, 'U-001', '0000-00-00 00:00:00'),
(20, 'Kementerian Kelautan dan Perikanan', 'U-001', '0000-00-00 00:00:00', 'U-001', '0000-00-00 00:00:00', 0, 'U-001', '0000-00-00 00:00:00'),
(21, 'Kementerian Tenaga Kerja dan Transmigrasi', 'U-001', '0000-00-00 00:00:00', 'U-001', '0000-00-00 00:00:00', 0, 'U-001', '0000-00-00 00:00:00'),
(22, 'Kementerian Kesehatan', 'U-001', '0000-00-00 00:00:00', 'U-001', '0000-00-00 00:00:00', 0, 'U-001', '0000-00-00 00:00:00'),
(23, 'Kementerian Pekerjaan Umum', 'U-001', '0000-00-00 00:00:00', 'U-001', '0000-00-00 00:00:00', 0, 'U-001', '0000-00-00 00:00:00'),
(24, 'Kementerian Pendidikan dan Kebudayaan', 'U-001', '0000-00-00 00:00:00', 'U-001', '0000-00-00 00:00:00', 0, 'U-001', '0000-00-00 00:00:00'),
(25, 'Kementerian Sosial', 'U-001', '0000-00-00 00:00:00', 'U-001', '0000-00-00 00:00:00', 0, 'U-001', '0000-00-00 00:00:00'),
(26, 'Kementerian Pariwisata dan Ekonomi Kreatif', 'U-001', '0000-00-00 00:00:00', 'U-001', '0000-00-00 00:00:00', 0, 'U-001', '0000-00-00 00:00:00'),
(27, 'Kementerian Lingkungan Hidup', 'U-001', '0000-00-00 00:00:00', 'U-001', '0000-00-00 00:00:00', 0, 'U-001', '0000-00-00 00:00:00'),
(28, 'Kementerian Pemberdayaan Perempuan dan Perlindungan Anak', 'U-001', '0000-00-00 00:00:00', 'U-001', '0000-00-00 00:00:00', 0, 'U-001', '0000-00-00 00:00:00'),
(29, 'Kementerian Perencanaan Pembangunan Nasional', 'U-001', '0000-00-00 00:00:00', 'U-001', '0000-00-00 00:00:00', 0, 'U-001', '0000-00-00 00:00:00'),
(30, 'Kementerian PANRB', 'U-001', '0000-00-00 00:00:00', 'U-001', '0000-00-00 00:00:00', 0, 'U-001', '0000-00-00 00:00:00'),
(31, 'Kementerian Pembangunan Daerah Tertinggal', 'U-001', '0000-00-00 00:00:00', 'U-001', '0000-00-00 00:00:00', 0, 'U-001', '0000-00-00 00:00:00'),
(32, 'Kementerian Perumahan Rakyat', 'U-001', '0000-00-00 00:00:00', 'U-001', '0000-00-00 00:00:00', 0, 'U-001', '0000-00-00 00:00:00'),
(33, 'Kementerian Pemuda dan Olahraga', 'U-001', '0000-00-00 00:00:00', 'U-001', '0000-00-00 00:00:00', 0, 'U-001', '0000-00-00 00:00:00'),
(34, 'Kementerian Sekretariat Negara Lembaga', 'U-001', '0000-00-00 00:00:00', 'U-001', '0000-00-00 00:00:00', 0, 'U-001', '0000-00-00 00:00:00'),
(35, 'Arsip Nasional RI (ANRI)', 'U-001', '0000-00-00 00:00:00', 'U-001', '0000-00-00 00:00:00', 0, 'U-001', '0000-00-00 00:00:00'),
(36, 'Lembaga Administrasi Negara (LAN)', 'U-001', '0000-00-00 00:00:00', 'U-001', '0000-00-00 00:00:00', 0, 'U-001', '0000-00-00 00:00:00'),
(37, 'Badan Kepegawaian Negara (BKN)', 'U-001', '0000-00-00 00:00:00', 'U-001', '0000-00-00 00:00:00', 0, 'U-001', '0000-00-00 00:00:00'),
(38, 'Perpustakaan Nasional (PERPUSNAS)', 'U-001', '0000-00-00 00:00:00', 'U-001', '0000-00-00 00:00:00', 0, 'U-001', '0000-00-00 00:00:00'),
(39, 'Badan Pusat Statistik (BPS)', 'U-001', '0000-00-00 00:00:00', 'U-001', '0000-00-00 00:00:00', 0, 'U-001', '0000-00-00 00:00:00'),
(40, 'Badan Inteljen Negara (BIN)', 'U-001', '0000-00-00 00:00:00', 'U-001', '0000-00-00 00:00:00', 0, 'U-001', '0000-00-00 00:00:00'),
(41, 'Badan Kependudukan dan Keluarga Berencana Nasional (BKKBN)', 'U-001', '0000-00-00 00:00:00', 'U-001', '0000-00-00 00:00:00', 0, 'U-001', '0000-00-00 00:00:00'),
(42, 'Lembaga Penerbangan Antariksa Nasional (LAPAN)', 'U-001', '0000-00-00 00:00:00', 'U-001', '0000-00-00 00:00:00', 0, 'U-001', '0000-00-00 00:00:00'),
(43, 'Badan Informasi Geospasial (BIG)', 'U-001', '0000-00-00 00:00:00', 'U-001', '0000-00-00 00:00:00', 0, 'U-001', '0000-00-00 00:00:00'),
(44, 'Badan Pengawasan Keuangan dan Pembangunan (BPKP)', 'U-001', '0000-00-00 00:00:00', 'U-001', '0000-00-00 00:00:00', 0, 'U-001', '0000-00-00 00:00:00'),
(45, 'Lembaga Ilmu Pengetahuan Indonesia (LIPI)', 'U-001', '0000-00-00 00:00:00', 'U-001', '0000-00-00 00:00:00', 0, 'U-001', '0000-00-00 00:00:00'),
(46, 'Badan Pengkajian dan Penerapan Teknologi (BPPT)', 'U-001', '0000-00-00 00:00:00', 'U-001', '0000-00-00 00:00:00', 0, 'U-001', '0000-00-00 00:00:00'),
(47, 'Badan Koordinasi Penanaman Modal (BKPM)', 'U-001', '0000-00-00 00:00:00', 'U-001', '0000-00-00 00:00:00', 0, 'U-001', '0000-00-00 00:00:00'),
(48, 'Badan Pertanahan Nasional (BPN)', 'U-001', '0000-00-00 00:00:00', 'U-001', '0000-00-00 00:00:00', 0, 'U-001', '0000-00-00 00:00:00'),
(49, 'Badan Pengawasan Obat dan Makanan (BPOM)', 'U-001', '0000-00-00 00:00:00', 'U-001', '0000-00-00 00:00:00', 0, 'U-001', '0000-00-00 00:00:00'),
(50, 'Badan Meteorologi, Klimatologi, dan Geofisika (BMKG)', 'U-001', '0000-00-00 00:00:00', 'U-001', '0000-00-00 00:00:00', 0, 'U-001', '0000-00-00 00:00:00'),
(51, 'Badan Nasionala Penempatan dan Perlindungan Tenaga Kerja Indonesia (BNP2TKI)', 'U-001', '0000-00-00 00:00:00', 'U-001', '0000-00-00 00:00:00', 0, 'U-001', '0000-00-00 00:00:00'),
(52, 'Badan Nasional Penanggulangan Bencana (BNPB)', 'U-001', '0000-00-00 00:00:00', 'U-001', '0000-00-00 00:00:00', 0, 'U-001', '0000-00-00 00:00:00'),
(53, 'Lembaga Pengadaan Barang/Jasa Pemerintah', 'U-001', '0000-00-00 00:00:00', 'U-001', '0000-00-00 00:00:00', 0, 'U-001', '0000-00-00 00:00:00'),
(54, 'Badan SAR Nasional', 'U-001', '0000-00-00 00:00:00', 'U-001', '0000-00-00 00:00:00', 0, 'U-001', '0000-00-00 00:00:00'),
(55, 'Badan Narkotika Nasional (BNN)', 'U-001', '0000-00-00 00:00:00', 'U-001', '0000-00-00 00:00:00', 0, 'U-001', '0000-00-00 00:00:00'),
(56, 'Badan Standarisasi Nasional (BSN)', 'U-001', '0000-00-00 00:00:00', 'U-001', '0000-00-00 00:00:00', 0, 'U-001', '0000-00-00 00:00:00'),
(57, 'Badan Tenaga Nuklir Nasional (BATAN)', 'U-001', '0000-00-00 00:00:00', 'U-001', '0000-00-00 00:00:00', 0, 'U-001', '0000-00-00 00:00:00'),
(58, 'Badan Pengawas Tenaga Nuklir (BAPETEN)', 'U-001', '0000-00-00 00:00:00', 'U-001', '0000-00-00 00:00:00', 0, 'U-001', '0000-00-00 00:00:00'),
(59, 'Badan Nasional Penanggulangan Terorisme RI (BNPT)', 'U-001', '0000-00-00 00:00:00', 'U-001', '0000-00-00 00:00:00', 0, 'U-001', '0000-00-00 00:00:00'),
(60, 'Kejaksaan Agung', 'U-001', '0000-00-00 00:00:00', 'U-001', '0000-00-00 00:00:00', 0, 'U-001', '0000-00-00 00:00:00'),
(61, 'Sekretariat Kabinet', 'U-001', '0000-00-00 00:00:00', 'U-001', '0000-00-00 00:00:00', 0, 'U-001', '0000-00-00 00:00:00'),
(62, 'Sekretariat Jenderal BPK', 'U-001', '0000-00-00 00:00:00', 'U-001', '0000-00-00 00:00:00', 0, 'U-001', '0000-00-00 00:00:00'),
(63, 'Sekretariat Jenderal DPR', 'U-001', '0000-00-00 00:00:00', 'U-001', '0000-00-00 00:00:00', 0, 'U-001', '0000-00-00 00:00:00'),
(64, 'Sekretariat Mahkamah Agung', 'U-001', '0000-00-00 00:00:00', 'U-001', '0000-00-00 00:00:00', 0, 'U-001', '0000-00-00 00:00:00'),
(65, 'Sekretariat Mahkamah Konstitusi', 'U-001', '0000-00-00 00:00:00', 'U-001', '0000-00-00 00:00:00', 0, 'U-001', '0000-00-00 00:00:00'),
(66, 'Sekretariat Komisi Yudisial', 'U-001', '0000-00-00 00:00:00', 'U-001', '0000-00-00 00:00:00', 0, 'U-001', '0000-00-00 00:00:00'),
(67, 'Sekretariat Komisi Nasional HAM', 'U-001', '0000-00-00 00:00:00', 'U-001', '0000-00-00 00:00:00', 0, 'U-001', '0000-00-00 00:00:00'),
(68, 'Sekretariat KPU', 'U-001', '0000-00-00 00:00:00', 'U-001', '0000-00-00 00:00:00', 0, 'U-001', '0000-00-00 00:00:00'),
(69, 'Badan Koordinasi Keamanan Laut (BAKORKAMLA)', 'U-001', '0000-00-00 00:00:00', 'U-001', '0000-00-00 00:00:00', 0, 'U-001', '0000-00-00 00:00:00'),
(70, 'PPATK', 'U-001', '0000-00-00 00:00:00', 'U-001', '0000-00-00 00:00:00', 0, 'U-001', '0000-00-00 00:00:00');

-- --------------------------------------------------------

--
-- Struktur dari tabel `jenjang_studi`
--

CREATE TABLE `jenjang_studi` (
  `id` int(11) NOT NULL,
  `nama_jenjang_studi` varchar(100) NOT NULL,
  `created_by` varchar(10) DEFAULT NULL,
  `created_date` datetime NOT NULL DEFAULT CURRENT_TIMESTAMP,
  `last_modified_by` varchar(10) DEFAULT NULL,
  `last_modified_date` datetime DEFAULT NULL,
  `is_deleted` tinyint(1) NOT NULL DEFAULT '0',
  `deleted_by` varchar(10) DEFAULT NULL,
  `deleted_date` datetime DEFAULT NULL
) ENGINE=InnoDB DEFAULT CHARSET=latin1;

--
-- Dumping data untuk tabel `jenjang_studi`
--

INSERT INTO `jenjang_studi` (`id`, `nama_jenjang_studi`, `created_by`, `created_date`, `last_modified_by`, `last_modified_date`, `is_deleted`, `deleted_by`, `deleted_date`) VALUES
(2, 'S1-LN', 'U-001', '2018-08-06 13:36:23', 'U-001', '2018-08-07 10:04:08', 1, 'U-001', '2018-08-07 15:11:31'),
(3, 'S2-LN', 'U-001', '2018-08-07 10:03:39', 'U-001', '2018-08-07 10:04:17', 1, 'U-001', '2018-08-07 15:11:47'),
(4, 'S3', 'U-001', '2018-08-07 10:03:48', 'U-001', '2018-08-07 15:12:00', 0, NULL, NULL),
(5, 'S1', 'U-001', '2018-08-07 10:04:39', 'U-001', '2018-08-07 15:11:26', 0, NULL, NULL),
(6, 'S2', 'U-001', '2018-08-07 10:04:52', 'U-001', '2018-08-07 15:11:36', 0, NULL, NULL),
(7, 'S3-DN', 'U-001', '2018-08-07 10:05:03', NULL, NULL, 1, 'U-001', '2018-08-07 15:11:51');

-- --------------------------------------------------------

--
-- Struktur dari tabel `karyasiswa_log`
--

CREATE TABLE `karyasiswa_log` (
  `id` int(11) NOT NULL,
  `nip` varchar(10) DEFAULT NULL,
  `kode_negara` varchar(10) DEFAULT NULL,
  `id_universitas` int(11) DEFAULT NULL,
  `id_bidang_studi` int(10) DEFAULT NULL,
  `id_jenjang_studi` int(10) DEFAULT NULL,
  `alamat_universitas` varchar(250) NOT NULL,
  `lama_studi` varchar(15) DEFAULT NULL,
  `no_sktb` varchar(25) NOT NULL,
  `mulai_pendidikan` date DEFAULT NULL,
  `rencana_selesai_pendidikan` date DEFAULT NULL,
  `sumber_dana` varchar(100) NOT NULL,
  `no_sktb_perpanjangan_1` varchar(25) NOT NULL,
  `mulai_perpanjangan_1` date DEFAULT NULL,
  `selesai_perpanjangan_1` date DEFAULT NULL,
  `no_sktb_perpanjangan_2` varchar(15) NOT NULL,
  `mulai_perpanjangan_2` date DEFAULT NULL,
  `selesai_perpanjangan_2` date DEFAULT NULL,
  `tahun_selesai` varchar(4) NOT NULL,
  `keterangan` varchar(100) NOT NULL,
  `ket_2` varchar(100) NOT NULL,
  `presentasi` date DEFAULT NULL,
  `lokasi_presentasi` varchar(100) NOT NULL,
  `laporan_studi` varchar(100) NOT NULL,
  `sk_setjen` varchar(50) NOT NULL,
  `sk_menteri` varchar(50) NOT NULL,
  `jml_thesis` varchar(15) DEFAULT NULL,
  `ket_thesis` varchar(100) NOT NULL,
  `created_by` varchar(10) DEFAULT NULL,
  `created_date` datetime DEFAULT CURRENT_TIMESTAMP,
  `last_modified_by` varchar(10) DEFAULT NULL,
  `last_modified_date` datetime DEFAULT NULL,
  `is_deleted` tinyint(1) NOT NULL DEFAULT '0',
  `deleted_by` varchar(10) DEFAULT NULL,
  `deleted_date` datetime DEFAULT NULL
) ENGINE=InnoDB DEFAULT CHARSET=latin1;

--
-- Dumping data untuk tabel `karyasiswa_log`
--

INSERT INTO `karyasiswa_log` (`id`, `nip`, `kode_negara`, `id_universitas`, `id_bidang_studi`, `id_jenjang_studi`, `alamat_universitas`, `lama_studi`, `no_sktb`, `mulai_pendidikan`, `rencana_selesai_pendidikan`, `sumber_dana`, `no_sktb_perpanjangan_1`, `mulai_perpanjangan_1`, `selesai_perpanjangan_1`, `no_sktb_perpanjangan_2`, `mulai_perpanjangan_2`, `selesai_perpanjangan_2`, `tahun_selesai`, `keterangan`, `ket_2`, `presentasi`, `lokasi_presentasi`, `laporan_studi`, `sk_setjen`, `sk_menteri`, `jml_thesis`, `ket_thesis`, `created_by`, `created_date`, `last_modified_by`, `last_modified_date`, `is_deleted`, `deleted_by`, `deleted_date`) VALUES
(7, '199021221', '62', 4, 7, 5, 'Jln. Dramaga', '4', '', '0000-00-00', '0000-00-00', 'DEPHUT/DR/F2', 'DEPHUT/DR/F2', '0000-00-00', '0000-00-00', '', '0000-00-00', '0000-00-00', '', 'Sedang Mengikuti', 'PENELITI', '0000-00-00', '', '', '', '', '', '', 'U-001', NULL, 'U-001', '2018-08-08 15:55:17', 1, 'U-001', '2018-08-09 06:36:17'),
(8, '199021222', NULL, 5, 8, 6, '', '4', '', '0000-00-00', '0000-00-00', 'DEPHUT/DR/F2\n', '', '0000-00-00', '0000-00-00', '', '0000-00-00', '0000-00-00', '', 'Sedang Mengikuti', 'PENELITI', '0000-00-00', '', '', '', '', '', '', 'U-001', NULL, 'U-001', '0000-00-00 00:00:00', 0, NULL, '0000-00-00 00:00:00'),
(9, '199021223', NULL, 6, 9, 4, '', '4', '', '0000-00-00', '0000-00-00', 'DEPHUT/DR/F2\n', 'DEPHUT/DR/F2', '0000-00-00', '0000-00-00', '', '0000-00-00', '0000-00-00', '', 'Sedang Mengikuti', 'PENELITI', '0000-00-00', '', '', '', '', '', '', 'U-001', NULL, 'U-001', '0000-00-00 00:00:00', 0, NULL, '0000-00-00 00:00:00'),
(10, '199021224', NULL, 7, 10, 5, '', '4', '', '0000-00-00', '0000-00-00', 'DEPHUT/DR/F2\n', 'DEPHUT/DR/F2', '0000-00-00', '0000-00-00', '', '0000-00-00', '0000-00-00', '', 'Sedang Mengikuti', 'PENELITI', '0000-00-00', '', '', '', '', '', '', 'U-001', NULL, 'U-001', '0000-00-00 00:00:00', 0, NULL, '0000-00-00 00:00:00'),
(11, '199021225', NULL, 5, 11, 6, '', '4', '', '0000-00-00', '0000-00-00', 'DEPHUT/DR/F2\n', '', '0000-00-00', '0000-00-00', '', '0000-00-00', '0000-00-00', '', 'Sedang Mengikuti', 'PENELITI', '0000-00-00', '', '', '', '', '', '', 'U-001', NULL, 'U-001', '0000-00-00 00:00:00', 0, NULL, '0000-00-00 00:00:00'),
(12, '199021226', NULL, 6, 12, 4, '', '4', '', '0000-00-00', '0000-00-00', 'DEPHUT/DR/F2\n', 'DEPHUT/DR/F2', '0000-00-00', '0000-00-00', '', '0000-00-00', '0000-00-00', '', 'Sedang Mengikuti', 'PENELITI', '0000-00-00', '', '', '', '', '', '', 'U-001', NULL, 'U-001', '0000-00-00 00:00:00', 0, NULL, '0000-00-00 00:00:00'),
(13, '199021227', NULL, 7, 13, 5, '', '4', '', '0000-00-00', '0000-00-00', 'DEPHUT/DR/F2\n', '', '0000-00-00', '0000-00-00', '', '0000-00-00', '0000-00-00', '', 'Sedang Mengikuti', 'PENELITI', '0000-00-00', '', '', '', '', '', '', 'U-001', NULL, 'U-001', '0000-00-00 00:00:00', 0, NULL, '0000-00-00 00:00:00'),
(14, '199021228', NULL, 8, 14, 6, '', '4', '', '0000-00-00', '0000-00-00', 'DEPHUT/DR/F2\n', 'DEPHUT/DR/F2', '0000-00-00', '0000-00-00', '', '0000-00-00', '0000-00-00', '', 'Sedang Mengikuti', 'PENELITI', '0000-00-00', '', '', '', '', '', '', 'U-001', NULL, 'U-001', '0000-00-00 00:00:00', 0, NULL, '0000-00-00 00:00:00'),
(15, '199021229', NULL, 9, 15, 4, '', '4', '', '0000-00-00', '0000-00-00', 'DEPHUT/DR/F2\n', '', '0000-00-00', '0000-00-00', '', '0000-00-00', '0000-00-00', '', 'Sedang Mengikuti', 'PENELITI', '0000-00-00', '', '', '', '', '', '', 'U-001', NULL, 'U-001', '0000-00-00 00:00:00', 0, NULL, '0000-00-00 00:00:00'),
(16, '199021230', NULL, 10, 16, 5, '', '4', '', '0000-00-00', '0000-00-00', 'DEPHUT/DR/F2\n', 'DEPHUT/DR/F2', '0000-00-00', '0000-00-00', '', '0000-00-00', '0000-00-00', '', 'Sedang Mengikuti', 'PENELITI', '0000-00-00', '', '', '', '', '', '', 'U-001', NULL, 'U-001', '0000-00-00 00:00:00', 0, NULL, '0000-00-00 00:00:00'),
(17, '199021231', NULL, 11, 17, 6, '', '4', '', '0000-00-00', '0000-00-00', 'DEPHUT/DR/F2\n', 'DEPHUT/DR/F2', '0000-00-00', '0000-00-00', '', '0000-00-00', '0000-00-00', '', 'Sedang Mengikuti', 'PENELITI', '0000-00-00', '', '', '', '', '', '', 'U-001', NULL, 'U-001', '0000-00-00 00:00:00', 0, NULL, '0000-00-00 00:00:00'),
(18, '199021232', NULL, 12, 18, 4, '', '4', '', '0000-00-00', '0000-00-00', 'DEPHUT/DR/F2\n', '', '0000-00-00', '0000-00-00', '', '0000-00-00', '0000-00-00', '', 'Sedang Mengikuti', 'PENELITI', '0000-00-00', '', '', '', '', '', '', 'U-001', NULL, 'U-001', '0000-00-00 00:00:00', 0, NULL, '0000-00-00 00:00:00'),
(19, '199021233', NULL, 13, 19, 5, '', '4', '', '0000-00-00', '0000-00-00', 'DEPHUT/DR/F2\n', 'DEPHUT/DR/F2', '0000-00-00', '0000-00-00', '', '0000-00-00', '0000-00-00', '', 'Sedang Mengikuti', 'PENELITI', '0000-00-00', '', '', '', '', '', '', 'U-001', NULL, 'U-001', '0000-00-00 00:00:00', 0, NULL, '0000-00-00 00:00:00'),
(20, '199021234', NULL, 14, 20, 6, '', '4', '', '0000-00-00', '0000-00-00', 'DEPHUT/DR/F2\n', 'DEPHUT/DR/F2', '0000-00-00', '0000-00-00', '', '0000-00-00', '0000-00-00', '', 'Sedang Mengikuti', 'PENELITI', '0000-00-00', '', '', '', '', '', '', 'U-001', NULL, 'U-001', '0000-00-00 00:00:00', 0, NULL, '0000-00-00 00:00:00'),
(21, '199021235', NULL, 15, 21, 4, '', '4', '', '0000-00-00', '0000-00-00', 'DEPHUT/DR/F2\n', '', '0000-00-00', '0000-00-00', '', '0000-00-00', '0000-00-00', '', 'Sedang Mengikuti', 'PENELITI', '0000-00-00', '', '', '', '', '', '', 'U-001', NULL, 'U-001', '0000-00-00 00:00:00', 0, NULL, '0000-00-00 00:00:00'),
(22, '199021236', NULL, 16, 22, 5, '', '4', '', '0000-00-00', '0000-00-00', 'DEPHUT/DR/F2\n', 'DEPHUT/DR/F2', '0000-00-00', '0000-00-00', '', '0000-00-00', '0000-00-00', '', 'Sedang Mengikuti', 'PENELITI', '0000-00-00', '', '', '', '', '', '', 'U-001', NULL, 'U-001', '0000-00-00 00:00:00', 0, NULL, '0000-00-00 00:00:00'),
(23, '199021237', NULL, 17, 23, 6, '', '4', '', '0000-00-00', '0000-00-00', 'DEPHUT/DR/F2\n', '', '0000-00-00', '0000-00-00', '', '0000-00-00', '0000-00-00', '', 'Sedang Mengikuti', 'PENELITI', '0000-00-00', '', '', '', '', '', '', 'U-001', NULL, 'U-001', '0000-00-00 00:00:00', 0, NULL, '0000-00-00 00:00:00'),
(24, '199021238', NULL, 18, 24, 4, '', '4', '', '0000-00-00', '0000-00-00', 'DEPHUT/DR/F2\n', 'DEPHUT/DR/F2', '0000-00-00', '0000-00-00', '', '0000-00-00', '0000-00-00', '', 'Sedang Mengikuti', 'PENELITI', '0000-00-00', '', '', '', '', '', '', 'U-001', NULL, 'U-001', '0000-00-00 00:00:00', 0, NULL, '0000-00-00 00:00:00'),
(25, '199021239', NULL, 19, 25, 5, '', '4', '', '0000-00-00', '0000-00-00', 'DEPHUT/DR/F2\n', '', '0000-00-00', '0000-00-00', '', '0000-00-00', '0000-00-00', '', 'Sedang Mengikuti', 'PENELITI', '0000-00-00', '', '', '', '', '', '', 'U-001', NULL, 'U-001', '0000-00-00 00:00:00', 0, NULL, '0000-00-00 00:00:00'),
(26, '199021240', NULL, 20, 26, 6, '', '4', '', '0000-00-00', '0000-00-00', 'DEPHUT/DR/F2\n', 'DEPHUT/DR/F2', '0000-00-00', '0000-00-00', '', '0000-00-00', '0000-00-00', '', 'Sedang Mengikuti', 'PENELITI', '0000-00-00', '', '', '', '', '', '', 'U-001', NULL, 'U-001', '0000-00-00 00:00:00', 0, NULL, '0000-00-00 00:00:00'),
(27, '199021241', NULL, 21, 27, 4, '', '4', '', '0000-00-00', '0000-00-00', 'DEPHUT/DR/F2\n', 'DEPHUT/DR/F2', '0000-00-00', '0000-00-00', '', '0000-00-00', '0000-00-00', '', 'Sedang Mengikuti', 'PENELITI', '0000-00-00', '', '', '', '', '', '', 'U-001', NULL, 'U-001', '0000-00-00 00:00:00', 0, NULL, '0000-00-00 00:00:00'),
(28, '199021242', NULL, 22, 28, 5, '', '4', '', '0000-00-00', '0000-00-00', 'DEPHUT/DR/F2\n', '', '0000-00-00', '0000-00-00', '', '0000-00-00', '0000-00-00', '', 'Sedang Mengikuti', 'PENELITI', '0000-00-00', '', '', '', '', '', '', 'U-001', NULL, 'U-001', '0000-00-00 00:00:00', 0, NULL, '0000-00-00 00:00:00'),
(29, '199021243', NULL, 23, 29, 6, '', '4', '', '0000-00-00', '0000-00-00', 'DEPHUT/DR/F2\n', 'DEPHUT/DR/F2', '0000-00-00', '0000-00-00', '', '0000-00-00', '0000-00-00', '', 'Sedang Mengikuti', 'PENELITI', '0000-00-00', '', '', '', '', '', '', 'U-001', NULL, 'U-001', '0000-00-00 00:00:00', 0, NULL, '0000-00-00 00:00:00'),
(30, '199021244', NULL, 24, 30, 4, '', '4', '', '0000-00-00', '0000-00-00', 'DEPHUT/DR/F2\n', 'DEPHUT/DR/F2', '0000-00-00', '0000-00-00', '', '0000-00-00', '0000-00-00', '', 'Sedang Mengikuti', 'PENELITI', '0000-00-00', '', '', '', '', '', '', 'U-001', NULL, 'U-001', '0000-00-00 00:00:00', 0, NULL, '0000-00-00 00:00:00'),
(31, '199021245', NULL, 25, 31, 5, '', '4', '', '0000-00-00', '0000-00-00', 'DEPHUT/DR/F2\n', '', '0000-00-00', '0000-00-00', '', '0000-00-00', '0000-00-00', '', 'Sedang Mengikuti', 'PENELITI', '0000-00-00', '', '', '', '', '', '', 'U-001', NULL, 'U-001', '0000-00-00 00:00:00', 0, NULL, '0000-00-00 00:00:00'),
(32, '199021246', NULL, 26, 32, 6, '', '4', '', '0000-00-00', '0000-00-00', 'DEPHUT/DR/F2\n', 'DEPHUT/DR/F2', '0000-00-00', '0000-00-00', '', '0000-00-00', '0000-00-00', '', 'Sedang Mengikuti', 'PENELITI', '0000-00-00', '', '', '', '', '', '', 'U-001', NULL, 'U-001', '0000-00-00 00:00:00', 0, NULL, '0000-00-00 00:00:00'),
(33, '199021247', NULL, 27, 33, 4, '', '4', '', '0000-00-00', '0000-00-00', 'DEPHUT/DR/F2\n', '', '0000-00-00', '0000-00-00', '', '0000-00-00', '0000-00-00', '', 'Sedang Mengikuti', 'PENELITI', '0000-00-00', '', '', '', '', '', '', 'U-001', NULL, 'U-001', '0000-00-00 00:00:00', 0, NULL, '0000-00-00 00:00:00'),
(34, '199021248', NULL, 28, 34, 5, '', '4', '', '0000-00-00', '0000-00-00', 'DEPHUT/DR/F2\n', 'DEPHUT/DR/F2', '0000-00-00', '0000-00-00', '', '0000-00-00', '0000-00-00', '', 'Sedang Mengikuti', 'PENELITI', '0000-00-00', '', '', '', '', '', '', 'U-001', NULL, 'U-001', '0000-00-00 00:00:00', 0, NULL, '0000-00-00 00:00:00'),
(35, '199021249', NULL, 29, 35, 6, '', '4', '', '0000-00-00', '0000-00-00', 'DEPHUT/DR/F2\n', '', '0000-00-00', '0000-00-00', '', '0000-00-00', '0000-00-00', '', 'Sedang Mengikuti', 'PENELITI', '0000-00-00', '', '', '', '', '', '', 'U-001', NULL, 'U-001', '0000-00-00 00:00:00', 0, NULL, '0000-00-00 00:00:00'),
(36, '199021250', NULL, 30, 36, 6, '', '4', '', '0000-00-00', '0000-00-00', 'DEPHUT/DR/F2\n', 'DEPHUT/DR/F2', '0000-00-00', '0000-00-00', '', '0000-00-00', '0000-00-00', '', 'Sedang Mengikuti', 'PENELITI', '0000-00-00', '', '', '', '', '', '', 'U-001', NULL, 'U-001', '0000-00-00 00:00:00', 0, NULL, '0000-00-00 00:00:00'),
(37, '199021251', NULL, 31, 37, 4, '', '4', '', '0000-00-00', '0000-00-00', 'DEPHUT/DR/F2\n', 'DEPHUT/DR/F2', '0000-00-00', '0000-00-00', '', '0000-00-00', '0000-00-00', '', 'Sedang Mengikuti', 'PENELITI', '0000-00-00', '', '', '', '', '', '', 'U-001', NULL, 'U-001', '0000-00-00 00:00:00', 0, NULL, '0000-00-00 00:00:00'),
(38, '199021252', NULL, 32, 38, 5, '', '4', '', '0000-00-00', '0000-00-00', 'DEPHUT/DR/F2\n', '', '0000-00-00', '0000-00-00', '', '0000-00-00', '0000-00-00', '', 'Sedang Mengikuti', 'PENELITI', '0000-00-00', '', '', '', '', '', '', 'U-001', NULL, 'U-001', '0000-00-00 00:00:00', 0, NULL, '0000-00-00 00:00:00'),
(39, '199021253', NULL, 33, 39, 6, '', '4', '', '0000-00-00', '0000-00-00', 'DEPHUT/DR/F2\n', 'DEPHUT/DR/F2', '0000-00-00', '0000-00-00', '', '0000-00-00', '0000-00-00', '', 'Sedang Mengikuti', 'PENELITI', '0000-00-00', '', '', '', '', '', '', 'U-001', NULL, 'U-001', '0000-00-00 00:00:00', 0, NULL, '0000-00-00 00:00:00'),
(40, '199021254', NULL, 34, 40, 4, '', '4', '', '0000-00-00', '0000-00-00', 'DEPHUT/DR/F2\n', 'DEPHUT/DR/F2', '0000-00-00', '0000-00-00', '', '0000-00-00', '0000-00-00', '', 'Sedang Mengikuti', 'PENELITI', '0000-00-00', '', '', '', '', '', '', 'U-001', NULL, 'U-001', '0000-00-00 00:00:00', 0, NULL, '0000-00-00 00:00:00'),
(41, '199021255', '62', 35, 41, 5, '', '4', '', '0000-00-00', '0000-00-00', 'DEPHUT/DR/F2', '', '0000-00-00', '0000-00-00', '', '0000-00-00', '0000-00-00', '', 'Sedang Mengikuti', 'PENELITI', '0000-00-00', '', '', '', '', '', '', 'U-001', NULL, 'U-001', '2018-08-10 09:15:37', 0, NULL, '0000-00-00 00:00:00'),
(42, '199021256', NULL, 36, 42, 6, '', '4', '', '0000-00-00', '0000-00-00', 'DEPHUT/DR/F2\n', 'DEPHUT/DR/F2', '0000-00-00', '0000-00-00', '', '0000-00-00', '0000-00-00', '', 'Sedang Mengikuti', 'PENELITI', '0000-00-00', '', '', '', '', '', '', 'U-001', NULL, 'U-001', '0000-00-00 00:00:00', 0, NULL, '0000-00-00 00:00:00'),
(43, '199021257', NULL, 37, 43, 4, '', '4', '', '0000-00-00', '0000-00-00', 'DEPHUT/DR/F2\n', '', '0000-00-00', '0000-00-00', '', '0000-00-00', '0000-00-00', '', 'Sedang Mengikuti', 'PENELITI', '0000-00-00', '', '', '', '', '', '', 'U-001', NULL, 'U-001', '0000-00-00 00:00:00', 0, NULL, '0000-00-00 00:00:00'),
(44, '199021258', NULL, 38, 44, 5, '', '4', '', '0000-00-00', '0000-00-00', 'DEPHUT/DR/F2\n', 'DEPHUT/DR/F2', '0000-00-00', '0000-00-00', '', '0000-00-00', '0000-00-00', '', 'Sedang Mengikuti', 'PENELITI', '0000-00-00', '', '', '', '', '', '', 'U-001', NULL, 'U-001', '0000-00-00 00:00:00', 0, NULL, '0000-00-00 00:00:00'),
(45, '199021259', NULL, 39, 45, 6, '', '4', '', '0000-00-00', '0000-00-00', 'DEPHUT/DR/F2\n', '', '0000-00-00', '0000-00-00', '', '0000-00-00', '0000-00-00', '', 'Sedang Mengikuti', 'PENELITI', '0000-00-00', '', '', '', '', '', '', 'U-001', NULL, 'U-001', '0000-00-00 00:00:00', 0, NULL, '0000-00-00 00:00:00'),
(46, '199021260', NULL, 40, 46, 4, '', '4', '', '0000-00-00', '0000-00-00', 'DEPHUT/DR/F2\n', 'DEPHUT/DR/F2', '0000-00-00', '0000-00-00', '', '0000-00-00', '0000-00-00', '', 'Sedang Mengikuti', 'PENELITI', '0000-00-00', '', '', '', '', '', '', 'U-001', NULL, 'U-001', '0000-00-00 00:00:00', 0, NULL, '0000-00-00 00:00:00'),
(47, '199021261', NULL, 41, 47, 5, '', '4', '', '0000-00-00', '0000-00-00', 'DEPHUT/DR/F2\n', 'DEPHUT/DR/F2', '0000-00-00', '0000-00-00', '', '0000-00-00', '0000-00-00', '', 'Sedang Mengikuti', 'PENELITI', '0000-00-00', '', '', '', '', '', '', 'U-001', NULL, 'U-001', '0000-00-00 00:00:00', 0, NULL, '0000-00-00 00:00:00'),
(48, '199021262', NULL, 42, 48, 6, '', '4', '', '0000-00-00', '0000-00-00', 'DEPHUT/DR/F2\n', '', '0000-00-00', '0000-00-00', '', '0000-00-00', '0000-00-00', '', 'Sedang Mengikuti', 'PENELITI', '0000-00-00', '', '', '', '', '', '', 'U-001', NULL, 'U-001', '0000-00-00 00:00:00', 0, NULL, '0000-00-00 00:00:00'),
(49, '199021263', NULL, 43, 49, 4, '', '4', '', '0000-00-00', '0000-00-00', 'DEPHUT/DR/F2\n', 'DEPHUT/DR/F2', '0000-00-00', '0000-00-00', '', '0000-00-00', '0000-00-00', '', 'Sedang Mengikuti', 'PENELITI', '0000-00-00', '', '', '', '', '', '', 'U-001', NULL, 'U-001', '0000-00-00 00:00:00', 0, NULL, '0000-00-00 00:00:00'),
(50, '199021264', NULL, 44, 50, 5, '', '4', '', '0000-00-00', '0000-00-00', 'DEPHUT/DR/F2\n', 'DEPHUT/DR/F2', '0000-00-00', '0000-00-00', '', '0000-00-00', '0000-00-00', '', 'Sedang Mengikuti', 'PENELITI', '0000-00-00', '', '', '', '', '', '', 'U-001', NULL, 'U-001', '0000-00-00 00:00:00', 0, NULL, '0000-00-00 00:00:00'),
(51, '199021265', NULL, 45, 51, 6, '', '4', '', '0000-00-00', '0000-00-00', 'DEPHUT/DR/F2\n', '', '0000-00-00', '0000-00-00', '', '0000-00-00', '0000-00-00', '', 'Sedang Mengikuti', 'PENELITI', '0000-00-00', '', '', '', '', '', '', 'U-001', NULL, 'U-001', '0000-00-00 00:00:00', 0, NULL, '0000-00-00 00:00:00'),
(52, '199021266', NULL, 46, 52, 4, '', '4', '', '0000-00-00', '0000-00-00', 'DEPHUT/DR/F2\n', 'DEPHUT/DR/F2', '0000-00-00', '0000-00-00', '', '0000-00-00', '0000-00-00', '', 'Sedang Mengikuti', 'PENELITI', '0000-00-00', '', '', '', '', '', '', 'U-001', NULL, 'U-001', '0000-00-00 00:00:00', 0, NULL, '0000-00-00 00:00:00'),
(53, '199021267', NULL, 47, 53, 5, '', '4', '', '0000-00-00', '0000-00-00', 'DEPHUT/DR/F2\n', '', '0000-00-00', '0000-00-00', '', '0000-00-00', '0000-00-00', '', 'Sedang Mengikuti', 'PENELITI', '0000-00-00', '', '', '', '', '', '', 'U-001', NULL, 'U-001', '0000-00-00 00:00:00', 0, NULL, '0000-00-00 00:00:00'),
(54, '199021268', NULL, 48, 54, 6, '', '4', '', '0000-00-00', '0000-00-00', 'DEPHUT/DR/F2\n', 'DEPHUT/DR/F2', '0000-00-00', '0000-00-00', '', '0000-00-00', '0000-00-00', '', 'Sedang Mengikuti', 'PENELITI', '0000-00-00', '', '', '', '', '', '', 'U-001', NULL, 'U-001', '0000-00-00 00:00:00', 0, NULL, '0000-00-00 00:00:00'),
(55, '199021269', NULL, 49, 55, 4, '', '4', '', '0000-00-00', '0000-00-00', 'DEPHUT/DR/F2\n', '', '0000-00-00', '0000-00-00', '', '0000-00-00', '0000-00-00', '', 'Sedang Mengikuti', 'PENELITI', '0000-00-00', '', '', '', '', '', '', 'U-001', NULL, 'U-001', '0000-00-00 00:00:00', 0, NULL, '0000-00-00 00:00:00'),
(56, '199021270', NULL, 50, 56, 5, '', '4', '', '0000-00-00', '0000-00-00', 'DEPHUT/DR/F2\n', 'DEPHUT/DR/F2', '0000-00-00', '0000-00-00', '', '0000-00-00', '0000-00-00', '', 'Sedang Mengikuti', 'PENELITI', '0000-00-00', '', '', '', '', '', '', 'U-001', NULL, 'U-001', '0000-00-00 00:00:00', 0, NULL, '0000-00-00 00:00:00'),
(57, '199021271', NULL, 51, 57, 6, '', '4', '', '0000-00-00', '0000-00-00', 'DEPHUT/DR/F2\n', 'DEPHUT/DR/F2', '0000-00-00', '0000-00-00', '', '0000-00-00', '0000-00-00', '', 'Sedang Mengikuti', 'PENELITI', '0000-00-00', '', '', '', '', '', '', 'U-001', NULL, 'U-001', '0000-00-00 00:00:00', 0, NULL, '0000-00-00 00:00:00'),
(58, '199021272', NULL, 52, 58, 4, '', '4', '', '0000-00-00', '0000-00-00', 'DEPHUT/DR/F2\n', '', '0000-00-00', '0000-00-00', '', '0000-00-00', '0000-00-00', '', 'Sedang Mengikuti', 'PENELITI', '0000-00-00', '', '', '', '', '', '', 'U-001', NULL, 'U-001', '0000-00-00 00:00:00', 0, NULL, '0000-00-00 00:00:00'),
(59, '199021273', NULL, 53, 59, 5, '', '4', '', '0000-00-00', '0000-00-00', 'DEPHUT/DR/F2\n', 'DEPHUT/DR/F2', '0000-00-00', '0000-00-00', '', '0000-00-00', '0000-00-00', '', 'Sedang Mengikuti', 'PENELITI', '0000-00-00', '', '', '', '', '', '', 'U-001', NULL, 'U-001', '0000-00-00 00:00:00', 0, NULL, '0000-00-00 00:00:00'),
(60, '199021274', NULL, 54, 60, 6, '', '4', '', '0000-00-00', '0000-00-00', 'DEPHUT/DR/F2\n', 'DEPHUT/DR/F2', '0000-00-00', '0000-00-00', '', '0000-00-00', '0000-00-00', '', 'Sedang Mengikuti', 'PENELITI', '0000-00-00', '', '', '', '', '', '', 'U-001', NULL, 'U-001', '0000-00-00 00:00:00', 0, NULL, '0000-00-00 00:00:00'),
(61, '199021275', NULL, 55, 61, 4, '', '4', '', '0000-00-00', '0000-00-00', 'DEPHUT/DR/F2\n', '', '0000-00-00', '0000-00-00', '', '0000-00-00', '0000-00-00', '', 'Sedang Mengikuti', 'PENELITI', '0000-00-00', '', '', '', '', '', '', 'U-001', NULL, 'U-001', '0000-00-00 00:00:00', 0, NULL, '0000-00-00 00:00:00'),
(62, '199021276', NULL, 56, 62, 5, '', '4', '', '0000-00-00', '0000-00-00', 'DEPHUT/DR/F2\n', 'DEPHUT/DR/F2', '0000-00-00', '0000-00-00', '', '0000-00-00', '0000-00-00', '', 'Sedang Mengikuti', 'PENELITI', '0000-00-00', '', '', '', '', '', '', 'U-001', NULL, 'U-001', '0000-00-00 00:00:00', 0, NULL, '0000-00-00 00:00:00'),
(63, '199021277', NULL, 57, 63, 6, '', '4', '', '0000-00-00', '0000-00-00', 'DEPHUT/DR/F2\n', '', '0000-00-00', '0000-00-00', '', '0000-00-00', '0000-00-00', '', 'Sedang Mengikuti', 'PENELITI', '0000-00-00', '', '', '', '', '', '', 'U-001', NULL, 'U-001', '0000-00-00 00:00:00', 0, NULL, '0000-00-00 00:00:00'),
(64, '199021278', NULL, 58, 64, 6, '', '4', '', '0000-00-00', '0000-00-00', 'DEPHUT/DR/F2\n', 'DEPHUT/DR/F2', '0000-00-00', '0000-00-00', '', '0000-00-00', '0000-00-00', '', 'Sedang Mengikuti', 'PENELITI', '0000-00-00', '', '', '', '', '', '', 'U-001', NULL, 'U-001', '0000-00-00 00:00:00', 0, NULL, '0000-00-00 00:00:00'),
(65, '199021279', NULL, 59, 65, 4, '', '4', '', '0000-00-00', '0000-00-00', 'DEPHUT/DR/F2\n', '', '0000-00-00', '0000-00-00', '', '0000-00-00', '0000-00-00', '', 'Sedang Mengikuti', 'PENELITI', '0000-00-00', '', '', '', '', '', '', 'U-001', NULL, 'U-001', '0000-00-00 00:00:00', 0, NULL, '0000-00-00 00:00:00'),
(66, '199021280', NULL, 60, 66, 5, '', '4', '', '0000-00-00', '0000-00-00', 'DEPHUT/DR/F2\n', 'DEPHUT/DR/F2', '0000-00-00', '0000-00-00', '', '0000-00-00', '0000-00-00', '', 'Sedang Mengikuti', 'PENELITI', '0000-00-00', '', '', '', '', '', '', 'U-001', NULL, 'U-001', '0000-00-00 00:00:00', 0, NULL, '0000-00-00 00:00:00'),
(67, '199021281', NULL, 61, 67, 6, '', '4', '', '0000-00-00', '0000-00-00', 'DEPHUT/DR/F2\n', 'DEPHUT/DR/F2', '0000-00-00', '0000-00-00', '', '0000-00-00', '0000-00-00', '', 'Sedang Mengikuti', 'PENELITI', '0000-00-00', '', '', '', '', '', '', 'U-001', NULL, 'U-001', '0000-00-00 00:00:00', 0, NULL, '0000-00-00 00:00:00'),
(68, '199021282', NULL, 62, 68, 4, '', '4', '', '0000-00-00', '0000-00-00', 'DEPHUT/DR/F2\n', '', '0000-00-00', '0000-00-00', '', '0000-00-00', '0000-00-00', '', 'Sedang Mengikuti', 'PENELITI', '0000-00-00', '', '', '', '', '', '', 'U-001', NULL, 'U-001', '0000-00-00 00:00:00', 0, NULL, '0000-00-00 00:00:00'),
(69, '199021283', NULL, 63, 69, 5, '', '4', '', '0000-00-00', '0000-00-00', 'DEPHUT/DR/F2\n', 'DEPHUT/DR/F2', '0000-00-00', '0000-00-00', '', '0000-00-00', '0000-00-00', '', 'Sedang Mengikuti', 'PENELITI', '0000-00-00', '', '', '', '', '', '', 'U-001', NULL, 'U-001', '0000-00-00 00:00:00', 0, NULL, '0000-00-00 00:00:00'),
(70, '199021284', NULL, 64, 70, 6, '', '4', '', '0000-00-00', '0000-00-00', 'DEPHUT/DR/F2\n', 'DEPHUT/DR/F2', '0000-00-00', '0000-00-00', '', '0000-00-00', '0000-00-00', '', 'Sedang Mengikuti', 'PENELITI', '0000-00-00', '', '', '', '', '', '', 'U-001', NULL, 'U-001', '0000-00-00 00:00:00', 0, NULL, '0000-00-00 00:00:00'),
(71, '199021285', NULL, 65, 71, 4, '', '4', '', '0000-00-00', '0000-00-00', 'DEPHUT/DR/F2\n', '', '0000-00-00', '0000-00-00', '', '0000-00-00', '0000-00-00', '', 'Sedang Mengikuti', 'PENELITI', '0000-00-00', '', '', '', '', '', '', 'U-001', NULL, 'U-001', '0000-00-00 00:00:00', 0, NULL, '0000-00-00 00:00:00'),
(72, '199021286', NULL, 66, 72, 5, '', '4', '', '0000-00-00', '0000-00-00', 'DEPHUT/DR/F2\n', 'DEPHUT/DR/F2', '0000-00-00', '0000-00-00', '', '0000-00-00', '0000-00-00', '', 'Sedang Mengikuti', 'PENELITI', '0000-00-00', '', '', '', '', '', '', 'U-001', NULL, 'U-001', '0000-00-00 00:00:00', 0, NULL, '0000-00-00 00:00:00'),
(73, '199021288', NULL, 67, 73, 6, '', '4', '', '0000-00-00', '0000-00-00', 'DEPHUT/DR/F2\n', '', '0000-00-00', '0000-00-00', '', '0000-00-00', '0000-00-00', '', 'Sedang Mengikuti', 'PENELITI', '0000-00-00', '', '', '', '', '', '', 'U-001', NULL, 'U-001', '0000-00-00 00:00:00', 0, NULL, '0000-00-00 00:00:00'),
(74, '199021289', NULL, 68, 74, 4, '', '4', '', '0000-00-00', '0000-00-00', 'DEPHUT/DR/F2\n', 'DEPHUT/DR/F2', '0000-00-00', '0000-00-00', '', '0000-00-00', '0000-00-00', '', 'Sedang Mengikuti', 'PENELITI', '0000-00-00', '', '', '', '', '', '', 'U-001', NULL, 'U-001', '0000-00-00 00:00:00', 0, NULL, '0000-00-00 00:00:00'),
(75, '199021290', '62', 69, 75, 5, '', '4', '', '0000-00-00', '0000-00-00', 'DEPHUT/DR/F2', '', '0000-00-00', '0000-00-00', '', '0000-00-00', '0000-00-00', '2020', 'Sedang Mengikuti', 'PENELITI', '0000-00-00', '', '', '', '', '', '', 'U-001', NULL, 'U-001', '2018-08-09 15:42:57', 0, NULL, '0000-00-00 00:00:00'),
(76, '199021291', NULL, 70, 76, 6, '', '4', '', '0000-00-00', '0000-00-00', 'DEPHUT/DR/F2\n', 'DEPHUT/DR/F2', '0000-00-00', '0000-00-00', '', '0000-00-00', '0000-00-00', '', 'Sedang Mengikuti', 'PENELITI', '0000-00-00', '', '', '', '', '', '', 'U-001', NULL, 'U-001', '0000-00-00 00:00:00', 0, NULL, '0000-00-00 00:00:00'),
(77, '199021292', NULL, 71, 77, 4, '', '4', '', '0000-00-00', '0000-00-00', 'DEPHUT/DR/F2\n', 'DEPHUT/DR/F2', '0000-00-00', '0000-00-00', '', '0000-00-00', '0000-00-00', '', 'Sedang Mengikuti', 'PENELITI', '0000-00-00', '', '', '', '', '', '', 'U-001', NULL, 'U-001', '0000-00-00 00:00:00', 0, NULL, '0000-00-00 00:00:00'),
(78, '199021293', NULL, 72, 78, 5, '', '4', '', '0000-00-00', '0000-00-00', 'DEPHUT/DR/F2\n', '', '0000-00-00', '0000-00-00', '', '0000-00-00', '0000-00-00', '', 'Sedang Mengikuti', 'PENELITI', '0000-00-00', '', '', '', '', '', '', 'U-001', NULL, 'U-001', '0000-00-00 00:00:00', 0, NULL, '0000-00-00 00:00:00'),
(79, '199021294', NULL, 73, 79, 6, '', '4', '', '0000-00-00', '0000-00-00', 'DEPHUT/DR/F2\n', 'DEPHUT/DR/F2', '0000-00-00', '0000-00-00', '', '0000-00-00', '0000-00-00', '', 'Sedang Mengikuti', 'PENELITI', '0000-00-00', '', '', '', '', '', '', 'U-001', NULL, 'U-001', '0000-00-00 00:00:00', 0, NULL, '0000-00-00 00:00:00'),
(80, '199021295', NULL, 74, 80, 4, '', '4', '', '0000-00-00', '0000-00-00', 'DEPHUT/DR/F2\n', 'DEPHUT/DR/F2', '0000-00-00', '0000-00-00', '', '0000-00-00', '0000-00-00', '', 'Sedang Mengikuti', 'PENELITI', '0000-00-00', '', '', '', '', '', '', 'U-001', NULL, 'U-001', '0000-00-00 00:00:00', 0, NULL, '0000-00-00 00:00:00'),
(81, '199021296', NULL, 75, 81, 5, '', '4', '', '0000-00-00', '0000-00-00', 'DEPHUT/DR/F2\n', '', '0000-00-00', '0000-00-00', '', '0000-00-00', '0000-00-00', '', 'Sedang Mengikuti', 'PENELITI', '0000-00-00', '', '', '', '', '', '', 'U-001', NULL, 'U-001', '0000-00-00 00:00:00', 0, NULL, '0000-00-00 00:00:00'),
(82, '199021297', NULL, 76, 82, 6, '', '4', '', '0000-00-00', '0000-00-00', 'DEPHUT/DR/F2\n', 'DEPHUT/DR/F2', '0000-00-00', '0000-00-00', '', '0000-00-00', '0000-00-00', '', 'Sedang Mengikuti', 'PENELITI', '0000-00-00', '', '', '', '', '', '', 'U-001', NULL, 'U-001', '0000-00-00 00:00:00', 0, NULL, '0000-00-00 00:00:00'),
(83, '199021298', NULL, 77, 83, 4, '', '4', '', '0000-00-00', '0000-00-00', 'DEPHUT/DR/F2\n', '', '0000-00-00', '0000-00-00', '', '0000-00-00', '0000-00-00', '', 'Sedang Mengikuti', 'PENELITI', '0000-00-00', '', '', '', '', '', '', 'U-001', NULL, 'U-001', '0000-00-00 00:00:00', 0, NULL, '0000-00-00 00:00:00'),
(84, '199021299', NULL, 78, 84, 5, '', '4', '', '0000-00-00', '0000-00-00', 'DEPHUT/DR/F2\n', 'DEPHUT/DR/F2', '0000-00-00', '0000-00-00', '', '0000-00-00', '0000-00-00', '', 'Sedang Mengikuti', 'PENELITI', '0000-00-00', '', '', '', '', '', '', 'U-001', NULL, 'U-001', '0000-00-00 00:00:00', 0, NULL, '0000-00-00 00:00:00'),
(85, '199021300', NULL, 79, 85, 6, '', '4', '', '0000-00-00', '0000-00-00', 'DEPHUT/DR/F2\n', '', '0000-00-00', '0000-00-00', '', '0000-00-00', '0000-00-00', '', 'Sedang Mengikuti', 'PENELITI', '0000-00-00', '', '', '', '', '', '', 'U-001', NULL, 'U-001', '0000-00-00 00:00:00', 0, NULL, '0000-00-00 00:00:00'),
(86, '199021301', NULL, 80, 86, 4, '', '4', '', '0000-00-00', '0000-00-00', 'DEPHUT/DR/F2\n', 'DEPHUT/DR/F2', '0000-00-00', '0000-00-00', '', '0000-00-00', '0000-00-00', '', 'Sedang Mengikuti', 'PENELITI', '0000-00-00', '', '', '', '', '', '', 'U-001', NULL, 'U-001', '0000-00-00 00:00:00', 0, NULL, '0000-00-00 00:00:00'),
(87, '199021302', NULL, 81, 87, 5, '', '4', '', '0000-00-00', '0000-00-00', 'DEPHUT/DR/F2\n', '', '0000-00-00', '0000-00-00', '', '0000-00-00', '0000-00-00', '', 'Sedang Mengikuti', 'PENELITI', '0000-00-00', '', '', '', '', '', '', 'U-001', NULL, 'U-001', '0000-00-00 00:00:00', 0, NULL, '0000-00-00 00:00:00'),
(88, '199021303', NULL, 82, 88, 6, '', '4', '', '0000-00-00', '0000-00-00', 'DEPHUT/DR/F2\n', 'DEPHUT/DR/F2', '0000-00-00', '0000-00-00', '', '0000-00-00', '0000-00-00', '', 'Sedang Mengikuti', 'PENELITI', '0000-00-00', '', '', '', '', '', '', 'U-001', NULL, 'U-001', '0000-00-00 00:00:00', 0, NULL, '0000-00-00 00:00:00'),
(89, '199021304', NULL, 83, 89, 4, '', '4', '', '0000-00-00', '0000-00-00', 'DEPHUT/DR/F2\n', '', '0000-00-00', '0000-00-00', '', '0000-00-00', '0000-00-00', '', 'Sedang Mengikuti', 'PENELITI', '0000-00-00', '', '', '', '', '', '', 'U-001', NULL, 'U-001', '0000-00-00 00:00:00', 0, NULL, '0000-00-00 00:00:00'),
(90, '199021305', NULL, 84, 90, 5, '', '4', '', '0000-00-00', '0000-00-00', 'DEPHUT/DR/F2\n', 'DEPHUT/DR/F2', '0000-00-00', '0000-00-00', '', '0000-00-00', '0000-00-00', '', 'Sedang Mengikuti', 'PENELITI', '0000-00-00', '', '', '', '', '', '', 'U-001', NULL, 'U-001', '0000-00-00 00:00:00', 0, NULL, '0000-00-00 00:00:00'),
(91, '199021306', NULL, 85, 91, 6, '', '4', '', '0000-00-00', '0000-00-00', 'DEPHUT/DR/F2\n', 'DEPHUT/DR/F2', '0000-00-00', '0000-00-00', '', '0000-00-00', '0000-00-00', '', 'Sedang Mengikuti', 'PENELITI', '0000-00-00', '', '', '', '', '', '', 'U-001', NULL, 'U-001', '0000-00-00 00:00:00', 0, NULL, '0000-00-00 00:00:00'),
(92, '199021307', NULL, 86, 92, 6, '', '4', '', '0000-00-00', '0000-00-00', 'DEPHUT/DR/F2\n', '', '0000-00-00', '0000-00-00', '', '0000-00-00', '0000-00-00', '', 'Sedang Mengikuti', 'PENELITI', '0000-00-00', '', '', '', '', '', '', 'U-001', NULL, 'U-001', '0000-00-00 00:00:00', 0, NULL, '0000-00-00 00:00:00'),
(93, '199021308', NULL, 87, 93, 4, '', '4', '', '0000-00-00', '0000-00-00', 'DEPHUT/DR/F2\n', 'DEPHUT/DR/F2', '0000-00-00', '0000-00-00', '', '0000-00-00', '0000-00-00', '', 'Sedang Mengikuti', 'PENELITI', '0000-00-00', '', '', '', '', '', '', 'U-001', NULL, 'U-001', '0000-00-00 00:00:00', 0, NULL, '0000-00-00 00:00:00'),
(94, '199021309', NULL, 88, 94, 5, '', '4', '', '0000-00-00', '0000-00-00', 'DEPHUT/DR/F2\n', '', '0000-00-00', '0000-00-00', '', '0000-00-00', '0000-00-00', '', 'Sedang Mengikuti', 'PENELITI', '0000-00-00', '', '', '', '', '', '', 'U-001', NULL, 'U-001', '0000-00-00 00:00:00', 0, NULL, '0000-00-00 00:00:00'),
(95, '199021310', NULL, 89, 95, 6, '', '4', '', '0000-00-00', '0000-00-00', 'DEPHUT/DR/F2', 'DEPHUT/DR/F2', '0000-00-00', '0000-00-00', '', '0000-00-00', '0000-00-00', '', 'Sedang Mengikuti', 'PENELITI', '0000-00-00', '', '', '', '', '', '', 'U-001', NULL, 'U-001', '2018-08-08 15:53:17', 1, 'U-001', '2018-08-09 06:33:25'),
(96, '199021311', NULL, 90, 96, 4, 'Jln. Patriot', '4', '123.SK', '0000-00-00', '0000-00-00', 'DEPHUT/DR/F2', '', '0000-00-00', '0000-00-00', '', '0000-00-00', '0000-00-00', '', 'Sedang Mengikuti', 'PENELITI', '0000-00-00', '', '', '133/KPTS-II-PEG/1999', '4476/KPTS/II-PEG/2003', '', 'Finish', 'U-001', NULL, 'U-001', '0000-00-00 00:00:00', 0, NULL, '0000-00-00 00:00:00'),
(97, '199021312', NULL, 91, 97, 5, '', '4', '', '0000-00-00', '0000-00-00', 'DEPHUT/DR/F2\n', 'DEPHUT/DR/F2', '0000-00-00', '0000-00-00', '', '0000-00-00', '0000-00-00', '', 'Sedang Mengikuti', 'PENELITI', '0000-00-00', '', '', '', '', '', '', 'U-001', NULL, 'U-001', '0000-00-00 00:00:00', 0, NULL, '0000-00-00 00:00:00'),
(98, '199021313', NULL, 92, 98, 6, '', '4', '', '0000-00-00', '0000-00-00', 'DEPHUT/DR/F2\n', 'DEPHUT/DR/F2', '0000-00-00', '0000-00-00', '', '0000-00-00', '0000-00-00', '', 'Sedang Mengikuti', 'PENELITI', '0000-00-00', '', '', '', '', '', '', 'U-001', NULL, 'U-001', '0000-00-00 00:00:00', 0, NULL, '0000-00-00 00:00:00'),
(99, '199021314', NULL, 93, 99, 4, '', '4', '', '0000-00-00', '0000-00-00', 'DEPHUT/DR/F2\n', '', '0000-00-00', '0000-00-00', '', '0000-00-00', '0000-00-00', '', 'Sedang Mengikuti', 'PENELITI', '0000-00-00', '', '', '', '', '', '', 'U-001', NULL, 'U-001', '0000-00-00 00:00:00', 0, NULL, '0000-00-00 00:00:00'),
(100, '199021315', NULL, 94, 100, 5, '', '4', '', '0000-00-00', '0000-00-00', 'DEPHUT/DR/F2\n', 'DEPHUT/DR/F2', '0000-00-00', '0000-00-00', '', '0000-00-00', '0000-00-00', '', 'Sedang Mengikuti', 'PENELITI', '0000-00-00', '', '', '', '', '', '', 'U-001', NULL, 'U-001', '0000-00-00 00:00:00', 0, NULL, '0000-00-00 00:00:00'),
(101, '199021316', NULL, 95, 101, 6, '', '4', '', '0000-00-00', '0000-00-00', 'DEPHUT/DR/F2\n', 'DEPHUT/DR/F2', '0000-00-00', '0000-00-00', '', '0000-00-00', '0000-00-00', '', 'Sedang Mengikuti', 'PENELITI', '0000-00-00', '', '', '', '', '', '', 'U-001', NULL, 'U-001', '0000-00-00 00:00:00', 0, NULL, '0000-00-00 00:00:00'),
(102, '199021317', NULL, 96, 102, 4, '', '4', '', '0000-00-00', '0000-00-00', 'DEPHUT/DR/F2\n', '', '0000-00-00', '0000-00-00', '', '0000-00-00', '0000-00-00', '', 'Sedang Mengikuti', 'PENELITI', '0000-00-00', '', '', '', '', '', '', 'U-001', NULL, 'U-001', '0000-00-00 00:00:00', 0, NULL, '0000-00-00 00:00:00'),
(103, '199021318', NULL, 97, 103, 5, '', '4', '', '0000-00-00', '0000-00-00', 'DEPHUT/DR/F2\n', 'DEPHUT/DR/F2', '0000-00-00', '0000-00-00', '', '0000-00-00', '0000-00-00', '', 'Sedang Mengikuti', 'PENELITI', '0000-00-00', '', '', '', '', '', '', 'U-001', NULL, 'U-001', '0000-00-00 00:00:00', 0, NULL, '0000-00-00 00:00:00'),
(104, '199021319', NULL, 98, 104, 6, '', '4', '', '0000-00-00', '0000-00-00', 'DEPHUT/DR/F2\n', '', '0000-00-00', '0000-00-00', '', '0000-00-00', '0000-00-00', '', 'Sedang Mengikuti', 'PENELITI', '0000-00-00', '', '', '', '', '', '', 'U-001', NULL, 'U-001', '0000-00-00 00:00:00', 0, NULL, '0000-00-00 00:00:00'),
(105, '199021320', NULL, 99, 105, 4, '', '4', '', '0000-00-00', '0000-00-00', 'DEPHUT/DR/F2\n', 'DEPHUT/DR/F2', '0000-00-00', '0000-00-00', '', '0000-00-00', '0000-00-00', '', 'Sedang Mengikuti', 'PENELITI', '0000-00-00', '', '', '', '', '', '', 'U-001', NULL, 'U-001', '0000-00-00 00:00:00', 0, NULL, '0000-00-00 00:00:00'),
(106, '199021321', NULL, 100, 106, 5, '', '4', '', '0000-00-00', '0000-00-00', 'DEPHUT/DR/F2\n', '', '0000-00-00', '0000-00-00', '', '0000-00-00', '0000-00-00', '', 'Sedang Mengikuti', 'PENELITI', '0000-00-00', '', '', '', '', '', '', 'U-001', NULL, 'U-001', '0000-00-00 00:00:00', 0, NULL, '0000-00-00 00:00:00'),
(107, 'nip', NULL, 101, 107, 6, '', '4', '', '0000-00-00', '0000-00-00', 'DEPHUT/DR/F2\n', 'DEPHUT/DR/F2', '0000-00-00', '0000-00-00', '', '0000-00-00', '0000-00-00', '', 'Sedang Mengikuti', 'PENELITI', '0000-00-00', '', '', '', '', '', '', 'U-001', NULL, 'U-001', '0000-00-00 00:00:00', 0, NULL, '0000-00-00 00:00:00'),
(109, '199021221', '62', 9, 136, 6, 'SDF', '3', 'JLSDF', '2018-08-08', '2018-08-08', 'ASDASD', '', '0000-00-00', '0000-00-00', '', '0000-00-00', '0000-00-00', '', 'Lulus', '', '0000-00-00', '', '', '', '', '', '', 'U-001', '2018-08-08 14:02:57', 'U-001', '2018-08-09 06:21:23', 0, NULL, NULL),
(110, '199021303', '62', 76, 102, 6, 'Jln. Dramaga', '2', '123.SK', '0000-00-00', '0000-00-00', '', '', '0000-00-00', '0000-00-00', '', '0000-00-00', '0000-00-00', '2015', 'Sedang Mengikuti', '', '0000-00-00', '', '', '', '', '', '', 'U-001', '2018-08-09 11:03:14', NULL, NULL, 0, NULL, NULL);

-- --------------------------------------------------------

--
-- Struktur dari tabel `karyasiswa_masalah`
--

CREATE TABLE `karyasiswa_masalah` (
  `id` int(11) NOT NULL,
  `id_karyasiswa_log` int(11) DEFAULT NULL,
  `progress` varchar(100) NOT NULL,
  `masalah_pokok` varchar(250) NOT NULL,
  `ringkasan_kondisi_1` varchar(250) NOT NULL,
  `ringkasan_kondisi_2` varchar(250) NOT NULL,
  `ringkasan_kondisi_3` varchar(250) NOT NULL,
  `ringkasan_kondisi_4` varchar(250) NOT NULL,
  `ringkasan_kondisi_5` varchar(250) NOT NULL,
  `masalah_kondisi_1` varchar(250) NOT NULL,
  `masalah_kondisi_2` varchar(250) NOT NULL,
  `masalah_kondisi_3` varchar(250) NOT NULL,
  `masalah_kondisi_4` varchar(250) NOT NULL,
  `masalah_kondisi_5` varchar(250) NOT NULL,
  `upaya_penyelesaian_1` varchar(250) NOT NULL,
  `upaya_penyelesaian_2` varchar(250) NOT NULL,
  `upaya_penyelesaian_3` varchar(250) NOT NULL,
  `upaya_penyelesaian_4` varchar(250) NOT NULL,
  `upaya_penyelesaian_5` varchar(250) NOT NULL,
  `saran_1` varchar(250) NOT NULL,
  `saran_2` varchar(250) NOT NULL,
  `saran_3` varchar(250) NOT NULL,
  `hasil_rapat_1` varchar(250) NOT NULL,
  `hasil_rapat_2` varchar(250) NOT NULL,
  `hasil_rapat_3` varchar(250) NOT NULL,
  `verifikasi` varchar(100) NOT NULL,
  `created_by` varchar(10) DEFAULT NULL,
  `created_date` datetime NOT NULL DEFAULT CURRENT_TIMESTAMP,
  `last_modified_by` varchar(10) DEFAULT NULL,
  `last_modified_date` datetime DEFAULT NULL,
  `is_deleted` tinyint(1) NOT NULL DEFAULT '0',
  `deleted_by` varchar(10) DEFAULT NULL,
  `deleted_date` datetime DEFAULT NULL
) ENGINE=InnoDB DEFAULT CHARSET=latin1;

--
-- Dumping data untuk tabel `karyasiswa_masalah`
--

INSERT INTO `karyasiswa_masalah` (`id`, `id_karyasiswa_log`, `progress`, `masalah_pokok`, `ringkasan_kondisi_1`, `ringkasan_kondisi_2`, `ringkasan_kondisi_3`, `ringkasan_kondisi_4`, `ringkasan_kondisi_5`, `masalah_kondisi_1`, `masalah_kondisi_2`, `masalah_kondisi_3`, `masalah_kondisi_4`, `masalah_kondisi_5`, `upaya_penyelesaian_1`, `upaya_penyelesaian_2`, `upaya_penyelesaian_3`, `upaya_penyelesaian_4`, `upaya_penyelesaian_5`, `saran_1`, `saran_2`, `saran_3`, `hasil_rapat_1`, `hasil_rapat_2`, `hasil_rapat_3`, `verifikasi`, `created_by`, `created_date`, `last_modified_by`, `last_modified_date`, `is_deleted`, `deleted_by`, `deleted_date`) VALUES
(2, 7, '', '', '', '', '', '', '', '', '', '', '', '', '', '', '', '', '', '', '', '', '', '', '', '', NULL, '2018-08-08 15:08:22', NULL, NULL, 0, NULL, NULL),
(3, 109, 'asda', 'asdasd', 'asfas', 'asda', 'asd', '', '', 'asfsd', 'asd', 'asda', '', '', '', 'hrth', 'rthrt', '', '', 'rth', 'rth', '', '', 'rth', '', 'rthtrh', NULL, '2018-08-08 15:13:52', 'U-001', '2018-08-09 05:12:48', 0, NULL, NULL),
(4, 78, 'Lulus', 'jaskld', 'kjalskdj', 'kjalsd', 'kjalsd', 'jklasd', '', '', '', '', '', '', '', '', '', '', '', '', '', '', '', '', '', 'finish', 'U-001', '2018-08-09 05:41:01', NULL, NULL, 0, NULL, NULL),
(5, 78, 'Lulus', 'jaskld', 'kjalskdj', 'kjalsd', 'kjalsd', 'jklasd', '', '', '', '', '', '', '', '', '', '', '', '', '', '', '', '', '', 'finish', 'U-001', '2018-08-09 05:41:31', NULL, NULL, 1, 'U-001', '2018-08-09 06:00:01');

-- --------------------------------------------------------

--
-- Struktur dari tabel `kota`
--

CREATE TABLE `kota` (
  `kode` varchar(10) NOT NULL,
  `nama_kota` varchar(50) NOT NULL,
  `created_by` varchar(10) DEFAULT NULL,
  `created_date` datetime DEFAULT CURRENT_TIMESTAMP,
  `last_modified_by` varchar(10) DEFAULT NULL,
  `last_modified_date` datetime DEFAULT NULL,
  `is_deleted` tinyint(1) NOT NULL DEFAULT '0',
  `deleted_by` varchar(10) DEFAULT NULL,
  `deleted_date` datetime DEFAULT NULL
) ENGINE=InnoDB DEFAULT CHARSET=latin1;

--
-- Dumping data untuk tabel `kota`
--

INSERT INTO `kota` (`kode`, `nama_kota`, `created_by`, `created_date`, `last_modified_by`, `last_modified_date`, `is_deleted`, `deleted_by`, `deleted_date`) VALUES
('1101', 'KABUPATEN SIMEULUE', 'U-001', '0000-00-00 00:00:00', 'U-001', '0000-00-00 00:00:00', 0, 'U-001', '0000-00-00 00:00:00'),
('1102', 'KABUPATEN ACEH SINGKIL', 'U-001', '0000-00-00 00:00:00', 'U-001', '0000-00-00 00:00:00', 0, 'U-001', '0000-00-00 00:00:00'),
('1103', 'KABUPATEN ACEH SELATAN', 'U-001', '0000-00-00 00:00:00', 'U-001', '0000-00-00 00:00:00', 0, 'U-001', '0000-00-00 00:00:00'),
('1104', 'KABUPATEN ACEH TENGGARA', 'U-001', '0000-00-00 00:00:00', 'U-001', '0000-00-00 00:00:00', 0, 'U-001', '0000-00-00 00:00:00'),
('1105', 'KABUPATEN ACEH TIMUR', 'U-001', '0000-00-00 00:00:00', 'U-001', '0000-00-00 00:00:00', 0, 'U-001', '0000-00-00 00:00:00'),
('1106', 'KABUPATEN ACEH TENGAH', 'U-001', '0000-00-00 00:00:00', 'U-001', '0000-00-00 00:00:00', 0, 'U-001', '0000-00-00 00:00:00'),
('1107', 'KABUPATEN ACEH BARAT', 'U-001', '0000-00-00 00:00:00', 'U-001', '0000-00-00 00:00:00', 0, 'U-001', '0000-00-00 00:00:00'),
('1108', 'KABUPATEN ACEH BESAR', 'U-001', '0000-00-00 00:00:00', 'U-001', '0000-00-00 00:00:00', 0, 'U-001', '0000-00-00 00:00:00'),
('1109', 'KABUPATEN PIDIE', 'U-001', '0000-00-00 00:00:00', 'U-001', '0000-00-00 00:00:00', 0, 'U-001', '0000-00-00 00:00:00'),
('1110', 'KABUPATEN BIREUEN', 'U-001', '0000-00-00 00:00:00', 'U-001', '0000-00-00 00:00:00', 0, 'U-001', '0000-00-00 00:00:00'),
('1111', 'KABUPATEN ACEH UTARA', 'U-001', '0000-00-00 00:00:00', 'U-001', '0000-00-00 00:00:00', 0, 'U-001', '0000-00-00 00:00:00'),
('1112', 'KABUPATEN ACEH BARAT DAYA', 'U-001', '0000-00-00 00:00:00', 'U-001', '0000-00-00 00:00:00', 0, 'U-001', '0000-00-00 00:00:00'),
('1113', 'KABUPATEN GAYO LUES', 'U-001', '0000-00-00 00:00:00', 'U-001', '0000-00-00 00:00:00', 0, 'U-001', '0000-00-00 00:00:00'),
('1114', 'KABUPATEN ACEH TAMIANG', 'U-001', '0000-00-00 00:00:00', 'U-001', '0000-00-00 00:00:00', 0, 'U-001', '0000-00-00 00:00:00'),
('1115', 'KABUPATEN NAGAN RAYA', 'U-001', '0000-00-00 00:00:00', 'U-001', '0000-00-00 00:00:00', 0, 'U-001', '0000-00-00 00:00:00'),
('1116', 'KABUPATEN ACEH JAYA', 'U-001', '0000-00-00 00:00:00', 'U-001', '0000-00-00 00:00:00', 0, 'U-001', '0000-00-00 00:00:00'),
('1117', 'KABUPATEN BENER MERIAH', 'U-001', '0000-00-00 00:00:00', 'U-001', '0000-00-00 00:00:00', 0, 'U-001', '0000-00-00 00:00:00'),
('1118', 'KABUPATEN PIDIE JAYA', 'U-001', '0000-00-00 00:00:00', 'U-001', '0000-00-00 00:00:00', 0, 'U-001', '0000-00-00 00:00:00'),
('1171', 'KOTA BANDA ACEH', 'U-001', '0000-00-00 00:00:00', 'U-001', '0000-00-00 00:00:00', 0, 'U-001', '0000-00-00 00:00:00'),
('1172', 'KOTA SABANG', 'U-001', '0000-00-00 00:00:00', 'U-001', '0000-00-00 00:00:00', 0, 'U-001', '0000-00-00 00:00:00'),
('1173', 'KOTA LANGSA', 'U-001', '0000-00-00 00:00:00', 'U-001', '0000-00-00 00:00:00', 0, 'U-001', '0000-00-00 00:00:00'),
('1174', 'KOTA LHOKSEUMAWE', 'U-001', '0000-00-00 00:00:00', 'U-001', '0000-00-00 00:00:00', 0, 'U-001', '0000-00-00 00:00:00'),
('1175', 'KOTA SUBULUSSALAM', 'U-001', '0000-00-00 00:00:00', 'U-001', '0000-00-00 00:00:00', 0, 'U-001', '0000-00-00 00:00:00'),
('1201', 'KABUPATEN NIAS', 'U-001', '0000-00-00 00:00:00', 'U-001', '0000-00-00 00:00:00', 0, 'U-001', '0000-00-00 00:00:00'),
('1202', 'KABUPATEN MANDAILING NATAL', 'U-001', '0000-00-00 00:00:00', 'U-001', '0000-00-00 00:00:00', 0, 'U-001', '0000-00-00 00:00:00'),
('1203', 'KABUPATEN TAPANULI SELATAN', 'U-001', '0000-00-00 00:00:00', 'U-001', '0000-00-00 00:00:00', 0, 'U-001', '0000-00-00 00:00:00'),
('1204', 'KABUPATEN TAPANULI TENGAH', 'U-001', '0000-00-00 00:00:00', 'U-001', '0000-00-00 00:00:00', 0, 'U-001', '0000-00-00 00:00:00'),
('1205', 'KABUPATEN TAPANULI UTARA', 'U-001', '0000-00-00 00:00:00', 'U-001', '0000-00-00 00:00:00', 0, 'U-001', '0000-00-00 00:00:00'),
('1206', 'KABUPATEN TOBA SAMOSIR', 'U-001', '0000-00-00 00:00:00', 'U-001', '0000-00-00 00:00:00', 0, 'U-001', '0000-00-00 00:00:00'),
('1207', 'KABUPATEN LABUHAN BATU', 'U-001', '0000-00-00 00:00:00', 'U-001', '0000-00-00 00:00:00', 0, 'U-001', '0000-00-00 00:00:00'),
('1208', 'KABUPATEN ASAHAN', 'U-001', '0000-00-00 00:00:00', 'U-001', '0000-00-00 00:00:00', 0, 'U-001', '0000-00-00 00:00:00'),
('1209', 'KABUPATEN SIMALUNGUN', 'U-001', '0000-00-00 00:00:00', 'U-001', '0000-00-00 00:00:00', 0, 'U-001', '0000-00-00 00:00:00'),
('1210', 'KABUPATEN DAIRI', 'U-001', '0000-00-00 00:00:00', 'U-001', '0000-00-00 00:00:00', 0, 'U-001', '0000-00-00 00:00:00'),
('1211', 'KABUPATEN KARO', 'U-001', '0000-00-00 00:00:00', 'U-001', '0000-00-00 00:00:00', 0, 'U-001', '0000-00-00 00:00:00'),
('1212', 'KABUPATEN DELI SERDANG', 'U-001', '0000-00-00 00:00:00', 'U-001', '0000-00-00 00:00:00', 0, 'U-001', '0000-00-00 00:00:00'),
('1213', 'KABUPATEN LANGKAT', 'U-001', '0000-00-00 00:00:00', 'U-001', '0000-00-00 00:00:00', 0, 'U-001', '0000-00-00 00:00:00'),
('1214', 'KABUPATEN NIAS SELATAN', 'U-001', '0000-00-00 00:00:00', 'U-001', '0000-00-00 00:00:00', 0, 'U-001', '0000-00-00 00:00:00'),
('1215', 'KABUPATEN HUMBANG HASUNDUTAN', 'U-001', '0000-00-00 00:00:00', 'U-001', '0000-00-00 00:00:00', 0, 'U-001', '0000-00-00 00:00:00'),
('1216', 'KABUPATEN PAKPAK BHARAT', 'U-001', '0000-00-00 00:00:00', 'U-001', '0000-00-00 00:00:00', 0, 'U-001', '0000-00-00 00:00:00'),
('1217', 'KABUPATEN SAMOSIR', 'U-001', '0000-00-00 00:00:00', 'U-001', '0000-00-00 00:00:00', 0, 'U-001', '0000-00-00 00:00:00'),
('1218', 'KABUPATEN SERDANG BEDAGAI', 'U-001', '0000-00-00 00:00:00', 'U-001', '0000-00-00 00:00:00', 0, 'U-001', '0000-00-00 00:00:00'),
('1219', 'KABUPATEN BATU BARA', 'U-001', '0000-00-00 00:00:00', 'U-001', '0000-00-00 00:00:00', 0, 'U-001', '0000-00-00 00:00:00'),
('1220', 'KABUPATEN PADANG LAWAS UTARA', 'U-001', '0000-00-00 00:00:00', 'U-001', '0000-00-00 00:00:00', 0, 'U-001', '0000-00-00 00:00:00'),
('1221', 'KABUPATEN PADANG LAWAS', 'U-001', '0000-00-00 00:00:00', 'U-001', '0000-00-00 00:00:00', 0, 'U-001', '0000-00-00 00:00:00'),
('1222', 'KABUPATEN LABUHAN BATU SELATAN', 'U-001', '0000-00-00 00:00:00', 'U-001', '0000-00-00 00:00:00', 0, 'U-001', '0000-00-00 00:00:00'),
('1223', 'KABUPATEN LABUHAN BATU UTARA', 'U-001', '0000-00-00 00:00:00', 'U-001', '0000-00-00 00:00:00', 0, 'U-001', '0000-00-00 00:00:00'),
('1224', 'KABUPATEN NIAS UTARA', 'U-001', '0000-00-00 00:00:00', 'U-001', '0000-00-00 00:00:00', 0, 'U-001', '0000-00-00 00:00:00'),
('1225', 'KABUPATEN NIAS BARAT', 'U-001', '0000-00-00 00:00:00', 'U-001', '0000-00-00 00:00:00', 0, 'U-001', '0000-00-00 00:00:00'),
('1271', 'KOTA SIBOLGA', 'U-001', '0000-00-00 00:00:00', 'U-001', '0000-00-00 00:00:00', 0, 'U-001', '0000-00-00 00:00:00'),
('1272', 'KOTA TANJUNG BALAI', 'U-001', '0000-00-00 00:00:00', 'U-001', '0000-00-00 00:00:00', 0, 'U-001', '0000-00-00 00:00:00'),
('1273', 'KOTA PEMATANG SIANTAR', 'U-001', '0000-00-00 00:00:00', 'U-001', '0000-00-00 00:00:00', 0, 'U-001', '0000-00-00 00:00:00'),
('1274', 'KOTA TEBING TINGGI', 'U-001', '0000-00-00 00:00:00', 'U-001', '0000-00-00 00:00:00', 0, 'U-001', '0000-00-00 00:00:00'),
('1275', 'KOTA MEDAN', 'U-001', '0000-00-00 00:00:00', 'U-001', '0000-00-00 00:00:00', 0, 'U-001', '0000-00-00 00:00:00'),
('1276', 'KOTA BINJAI', 'U-001', '0000-00-00 00:00:00', 'U-001', '0000-00-00 00:00:00', 0, 'U-001', '0000-00-00 00:00:00'),
('1277', 'KOTA PADANGSIDIMPUAN', 'U-001', '0000-00-00 00:00:00', 'U-001', '0000-00-00 00:00:00', 0, 'U-001', '0000-00-00 00:00:00'),
('1278', 'KOTA GUNUNGSITOLI', 'U-001', '0000-00-00 00:00:00', 'U-001', '0000-00-00 00:00:00', 0, 'U-001', '0000-00-00 00:00:00'),
('1301', 'KABUPATEN KEPULAUAN MENTAWAI', 'U-001', '0000-00-00 00:00:00', 'U-001', '0000-00-00 00:00:00', 0, 'U-001', '0000-00-00 00:00:00'),
('1302', 'KABUPATEN PESISIR SELATAN', 'U-001', '0000-00-00 00:00:00', 'U-001', '0000-00-00 00:00:00', 0, 'U-001', '0000-00-00 00:00:00'),
('1303', 'KABUPATEN SOLOK', 'U-001', '0000-00-00 00:00:00', 'U-001', '0000-00-00 00:00:00', 0, 'U-001', '0000-00-00 00:00:00'),
('1304', 'KABUPATEN SIJUNJUNG', 'U-001', '0000-00-00 00:00:00', 'U-001', '0000-00-00 00:00:00', 0, 'U-001', '0000-00-00 00:00:00'),
('1305', 'KABUPATEN TANAH DATAR', 'U-001', '0000-00-00 00:00:00', 'U-001', '0000-00-00 00:00:00', 0, 'U-001', '0000-00-00 00:00:00'),
('1306', 'KABUPATEN PADANG PARIAMAN', 'U-001', '0000-00-00 00:00:00', 'U-001', '0000-00-00 00:00:00', 0, 'U-001', '0000-00-00 00:00:00'),
('1307', 'KABUPATEN AGAM', 'U-001', '0000-00-00 00:00:00', 'U-001', '0000-00-00 00:00:00', 0, 'U-001', '0000-00-00 00:00:00'),
('1308', 'KABUPATEN LIMA PULUH KOTA', 'U-001', '0000-00-00 00:00:00', 'U-001', '0000-00-00 00:00:00', 0, 'U-001', '0000-00-00 00:00:00'),
('1309', 'KABUPATEN PASAMAN', 'U-001', '0000-00-00 00:00:00', 'U-001', '0000-00-00 00:00:00', 0, 'U-001', '0000-00-00 00:00:00'),
('1310', 'KABUPATEN SOLOK SELATAN', 'U-001', '0000-00-00 00:00:00', 'U-001', '0000-00-00 00:00:00', 0, 'U-001', '0000-00-00 00:00:00'),
('1311', 'KABUPATEN DHARMASRAYA', 'U-001', '0000-00-00 00:00:00', 'U-001', '0000-00-00 00:00:00', 0, 'U-001', '0000-00-00 00:00:00'),
('1312', 'KABUPATEN PASAMAN BARAT', 'U-001', '0000-00-00 00:00:00', 'U-001', '0000-00-00 00:00:00', 0, 'U-001', '0000-00-00 00:00:00'),
('1371', 'KOTA PADANG', 'U-001', '0000-00-00 00:00:00', 'U-001', '0000-00-00 00:00:00', 0, 'U-001', '0000-00-00 00:00:00'),
('1372', 'KOTA SOLOK', 'U-001', '0000-00-00 00:00:00', 'U-001', '0000-00-00 00:00:00', 0, 'U-001', '0000-00-00 00:00:00'),
('1373', 'KOTA SAWAH LUNTO', 'U-001', '0000-00-00 00:00:00', 'U-001', '0000-00-00 00:00:00', 0, 'U-001', '0000-00-00 00:00:00'),
('1374', 'KOTA PADANG PANJANG', 'U-001', '0000-00-00 00:00:00', 'U-001', '0000-00-00 00:00:00', 0, 'U-001', '0000-00-00 00:00:00'),
('1375', 'KOTA BUKITTINGGI', 'U-001', '0000-00-00 00:00:00', 'U-001', '0000-00-00 00:00:00', 0, 'U-001', '0000-00-00 00:00:00'),
('1376', 'KOTA PAYAKUMBUH', 'U-001', '0000-00-00 00:00:00', 'U-001', '0000-00-00 00:00:00', 0, 'U-001', '0000-00-00 00:00:00'),
('1377', 'KOTA PARIAMAN', 'U-001', '0000-00-00 00:00:00', 'U-001', '0000-00-00 00:00:00', 0, 'U-001', '0000-00-00 00:00:00'),
('1401', 'KABUPATEN KUANTAN SINGINGI', 'U-001', '0000-00-00 00:00:00', 'U-001', '0000-00-00 00:00:00', 0, 'U-001', '0000-00-00 00:00:00'),
('1402', 'KABUPATEN INDRAGIRI HULU', 'U-001', '0000-00-00 00:00:00', 'U-001', '0000-00-00 00:00:00', 0, 'U-001', '0000-00-00 00:00:00'),
('1403', 'KABUPATEN INDRAGIRI HILIR', 'U-001', '0000-00-00 00:00:00', 'U-001', '0000-00-00 00:00:00', 0, 'U-001', '0000-00-00 00:00:00'),
('1404', 'KABUPATEN PELALAWAN', 'U-001', '0000-00-00 00:00:00', 'U-001', '0000-00-00 00:00:00', 0, 'U-001', '0000-00-00 00:00:00'),
('1405', 'KABUPATEN S I A K', 'U-001', '0000-00-00 00:00:00', 'U-001', '0000-00-00 00:00:00', 0, 'U-001', '0000-00-00 00:00:00'),
('1406', 'KABUPATEN KAMPAR', 'U-001', '0000-00-00 00:00:00', 'U-001', '0000-00-00 00:00:00', 0, 'U-001', '0000-00-00 00:00:00'),
('1407', 'KABUPATEN ROKAN HULU', 'U-001', '0000-00-00 00:00:00', 'U-001', '0000-00-00 00:00:00', 0, 'U-001', '0000-00-00 00:00:00'),
('1408', 'KABUPATEN BENGKALIS', 'U-001', '0000-00-00 00:00:00', 'U-001', '0000-00-00 00:00:00', 0, 'U-001', '0000-00-00 00:00:00'),
('1409', 'KABUPATEN ROKAN HILIR', 'U-001', '0000-00-00 00:00:00', 'U-001', '0000-00-00 00:00:00', 0, 'U-001', '0000-00-00 00:00:00'),
('1410', 'KABUPATEN KEPULAUAN MERANTI', 'U-001', '0000-00-00 00:00:00', 'U-001', '0000-00-00 00:00:00', 0, 'U-001', '0000-00-00 00:00:00'),
('1471', 'KOTA PEKANBARU', 'U-001', '0000-00-00 00:00:00', 'U-001', '0000-00-00 00:00:00', 0, 'U-001', '0000-00-00 00:00:00'),
('1473', 'KOTA D U M A I', 'U-001', '0000-00-00 00:00:00', 'U-001', '0000-00-00 00:00:00', 0, 'U-001', '0000-00-00 00:00:00'),
('1501', 'KABUPATEN KERINCI', 'U-001', '0000-00-00 00:00:00', 'U-001', '0000-00-00 00:00:00', 0, 'U-001', '0000-00-00 00:00:00'),
('1502', 'KABUPATEN MERANGIN', 'U-001', '0000-00-00 00:00:00', 'U-001', '0000-00-00 00:00:00', 0, 'U-001', '0000-00-00 00:00:00'),
('1503', 'KABUPATEN SAROLANGUN', 'U-001', '0000-00-00 00:00:00', 'U-001', '0000-00-00 00:00:00', 0, 'U-001', '0000-00-00 00:00:00'),
('1504', 'KABUPATEN BATANG HARI', 'U-001', '0000-00-00 00:00:00', 'U-001', '0000-00-00 00:00:00', 0, 'U-001', '0000-00-00 00:00:00'),
('1505', 'KABUPATEN MUARO JAMBI', 'U-001', '0000-00-00 00:00:00', 'U-001', '0000-00-00 00:00:00', 0, 'U-001', '0000-00-00 00:00:00'),
('1506', 'KABUPATEN TANJUNG JABUNG TIMUR', 'U-001', '0000-00-00 00:00:00', 'U-001', '0000-00-00 00:00:00', 0, 'U-001', '0000-00-00 00:00:00'),
('1507', 'KABUPATEN TANJUNG JABUNG BARAT', 'U-001', '0000-00-00 00:00:00', 'U-001', '0000-00-00 00:00:00', 0, 'U-001', '0000-00-00 00:00:00'),
('1508', 'KABUPATEN TEBO', 'U-001', '0000-00-00 00:00:00', 'U-001', '0000-00-00 00:00:00', 0, 'U-001', '0000-00-00 00:00:00'),
('1509', 'KABUPATEN BUNGO', 'U-001', '0000-00-00 00:00:00', 'U-001', '0000-00-00 00:00:00', 0, 'U-001', '0000-00-00 00:00:00'),
('1571', 'KOTA JAMBI', 'U-001', '0000-00-00 00:00:00', 'U-001', '0000-00-00 00:00:00', 0, 'U-001', '0000-00-00 00:00:00'),
('1572', 'KOTA SUNGAI PENUH', 'U-001', '0000-00-00 00:00:00', 'U-001', '0000-00-00 00:00:00', 0, 'U-001', '0000-00-00 00:00:00'),
('1601', 'KABUPATEN OGAN KOMERING ULU', 'U-001', '0000-00-00 00:00:00', 'U-001', '0000-00-00 00:00:00', 0, 'U-001', '0000-00-00 00:00:00'),
('1602', 'KABUPATEN OGAN KOMERING ILIR', 'U-001', '0000-00-00 00:00:00', 'U-001', '0000-00-00 00:00:00', 0, 'U-001', '0000-00-00 00:00:00'),
('1603', 'KABUPATEN MUARA ENIM', 'U-001', '0000-00-00 00:00:00', 'U-001', '0000-00-00 00:00:00', 0, 'U-001', '0000-00-00 00:00:00'),
('1604', 'KABUPATEN LAHAT', 'U-001', '0000-00-00 00:00:00', 'U-001', '0000-00-00 00:00:00', 0, 'U-001', '0000-00-00 00:00:00'),
('1605', 'KABUPATEN MUSI RAWAS', 'U-001', '0000-00-00 00:00:00', 'U-001', '0000-00-00 00:00:00', 0, 'U-001', '0000-00-00 00:00:00'),
('1606', 'KABUPATEN MUSI BANYUASIN', 'U-001', '0000-00-00 00:00:00', 'U-001', '0000-00-00 00:00:00', 0, 'U-001', '0000-00-00 00:00:00'),
('1607', 'KABUPATEN BANYU ASIN', 'U-001', '0000-00-00 00:00:00', 'U-001', '0000-00-00 00:00:00', 0, 'U-001', '0000-00-00 00:00:00'),
('1608', 'KABUPATEN OGAN KOMERING ULU SELATAN', 'U-001', '0000-00-00 00:00:00', 'U-001', '0000-00-00 00:00:00', 0, 'U-001', '0000-00-00 00:00:00'),
('1609', 'KABUPATEN OGAN KOMERING ULU TIMUR', 'U-001', '0000-00-00 00:00:00', 'U-001', '0000-00-00 00:00:00', 0, 'U-001', '0000-00-00 00:00:00'),
('1610', 'KABUPATEN OGAN ILIR', 'U-001', '0000-00-00 00:00:00', 'U-001', '0000-00-00 00:00:00', 0, 'U-001', '0000-00-00 00:00:00'),
('1611', 'KABUPATEN EMPAT LAWANG', 'U-001', '0000-00-00 00:00:00', 'U-001', '0000-00-00 00:00:00', 0, 'U-001', '0000-00-00 00:00:00'),
('1612', 'KABUPATEN PENUKAL ABAB LEMATANG ILIR', 'U-001', '0000-00-00 00:00:00', 'U-001', '0000-00-00 00:00:00', 0, 'U-001', '0000-00-00 00:00:00'),
('1613', 'KABUPATEN MUSI RAWAS UTARA', 'U-001', '0000-00-00 00:00:00', 'U-001', '0000-00-00 00:00:00', 0, 'U-001', '0000-00-00 00:00:00'),
('1671', 'KOTA PALEMBANG', 'U-001', '0000-00-00 00:00:00', 'U-001', '0000-00-00 00:00:00', 0, 'U-001', '0000-00-00 00:00:00'),
('1672', 'KOTA PRABUMULIH', 'U-001', '0000-00-00 00:00:00', 'U-001', '0000-00-00 00:00:00', 0, 'U-001', '0000-00-00 00:00:00'),
('1673', 'KOTA PAGAR ALAM', 'U-001', '0000-00-00 00:00:00', 'U-001', '0000-00-00 00:00:00', 0, 'U-001', '0000-00-00 00:00:00'),
('1674', 'KOTA LUBUKLINGGAU', 'U-001', '0000-00-00 00:00:00', 'U-001', '0000-00-00 00:00:00', 0, 'U-001', '0000-00-00 00:00:00'),
('1701', 'KABUPATEN BENGKULU SELATAN', 'U-001', '0000-00-00 00:00:00', 'U-001', '0000-00-00 00:00:00', 0, 'U-001', '0000-00-00 00:00:00'),
('1702', 'KABUPATEN REJANG LEBONG', 'U-001', '0000-00-00 00:00:00', 'U-001', '0000-00-00 00:00:00', 0, 'U-001', '0000-00-00 00:00:00'),
('1703', 'KABUPATEN BENGKULU UTARA', 'U-001', '0000-00-00 00:00:00', 'U-001', '0000-00-00 00:00:00', 0, 'U-001', '0000-00-00 00:00:00'),
('1704', 'KABUPATEN KAUR', 'U-001', '0000-00-00 00:00:00', 'U-001', '0000-00-00 00:00:00', 0, 'U-001', '0000-00-00 00:00:00'),
('1705', 'KABUPATEN SELUMA', 'U-001', '0000-00-00 00:00:00', 'U-001', '0000-00-00 00:00:00', 0, 'U-001', '0000-00-00 00:00:00'),
('1706', 'KABUPATEN MUKOMUKO', 'U-001', '0000-00-00 00:00:00', 'U-001', '0000-00-00 00:00:00', 0, 'U-001', '0000-00-00 00:00:00'),
('1707', 'KABUPATEN LEBONG', 'U-001', '0000-00-00 00:00:00', 'U-001', '0000-00-00 00:00:00', 0, 'U-001', '0000-00-00 00:00:00'),
('1708', 'KABUPATEN KEPAHIANG', 'U-001', '0000-00-00 00:00:00', 'U-001', '0000-00-00 00:00:00', 0, 'U-001', '0000-00-00 00:00:00'),
('1709', 'KABUPATEN BENGKULU TENGAH', 'U-001', '0000-00-00 00:00:00', 'U-001', '0000-00-00 00:00:00', 0, 'U-001', '0000-00-00 00:00:00'),
('1771', 'KOTA BENGKULU', 'U-001', '0000-00-00 00:00:00', 'U-001', '0000-00-00 00:00:00', 0, 'U-001', '0000-00-00 00:00:00'),
('1801', 'KABUPATEN LAMPUNG BARAT', 'U-001', '0000-00-00 00:00:00', 'U-001', '0000-00-00 00:00:00', 0, 'U-001', '0000-00-00 00:00:00'),
('1802', 'KABUPATEN TANGGAMUS', 'U-001', '0000-00-00 00:00:00', 'U-001', '0000-00-00 00:00:00', 0, 'U-001', '0000-00-00 00:00:00'),
('1803', 'KABUPATEN LAMPUNG SELATAN', 'U-001', '0000-00-00 00:00:00', 'U-001', '0000-00-00 00:00:00', 0, 'U-001', '0000-00-00 00:00:00'),
('1804', 'KABUPATEN LAMPUNG TIMUR', 'U-001', '0000-00-00 00:00:00', 'U-001', '0000-00-00 00:00:00', 0, 'U-001', '0000-00-00 00:00:00'),
('1805', 'KABUPATEN LAMPUNG TENGAH', 'U-001', '0000-00-00 00:00:00', 'U-001', '0000-00-00 00:00:00', 0, 'U-001', '0000-00-00 00:00:00'),
('1806', 'KABUPATEN LAMPUNG UTARA', 'U-001', '0000-00-00 00:00:00', 'U-001', '0000-00-00 00:00:00', 0, 'U-001', '0000-00-00 00:00:00'),
('1807', 'KABUPATEN WAY KANAN', 'U-001', '0000-00-00 00:00:00', 'U-001', '0000-00-00 00:00:00', 0, 'U-001', '0000-00-00 00:00:00'),
('1808', 'KABUPATEN TULANGBAWANG', 'U-001', '0000-00-00 00:00:00', 'U-001', '0000-00-00 00:00:00', 0, 'U-001', '0000-00-00 00:00:00'),
('1809', 'KABUPATEN PESAWARAN', 'U-001', '0000-00-00 00:00:00', 'U-001', '0000-00-00 00:00:00', 0, 'U-001', '0000-00-00 00:00:00'),
('1810', 'KABUPATEN PRINGSEWU', 'U-001', '0000-00-00 00:00:00', 'U-001', '0000-00-00 00:00:00', 0, 'U-001', '0000-00-00 00:00:00'),
('1811', 'KABUPATEN MESUJI', 'U-001', '0000-00-00 00:00:00', 'U-001', '0000-00-00 00:00:00', 0, 'U-001', '0000-00-00 00:00:00'),
('1812', 'KABUPATEN TULANG BAWANG BARAT', 'U-001', '0000-00-00 00:00:00', 'U-001', '0000-00-00 00:00:00', 0, 'U-001', '0000-00-00 00:00:00'),
('1813', 'KABUPATEN PESISIR BARAT', 'U-001', '0000-00-00 00:00:00', 'U-001', '0000-00-00 00:00:00', 0, 'U-001', '0000-00-00 00:00:00'),
('1871', 'KOTA BANDAR LAMPUNG', 'U-001', '0000-00-00 00:00:00', 'U-001', '0000-00-00 00:00:00', 0, 'U-001', '0000-00-00 00:00:00'),
('1872', 'KOTA METRO', 'U-001', '0000-00-00 00:00:00', 'U-001', '0000-00-00 00:00:00', 0, 'U-001', '0000-00-00 00:00:00'),
('1901', 'KABUPATEN BANGKA', 'U-001', '0000-00-00 00:00:00', 'U-001', '0000-00-00 00:00:00', 0, 'U-001', '0000-00-00 00:00:00'),
('1902', 'KABUPATEN BELITUNG', 'U-001', '0000-00-00 00:00:00', 'U-001', '0000-00-00 00:00:00', 0, 'U-001', '0000-00-00 00:00:00'),
('1903', 'KABUPATEN BANGKA BARAT', 'U-001', '0000-00-00 00:00:00', 'U-001', '0000-00-00 00:00:00', 0, 'U-001', '0000-00-00 00:00:00'),
('1904', 'KABUPATEN BANGKA TENGAH', 'U-001', '0000-00-00 00:00:00', 'U-001', '0000-00-00 00:00:00', 0, 'U-001', '0000-00-00 00:00:00'),
('1905', 'KABUPATEN BANGKA SELATAN', 'U-001', '0000-00-00 00:00:00', 'U-001', '0000-00-00 00:00:00', 0, 'U-001', '0000-00-00 00:00:00'),
('1906', 'KABUPATEN BELITUNG TIMUR', 'U-001', '0000-00-00 00:00:00', 'U-001', '0000-00-00 00:00:00', 0, 'U-001', '0000-00-00 00:00:00'),
('1971', 'KOTA PANGKAL PINANG', 'U-001', '0000-00-00 00:00:00', 'U-001', '0000-00-00 00:00:00', 0, 'U-001', '0000-00-00 00:00:00'),
('2101', 'KABUPATEN KARIMUN', 'U-001', '0000-00-00 00:00:00', 'U-001', '0000-00-00 00:00:00', 0, 'U-001', '0000-00-00 00:00:00'),
('2102', 'KABUPATEN BINTAN', 'U-001', '0000-00-00 00:00:00', 'U-001', '0000-00-00 00:00:00', 0, 'U-001', '0000-00-00 00:00:00'),
('2103', 'KABUPATEN NATUNA', 'U-001', '0000-00-00 00:00:00', 'U-001', '0000-00-00 00:00:00', 0, 'U-001', '0000-00-00 00:00:00'),
('2104', 'KABUPATEN LINGGA', 'U-001', '0000-00-00 00:00:00', 'U-001', '0000-00-00 00:00:00', 0, 'U-001', '0000-00-00 00:00:00'),
('2105', 'KABUPATEN KEPULAUAN ANAMBAS', 'U-001', '0000-00-00 00:00:00', 'U-001', '0000-00-00 00:00:00', 0, 'U-001', '0000-00-00 00:00:00'),
('2171', 'KOTA B A T A M', 'U-001', '0000-00-00 00:00:00', 'U-001', '0000-00-00 00:00:00', 0, 'U-001', '0000-00-00 00:00:00'),
('2172', 'KOTA TANJUNG PINANG', 'U-001', '0000-00-00 00:00:00', 'U-001', '0000-00-00 00:00:00', 0, 'U-001', '0000-00-00 00:00:00'),
('3101', 'KABUPATEN KEPULAUAN SERIBU', 'U-001', '0000-00-00 00:00:00', 'U-001', '0000-00-00 00:00:00', 0, 'U-001', '0000-00-00 00:00:00'),
('3171', 'KOTA JAKARTA SELATAN', 'U-001', '0000-00-00 00:00:00', 'U-001', '0000-00-00 00:00:00', 0, 'U-001', '0000-00-00 00:00:00'),
('3172', 'KOTA JAKARTA TIMUR', 'U-001', '0000-00-00 00:00:00', 'U-001', '0000-00-00 00:00:00', 0, 'U-001', '0000-00-00 00:00:00'),
('3173', 'KOTA JAKARTA PUSAT', 'U-001', '0000-00-00 00:00:00', 'U-001', '0000-00-00 00:00:00', 0, 'U-001', '0000-00-00 00:00:00'),
('3174', 'KOTA JAKARTA BARAT', 'U-001', '0000-00-00 00:00:00', 'U-001', '0000-00-00 00:00:00', 0, 'U-001', '0000-00-00 00:00:00'),
('3175', 'KOTA JAKARTA UTARA', 'U-001', '0000-00-00 00:00:00', 'U-001', '0000-00-00 00:00:00', 0, 'U-001', '0000-00-00 00:00:00'),
('3201', 'KABUPATEN BOGOR', 'U-001', '0000-00-00 00:00:00', 'U-001', '0000-00-00 00:00:00', 0, 'U-001', '0000-00-00 00:00:00'),
('3202', 'KABUPATEN SUKABUMI', 'U-001', '0000-00-00 00:00:00', 'U-001', '0000-00-00 00:00:00', 0, 'U-001', '0000-00-00 00:00:00'),
('3203', 'KABUPATEN CIANJUR', 'U-001', '0000-00-00 00:00:00', 'U-001', '0000-00-00 00:00:00', 0, 'U-001', '0000-00-00 00:00:00'),
('3204', 'KABUPATEN BANDUNG', 'U-001', '0000-00-00 00:00:00', 'U-001', '0000-00-00 00:00:00', 0, 'U-001', '0000-00-00 00:00:00'),
('3205', 'KABUPATEN GARUT', 'U-001', '0000-00-00 00:00:00', 'U-001', '0000-00-00 00:00:00', 0, 'U-001', '0000-00-00 00:00:00'),
('3206', 'KABUPATEN TASIKMALAYA', 'U-001', '0000-00-00 00:00:00', 'U-001', '0000-00-00 00:00:00', 0, 'U-001', '0000-00-00 00:00:00'),
('3207', 'KABUPATEN CIAMIS', 'U-001', '0000-00-00 00:00:00', 'U-001', '0000-00-00 00:00:00', 0, 'U-001', '0000-00-00 00:00:00'),
('3208', 'KABUPATEN KUNINGAN', 'U-001', '0000-00-00 00:00:00', 'U-001', '0000-00-00 00:00:00', 0, 'U-001', '0000-00-00 00:00:00'),
('3209', 'KABUPATEN CIREBON', 'U-001', '0000-00-00 00:00:00', 'U-001', '0000-00-00 00:00:00', 0, 'U-001', '0000-00-00 00:00:00'),
('3210', 'KABUPATEN MAJALENGKA', 'U-001', '0000-00-00 00:00:00', 'U-001', '0000-00-00 00:00:00', 0, 'U-001', '0000-00-00 00:00:00'),
('3211', 'KABUPATEN SUMEDANG', 'U-001', '0000-00-00 00:00:00', 'U-001', '0000-00-00 00:00:00', 0, 'U-001', '0000-00-00 00:00:00'),
('3212', 'KABUPATEN INDRAMAYU', 'U-001', '0000-00-00 00:00:00', 'U-001', '0000-00-00 00:00:00', 0, 'U-001', '0000-00-00 00:00:00'),
('3213', 'KABUPATEN SUBANG', 'U-001', '0000-00-00 00:00:00', 'U-001', '0000-00-00 00:00:00', 0, 'U-001', '0000-00-00 00:00:00'),
('3214', 'KABUPATEN PURWAKARTA', 'U-001', '0000-00-00 00:00:00', 'U-001', '0000-00-00 00:00:00', 0, 'U-001', '0000-00-00 00:00:00'),
('3215', 'KABUPATEN KARAWANG', 'U-001', '0000-00-00 00:00:00', 'U-001', '0000-00-00 00:00:00', 0, 'U-001', '0000-00-00 00:00:00'),
('3216', 'KABUPATEN BEKASI', 'U-001', '0000-00-00 00:00:00', 'U-001', '0000-00-00 00:00:00', 0, 'U-001', '0000-00-00 00:00:00'),
('3217', 'KABUPATEN BANDUNG BARAT', 'U-001', '0000-00-00 00:00:00', 'U-001', '0000-00-00 00:00:00', 0, 'U-001', '0000-00-00 00:00:00'),
('3218', 'KABUPATEN PANGANDARAN', 'U-001', '0000-00-00 00:00:00', 'U-001', '0000-00-00 00:00:00', 0, 'U-001', '0000-00-00 00:00:00'),
('3271', 'KOTA BOGOR', 'U-001', '0000-00-00 00:00:00', 'U-001', '0000-00-00 00:00:00', 0, 'U-001', '0000-00-00 00:00:00'),
('3272', 'KOTA SUKABUMI', 'U-001', '0000-00-00 00:00:00', 'U-001', '0000-00-00 00:00:00', 0, 'U-001', '0000-00-00 00:00:00'),
('3273', 'KOTA BANDUNG', 'U-001', '0000-00-00 00:00:00', 'U-001', '0000-00-00 00:00:00', 0, 'U-001', '0000-00-00 00:00:00'),
('3274', 'KOTA CIREBON', 'U-001', '0000-00-00 00:00:00', 'U-001', '0000-00-00 00:00:00', 0, 'U-001', '0000-00-00 00:00:00'),
('3275', 'KOTA BEKASI', 'U-001', '0000-00-00 00:00:00', 'U-001', '0000-00-00 00:00:00', 0, 'U-001', '0000-00-00 00:00:00'),
('3276', 'KOTA DEPOK', 'U-001', '0000-00-00 00:00:00', 'U-001', '0000-00-00 00:00:00', 0, 'U-001', '0000-00-00 00:00:00'),
('3277', 'KOTA CIMAHI', 'U-001', '0000-00-00 00:00:00', 'U-001', '0000-00-00 00:00:00', 0, 'U-001', '0000-00-00 00:00:00'),
('3278', 'KOTA TASIKMALAYA', 'U-001', '0000-00-00 00:00:00', 'U-001', '0000-00-00 00:00:00', 0, 'U-001', '0000-00-00 00:00:00'),
('3279', 'KOTA BANJAR', 'U-001', '0000-00-00 00:00:00', 'U-001', '0000-00-00 00:00:00', 0, 'U-001', '0000-00-00 00:00:00'),
('3301', 'KABUPATEN CILACAP', 'U-001', '0000-00-00 00:00:00', 'U-001', '0000-00-00 00:00:00', 0, 'U-001', '0000-00-00 00:00:00'),
('3302', 'KABUPATEN BANYUMAS', 'U-001', '0000-00-00 00:00:00', 'U-001', '0000-00-00 00:00:00', 0, 'U-001', '0000-00-00 00:00:00'),
('3303', 'KABUPATEN PURBALINGGA', 'U-001', '0000-00-00 00:00:00', 'U-001', '0000-00-00 00:00:00', 0, 'U-001', '0000-00-00 00:00:00'),
('3304', 'KABUPATEN BANJARNEGARA', 'U-001', '0000-00-00 00:00:00', 'U-001', '0000-00-00 00:00:00', 0, 'U-001', '0000-00-00 00:00:00'),
('3305', 'KABUPATEN KEBUMEN', 'U-001', '0000-00-00 00:00:00', 'U-001', '0000-00-00 00:00:00', 0, 'U-001', '0000-00-00 00:00:00'),
('3306', 'KABUPATEN PURWOREJO', 'U-001', '0000-00-00 00:00:00', 'U-001', '0000-00-00 00:00:00', 0, 'U-001', '0000-00-00 00:00:00'),
('3307', 'KABUPATEN WONOSOBO', 'U-001', '0000-00-00 00:00:00', 'U-001', '0000-00-00 00:00:00', 0, 'U-001', '0000-00-00 00:00:00'),
('3308', 'KABUPATEN MAGELANG', 'U-001', '0000-00-00 00:00:00', 'U-001', '0000-00-00 00:00:00', 0, 'U-001', '0000-00-00 00:00:00'),
('3309', 'KABUPATEN BOYOLALI', 'U-001', '0000-00-00 00:00:00', 'U-001', '0000-00-00 00:00:00', 0, 'U-001', '0000-00-00 00:00:00'),
('3310', 'KABUPATEN KLATEN', 'U-001', '0000-00-00 00:00:00', 'U-001', '0000-00-00 00:00:00', 0, 'U-001', '0000-00-00 00:00:00'),
('3311', 'KABUPATEN SUKOHARJO', 'U-001', '0000-00-00 00:00:00', 'U-001', '0000-00-00 00:00:00', 0, 'U-001', '0000-00-00 00:00:00'),
('3312', 'KABUPATEN WONOGIRI', 'U-001', '0000-00-00 00:00:00', 'U-001', '0000-00-00 00:00:00', 0, 'U-001', '0000-00-00 00:00:00'),
('3313', 'KABUPATEN KARANGANYAR', 'U-001', '0000-00-00 00:00:00', 'U-001', '0000-00-00 00:00:00', 0, 'U-001', '0000-00-00 00:00:00'),
('3314', 'KABUPATEN SRAGEN', 'U-001', '0000-00-00 00:00:00', 'U-001', '0000-00-00 00:00:00', 0, 'U-001', '0000-00-00 00:00:00'),
('3315', 'KABUPATEN GROBOGAN', 'U-001', '0000-00-00 00:00:00', 'U-001', '0000-00-00 00:00:00', 0, 'U-001', '0000-00-00 00:00:00'),
('3316', 'KABUPATEN BLORA', 'U-001', '0000-00-00 00:00:00', 'U-001', '0000-00-00 00:00:00', 0, 'U-001', '0000-00-00 00:00:00'),
('3317', 'KABUPATEN REMBANG', 'U-001', '0000-00-00 00:00:00', 'U-001', '0000-00-00 00:00:00', 0, 'U-001', '0000-00-00 00:00:00'),
('3318', 'KABUPATEN PATI', 'U-001', '0000-00-00 00:00:00', 'U-001', '0000-00-00 00:00:00', 0, 'U-001', '0000-00-00 00:00:00'),
('3319', 'KABUPATEN KUDUS', 'U-001', '0000-00-00 00:00:00', 'U-001', '0000-00-00 00:00:00', 0, 'U-001', '0000-00-00 00:00:00'),
('3320', 'KABUPATEN JEPARA', 'U-001', '0000-00-00 00:00:00', 'U-001', '0000-00-00 00:00:00', 0, 'U-001', '0000-00-00 00:00:00'),
('3321', 'KABUPATEN DEMAK', 'U-001', '0000-00-00 00:00:00', 'U-001', '0000-00-00 00:00:00', 0, 'U-001', '0000-00-00 00:00:00'),
('3322', 'KABUPATEN SEMARANG', 'U-001', '0000-00-00 00:00:00', 'U-001', '0000-00-00 00:00:00', 0, 'U-001', '0000-00-00 00:00:00'),
('3323', 'KABUPATEN TEMANGGUNG', 'U-001', '0000-00-00 00:00:00', 'U-001', '0000-00-00 00:00:00', 0, 'U-001', '0000-00-00 00:00:00'),
('3324', 'KABUPATEN KENDAL', 'U-001', '0000-00-00 00:00:00', 'U-001', '0000-00-00 00:00:00', 0, 'U-001', '0000-00-00 00:00:00'),
('3325', 'KABUPATEN BATANG', 'U-001', '0000-00-00 00:00:00', 'U-001', '0000-00-00 00:00:00', 0, 'U-001', '0000-00-00 00:00:00'),
('3326', 'KABUPATEN PEKALONGAN', 'U-001', '0000-00-00 00:00:00', 'U-001', '0000-00-00 00:00:00', 0, 'U-001', '0000-00-00 00:00:00'),
('3327', 'KABUPATEN PEMALANG', 'U-001', '0000-00-00 00:00:00', 'U-001', '0000-00-00 00:00:00', 0, 'U-001', '0000-00-00 00:00:00'),
('3328', 'KABUPATEN TEGAL', 'U-001', '0000-00-00 00:00:00', 'U-001', '0000-00-00 00:00:00', 0, 'U-001', '0000-00-00 00:00:00'),
('3329', 'KABUPATEN BREBES', 'U-001', '0000-00-00 00:00:00', 'U-001', '0000-00-00 00:00:00', 0, 'U-001', '0000-00-00 00:00:00'),
('3371', 'KOTA MAGELANG', 'U-001', '0000-00-00 00:00:00', 'U-001', '0000-00-00 00:00:00', 0, 'U-001', '0000-00-00 00:00:00'),
('3372', 'KOTA SURAKARTA', 'U-001', '0000-00-00 00:00:00', 'U-001', '0000-00-00 00:00:00', 0, 'U-001', '0000-00-00 00:00:00'),
('3373', 'KOTA SALATIGA', 'U-001', '0000-00-00 00:00:00', 'U-001', '0000-00-00 00:00:00', 0, 'U-001', '0000-00-00 00:00:00'),
('3374', 'KOTA SEMARANG', 'U-001', '0000-00-00 00:00:00', 'U-001', '0000-00-00 00:00:00', 0, 'U-001', '0000-00-00 00:00:00'),
('3375', 'KOTA PEKALONGAN', 'U-001', '0000-00-00 00:00:00', 'U-001', '0000-00-00 00:00:00', 0, 'U-001', '0000-00-00 00:00:00'),
('3376', 'KOTA TEGAL', 'U-001', '0000-00-00 00:00:00', 'U-001', '0000-00-00 00:00:00', 0, 'U-001', '0000-00-00 00:00:00'),
('3401', 'KABUPATEN KULON PROGO', 'U-001', '0000-00-00 00:00:00', 'U-001', '0000-00-00 00:00:00', 0, 'U-001', '0000-00-00 00:00:00'),
('3402', 'KABUPATEN BANTUL', 'U-001', '0000-00-00 00:00:00', 'U-001', '0000-00-00 00:00:00', 0, 'U-001', '0000-00-00 00:00:00'),
('3403', 'KABUPATEN GUNUNG KIDUL', 'U-001', '0000-00-00 00:00:00', 'U-001', '0000-00-00 00:00:00', 0, 'U-001', '0000-00-00 00:00:00'),
('3404', 'KABUPATEN SLEMAN', 'U-001', '0000-00-00 00:00:00', 'U-001', '0000-00-00 00:00:00', 0, 'U-001', '0000-00-00 00:00:00'),
('3471', 'KOTA YOGYAKARTA', 'U-001', '0000-00-00 00:00:00', 'U-001', '0000-00-00 00:00:00', 0, 'U-001', '0000-00-00 00:00:00'),
('3501', 'KABUPATEN PACITAN', 'U-001', '0000-00-00 00:00:00', 'U-001', '0000-00-00 00:00:00', 0, 'U-001', '0000-00-00 00:00:00'),
('3502', 'KABUPATEN PONOROGO', 'U-001', '0000-00-00 00:00:00', 'U-001', '0000-00-00 00:00:00', 0, 'U-001', '0000-00-00 00:00:00'),
('3503', 'KABUPATEN TRENGGALEK', 'U-001', '0000-00-00 00:00:00', 'U-001', '0000-00-00 00:00:00', 0, 'U-001', '0000-00-00 00:00:00'),
('3504', 'KABUPATEN TULUNGAGUNG', 'U-001', '0000-00-00 00:00:00', 'U-001', '0000-00-00 00:00:00', 0, 'U-001', '0000-00-00 00:00:00'),
('3505', 'KABUPATEN BLITAR', 'U-001', '0000-00-00 00:00:00', 'U-001', '0000-00-00 00:00:00', 0, 'U-001', '0000-00-00 00:00:00'),
('3506', 'KABUPATEN KEDIRI', 'U-001', '0000-00-00 00:00:00', 'U-001', '0000-00-00 00:00:00', 0, 'U-001', '0000-00-00 00:00:00'),
('3507', 'KABUPATEN MALANG', 'U-001', '0000-00-00 00:00:00', 'U-001', '0000-00-00 00:00:00', 0, 'U-001', '0000-00-00 00:00:00'),
('3508', 'KABUPATEN LUMAJANG', 'U-001', '0000-00-00 00:00:00', 'U-001', '0000-00-00 00:00:00', 0, 'U-001', '0000-00-00 00:00:00'),
('3509', 'KABUPATEN JEMBER', 'U-001', '0000-00-00 00:00:00', 'U-001', '0000-00-00 00:00:00', 0, 'U-001', '0000-00-00 00:00:00'),
('3510', 'KABUPATEN BANYUWANGI', 'U-001', '0000-00-00 00:00:00', 'U-001', '0000-00-00 00:00:00', 0, 'U-001', '0000-00-00 00:00:00'),
('3511', 'KABUPATEN BONDOWOSO', 'U-001', '0000-00-00 00:00:00', 'U-001', '0000-00-00 00:00:00', 0, 'U-001', '0000-00-00 00:00:00'),
('3512', 'KABUPATEN SITUBONDO', 'U-001', '0000-00-00 00:00:00', 'U-001', '0000-00-00 00:00:00', 0, 'U-001', '0000-00-00 00:00:00'),
('3513', 'KABUPATEN PROBOLINGGO', 'U-001', '0000-00-00 00:00:00', 'U-001', '0000-00-00 00:00:00', 0, 'U-001', '0000-00-00 00:00:00'),
('3514', 'KABUPATEN PASURUAN', 'U-001', '0000-00-00 00:00:00', 'U-001', '0000-00-00 00:00:00', 0, 'U-001', '0000-00-00 00:00:00'),
('3515', 'KABUPATEN SIDOARJO', 'U-001', '0000-00-00 00:00:00', 'U-001', '0000-00-00 00:00:00', 0, 'U-001', '0000-00-00 00:00:00'),
('3516', 'KABUPATEN MOJOKERTO', 'U-001', '0000-00-00 00:00:00', 'U-001', '0000-00-00 00:00:00', 0, 'U-001', '0000-00-00 00:00:00'),
('3517', 'KABUPATEN JOMBANG', 'U-001', '0000-00-00 00:00:00', 'U-001', '0000-00-00 00:00:00', 0, 'U-001', '0000-00-00 00:00:00'),
('3518', 'KABUPATEN NGANJUK', 'U-001', '0000-00-00 00:00:00', 'U-001', '0000-00-00 00:00:00', 0, 'U-001', '0000-00-00 00:00:00'),
('3519', 'KABUPATEN MADIUN', 'U-001', '0000-00-00 00:00:00', 'U-001', '0000-00-00 00:00:00', 0, 'U-001', '0000-00-00 00:00:00'),
('3520', 'KABUPATEN MAGETAN', 'U-001', '0000-00-00 00:00:00', 'U-001', '0000-00-00 00:00:00', 0, 'U-001', '0000-00-00 00:00:00'),
('3521', 'KABUPATEN NGAWI', 'U-001', '0000-00-00 00:00:00', 'U-001', '0000-00-00 00:00:00', 0, 'U-001', '0000-00-00 00:00:00'),
('3522', 'KABUPATEN BOJONEGORO', 'U-001', '0000-00-00 00:00:00', 'U-001', '0000-00-00 00:00:00', 0, 'U-001', '0000-00-00 00:00:00'),
('3523', 'KABUPATEN TUBAN', 'U-001', '0000-00-00 00:00:00', 'U-001', '0000-00-00 00:00:00', 0, 'U-001', '0000-00-00 00:00:00'),
('3524', 'KABUPATEN LAMONGAN', 'U-001', '0000-00-00 00:00:00', 'U-001', '0000-00-00 00:00:00', 0, 'U-001', '0000-00-00 00:00:00'),
('3525', 'KABUPATEN GRESIK', 'U-001', '0000-00-00 00:00:00', 'U-001', '0000-00-00 00:00:00', 0, 'U-001', '0000-00-00 00:00:00'),
('3526', 'KABUPATEN BANGKALAN', 'U-001', '0000-00-00 00:00:00', 'U-001', '0000-00-00 00:00:00', 0, 'U-001', '0000-00-00 00:00:00'),
('3527', 'KABUPATEN SAMPANG', 'U-001', '0000-00-00 00:00:00', 'U-001', '0000-00-00 00:00:00', 0, 'U-001', '0000-00-00 00:00:00'),
('3528', 'KABUPATEN PAMEKASAN', 'U-001', '0000-00-00 00:00:00', 'U-001', '0000-00-00 00:00:00', 0, 'U-001', '0000-00-00 00:00:00'),
('3529', 'KABUPATEN SUMENEP', 'U-001', '0000-00-00 00:00:00', 'U-001', '0000-00-00 00:00:00', 0, 'U-001', '0000-00-00 00:00:00'),
('3571', 'KOTA KEDIRI', 'U-001', '0000-00-00 00:00:00', 'U-001', '0000-00-00 00:00:00', 0, 'U-001', '0000-00-00 00:00:00'),
('3572', 'KOTA BLITAR', 'U-001', '0000-00-00 00:00:00', 'U-001', '0000-00-00 00:00:00', 0, 'U-001', '0000-00-00 00:00:00'),
('3573', 'KOTA MALANG', 'U-001', '0000-00-00 00:00:00', 'U-001', '0000-00-00 00:00:00', 0, 'U-001', '0000-00-00 00:00:00'),
('3574', 'KOTA PROBOLINGGO', 'U-001', '0000-00-00 00:00:00', 'U-001', '0000-00-00 00:00:00', 0, 'U-001', '0000-00-00 00:00:00'),
('3575', 'KOTA PASURUAN', 'U-001', '0000-00-00 00:00:00', 'U-001', '0000-00-00 00:00:00', 0, 'U-001', '0000-00-00 00:00:00'),
('3576', 'KOTA MOJOKERTO', 'U-001', '0000-00-00 00:00:00', 'U-001', '0000-00-00 00:00:00', 0, 'U-001', '0000-00-00 00:00:00'),
('3577', 'KOTA MADIUN', 'U-001', '0000-00-00 00:00:00', 'U-001', '0000-00-00 00:00:00', 0, 'U-001', '0000-00-00 00:00:00'),
('3578', 'KOTA SURABAYA', 'U-001', '0000-00-00 00:00:00', 'U-001', '0000-00-00 00:00:00', 0, 'U-001', '0000-00-00 00:00:00'),
('3579', 'KOTA BATU', 'U-001', '0000-00-00 00:00:00', 'U-001', '0000-00-00 00:00:00', 0, 'U-001', '0000-00-00 00:00:00'),
('3601', 'KABUPATEN PANDEGLANG', 'U-001', '0000-00-00 00:00:00', 'U-001', '0000-00-00 00:00:00', 0, 'U-001', '0000-00-00 00:00:00'),
('3602', 'KABUPATEN LEBAK', 'U-001', '0000-00-00 00:00:00', 'U-001', '0000-00-00 00:00:00', 0, 'U-001', '0000-00-00 00:00:00'),
('3603', 'KABUPATEN TANGERANG', 'U-001', '0000-00-00 00:00:00', 'U-001', '0000-00-00 00:00:00', 0, 'U-001', '0000-00-00 00:00:00'),
('3604', 'KABUPATEN SERANG', 'U-001', '0000-00-00 00:00:00', 'U-001', '0000-00-00 00:00:00', 0, 'U-001', '0000-00-00 00:00:00'),
('3671', 'KOTA TANGERANG', 'U-001', '0000-00-00 00:00:00', 'U-001', '0000-00-00 00:00:00', 0, 'U-001', '0000-00-00 00:00:00'),
('3672', 'KOTA CILEGON', 'U-001', '0000-00-00 00:00:00', 'U-001', '0000-00-00 00:00:00', 0, 'U-001', '0000-00-00 00:00:00'),
('3673', 'KOTA SERANG', 'U-001', '0000-00-00 00:00:00', 'U-001', '0000-00-00 00:00:00', 0, 'U-001', '0000-00-00 00:00:00'),
('3674', 'KOTA TANGERANG SELATAN', 'U-001', '0000-00-00 00:00:00', 'U-001', '0000-00-00 00:00:00', 0, 'U-001', '0000-00-00 00:00:00'),
('5101', 'KABUPATEN JEMBRANA', 'U-001', '0000-00-00 00:00:00', 'U-001', '0000-00-00 00:00:00', 0, 'U-001', '0000-00-00 00:00:00'),
('5102', 'KABUPATEN TABANAN', 'U-001', '0000-00-00 00:00:00', 'U-001', '0000-00-00 00:00:00', 0, 'U-001', '0000-00-00 00:00:00'),
('5103', 'KABUPATEN BADUNG', 'U-001', '0000-00-00 00:00:00', 'U-001', '0000-00-00 00:00:00', 0, 'U-001', '0000-00-00 00:00:00'),
('5104', 'KABUPATEN GIANYAR', 'U-001', '0000-00-00 00:00:00', 'U-001', '0000-00-00 00:00:00', 0, 'U-001', '0000-00-00 00:00:00'),
('5105', 'KABUPATEN KLUNGKUNG', 'U-001', '0000-00-00 00:00:00', 'U-001', '0000-00-00 00:00:00', 0, 'U-001', '0000-00-00 00:00:00'),
('5106', 'KABUPATEN BANGLI', 'U-001', '0000-00-00 00:00:00', 'U-001', '0000-00-00 00:00:00', 0, 'U-001', '0000-00-00 00:00:00'),
('5107', 'KABUPATEN KARANGASEM', 'U-001', '0000-00-00 00:00:00', 'U-001', '0000-00-00 00:00:00', 0, 'U-001', '0000-00-00 00:00:00'),
('5108', 'KABUPATEN BULELENG', 'U-001', '0000-00-00 00:00:00', 'U-001', '0000-00-00 00:00:00', 0, 'U-001', '0000-00-00 00:00:00'),
('5171', 'KOTA DENPASAR', 'U-001', '0000-00-00 00:00:00', 'U-001', '0000-00-00 00:00:00', 0, 'U-001', '0000-00-00 00:00:00'),
('5201', 'KABUPATEN LOMBOK BARAT', 'U-001', '0000-00-00 00:00:00', 'U-001', '0000-00-00 00:00:00', 0, 'U-001', '0000-00-00 00:00:00'),
('5202', 'KABUPATEN LOMBOK TENGAH', 'U-001', '0000-00-00 00:00:00', 'U-001', '0000-00-00 00:00:00', 0, 'U-001', '0000-00-00 00:00:00'),
('5203', 'KABUPATEN LOMBOK TIMUR', 'U-001', '0000-00-00 00:00:00', 'U-001', '0000-00-00 00:00:00', 0, 'U-001', '0000-00-00 00:00:00'),
('5204', 'KABUPATEN SUMBAWA', 'U-001', '0000-00-00 00:00:00', 'U-001', '0000-00-00 00:00:00', 0, 'U-001', '0000-00-00 00:00:00'),
('5205', 'KABUPATEN DOMPU', 'U-001', '0000-00-00 00:00:00', 'U-001', '0000-00-00 00:00:00', 0, 'U-001', '0000-00-00 00:00:00'),
('5206', 'KABUPATEN BIMA', 'U-001', '0000-00-00 00:00:00', 'U-001', '0000-00-00 00:00:00', 0, 'U-001', '0000-00-00 00:00:00'),
('5207', 'KABUPATEN SUMBAWA BARAT', 'U-001', '0000-00-00 00:00:00', 'U-001', '0000-00-00 00:00:00', 0, 'U-001', '0000-00-00 00:00:00'),
('5208', 'KABUPATEN LOMBOK UTARA', 'U-001', '0000-00-00 00:00:00', 'U-001', '0000-00-00 00:00:00', 0, 'U-001', '0000-00-00 00:00:00'),
('5271', 'KOTA MATARAM', 'U-001', '0000-00-00 00:00:00', 'U-001', '0000-00-00 00:00:00', 0, 'U-001', '0000-00-00 00:00:00'),
('5272', 'KOTA BIMA', 'U-001', '0000-00-00 00:00:00', 'U-001', '0000-00-00 00:00:00', 0, 'U-001', '0000-00-00 00:00:00'),
('5301', 'KABUPATEN SUMBA BARAT', 'U-001', '0000-00-00 00:00:00', 'U-001', '0000-00-00 00:00:00', 0, 'U-001', '0000-00-00 00:00:00'),
('5302', 'KABUPATEN SUMBA TIMUR', 'U-001', '0000-00-00 00:00:00', 'U-001', '0000-00-00 00:00:00', 0, 'U-001', '0000-00-00 00:00:00'),
('5303', 'KABUPATEN KUPANG', 'U-001', '0000-00-00 00:00:00', 'U-001', '0000-00-00 00:00:00', 0, 'U-001', '0000-00-00 00:00:00'),
('5304', 'KABUPATEN TIMOR TENGAH SELATAN', 'U-001', '0000-00-00 00:00:00', 'U-001', '0000-00-00 00:00:00', 0, 'U-001', '0000-00-00 00:00:00'),
('5305', 'KABUPATEN TIMOR TENGAH UTARA', 'U-001', '0000-00-00 00:00:00', 'U-001', '0000-00-00 00:00:00', 0, 'U-001', '0000-00-00 00:00:00'),
('5306', 'KABUPATEN BELU', 'U-001', '0000-00-00 00:00:00', 'U-001', '0000-00-00 00:00:00', 0, 'U-001', '0000-00-00 00:00:00'),
('5307', 'KABUPATEN ALOR', 'U-001', '0000-00-00 00:00:00', 'U-001', '0000-00-00 00:00:00', 0, 'U-001', '0000-00-00 00:00:00'),
('5308', 'KABUPATEN LEMBATA', 'U-001', '0000-00-00 00:00:00', 'U-001', '0000-00-00 00:00:00', 0, 'U-001', '0000-00-00 00:00:00'),
('5309', 'KABUPATEN FLORES TIMUR', 'U-001', '0000-00-00 00:00:00', 'U-001', '0000-00-00 00:00:00', 0, 'U-001', '0000-00-00 00:00:00'),
('5310', 'KABUPATEN SIKKA', 'U-001', '0000-00-00 00:00:00', 'U-001', '0000-00-00 00:00:00', 0, 'U-001', '0000-00-00 00:00:00'),
('5311', 'KABUPATEN ENDE', 'U-001', '0000-00-00 00:00:00', 'U-001', '0000-00-00 00:00:00', 0, 'U-001', '0000-00-00 00:00:00'),
('5312', 'KABUPATEN NGADA', 'U-001', '0000-00-00 00:00:00', 'U-001', '0000-00-00 00:00:00', 0, 'U-001', '0000-00-00 00:00:00'),
('5313', 'KABUPATEN MANGGARAI', 'U-001', '0000-00-00 00:00:00', 'U-001', '0000-00-00 00:00:00', 0, 'U-001', '0000-00-00 00:00:00'),
('5314', 'KABUPATEN ROTE NDAO', 'U-001', '0000-00-00 00:00:00', 'U-001', '0000-00-00 00:00:00', 0, 'U-001', '0000-00-00 00:00:00'),
('5315', 'KABUPATEN MANGGARAI BARAT', 'U-001', '0000-00-00 00:00:00', 'U-001', '0000-00-00 00:00:00', 0, 'U-001', '0000-00-00 00:00:00'),
('5316', 'KABUPATEN SUMBA TENGAH', 'U-001', '0000-00-00 00:00:00', 'U-001', '0000-00-00 00:00:00', 0, 'U-001', '0000-00-00 00:00:00'),
('5317', 'KABUPATEN SUMBA BARAT DAYA', 'U-001', '0000-00-00 00:00:00', 'U-001', '0000-00-00 00:00:00', 0, 'U-001', '0000-00-00 00:00:00'),
('5318', 'KABUPATEN NAGEKEO', 'U-001', '0000-00-00 00:00:00', 'U-001', '0000-00-00 00:00:00', 0, 'U-001', '0000-00-00 00:00:00'),
('5319', 'KABUPATEN MANGGARAI TIMUR', 'U-001', '0000-00-00 00:00:00', 'U-001', '0000-00-00 00:00:00', 0, 'U-001', '0000-00-00 00:00:00'),
('5320', 'KABUPATEN SABU RAIJUA', 'U-001', '0000-00-00 00:00:00', 'U-001', '0000-00-00 00:00:00', 0, 'U-001', '0000-00-00 00:00:00'),
('5321', 'KABUPATEN MALAKA', 'U-001', '0000-00-00 00:00:00', 'U-001', '0000-00-00 00:00:00', 0, 'U-001', '0000-00-00 00:00:00'),
('5371', 'KOTA KUPANG', 'U-001', '0000-00-00 00:00:00', 'U-001', '0000-00-00 00:00:00', 0, 'U-001', '0000-00-00 00:00:00'),
('6101', 'KABUPATEN SAMBAS', 'U-001', '0000-00-00 00:00:00', 'U-001', '0000-00-00 00:00:00', 0, 'U-001', '0000-00-00 00:00:00'),
('6102', 'KABUPATEN BENGKAYANG', 'U-001', '0000-00-00 00:00:00', 'U-001', '0000-00-00 00:00:00', 0, 'U-001', '0000-00-00 00:00:00'),
('6103', 'KABUPATEN LANDAK', 'U-001', '0000-00-00 00:00:00', 'U-001', '0000-00-00 00:00:00', 0, 'U-001', '0000-00-00 00:00:00'),
('6104', 'KABUPATEN MEMPAWAH', 'U-001', '0000-00-00 00:00:00', 'U-001', '0000-00-00 00:00:00', 0, 'U-001', '0000-00-00 00:00:00'),
('6105', 'KABUPATEN SANGGAU', 'U-001', '0000-00-00 00:00:00', 'U-001', '0000-00-00 00:00:00', 0, 'U-001', '0000-00-00 00:00:00'),
('6106', 'KABUPATEN KETAPANG', 'U-001', '0000-00-00 00:00:00', 'U-001', '0000-00-00 00:00:00', 0, 'U-001', '0000-00-00 00:00:00'),
('6107', 'KABUPATEN SINTANG', 'U-001', '0000-00-00 00:00:00', 'U-001', '0000-00-00 00:00:00', 0, 'U-001', '0000-00-00 00:00:00'),
('6108', 'KABUPATEN KAPUAS HULU', 'U-001', '0000-00-00 00:00:00', 'U-001', '0000-00-00 00:00:00', 0, 'U-001', '0000-00-00 00:00:00'),
('6109', 'KABUPATEN SEKADAU', 'U-001', '0000-00-00 00:00:00', 'U-001', '0000-00-00 00:00:00', 0, 'U-001', '0000-00-00 00:00:00'),
('6110', 'KABUPATEN MELAWI', 'U-001', '0000-00-00 00:00:00', 'U-001', '0000-00-00 00:00:00', 0, 'U-001', '0000-00-00 00:00:00'),
('6111', 'KABUPATEN KAYONG UTARA', 'U-001', '0000-00-00 00:00:00', 'U-001', '0000-00-00 00:00:00', 0, 'U-001', '0000-00-00 00:00:00'),
('6112', 'KABUPATEN KUBU RAYA', 'U-001', '0000-00-00 00:00:00', 'U-001', '0000-00-00 00:00:00', 0, 'U-001', '0000-00-00 00:00:00'),
('6171', 'KOTA PONTIANAK', 'U-001', '0000-00-00 00:00:00', 'U-001', '0000-00-00 00:00:00', 0, 'U-001', '0000-00-00 00:00:00'),
('6172', 'KOTA SINGKAWANG', 'U-001', '0000-00-00 00:00:00', 'U-001', '0000-00-00 00:00:00', 0, 'U-001', '0000-00-00 00:00:00'),
('6201', 'KABUPATEN KOTAWARINGIN BARAT', 'U-001', '0000-00-00 00:00:00', 'U-001', '0000-00-00 00:00:00', 0, 'U-001', '0000-00-00 00:00:00'),
('6202', 'KABUPATEN KOTAWARINGIN TIMUR', 'U-001', '0000-00-00 00:00:00', 'U-001', '0000-00-00 00:00:00', 0, 'U-001', '0000-00-00 00:00:00'),
('6203', 'KABUPATEN KAPUAS', 'U-001', '0000-00-00 00:00:00', 'U-001', '0000-00-00 00:00:00', 0, 'U-001', '0000-00-00 00:00:00'),
('6204', 'KABUPATEN BARITO SELATAN', 'U-001', '0000-00-00 00:00:00', 'U-001', '0000-00-00 00:00:00', 0, 'U-001', '0000-00-00 00:00:00'),
('6205', 'KABUPATEN BARITO UTARA', 'U-001', '0000-00-00 00:00:00', 'U-001', '0000-00-00 00:00:00', 0, 'U-001', '0000-00-00 00:00:00'),
('6206', 'KABUPATEN SUKAMARA', 'U-001', '0000-00-00 00:00:00', 'U-001', '0000-00-00 00:00:00', 0, 'U-001', '0000-00-00 00:00:00'),
('6207', 'KABUPATEN LAMANDAU', 'U-001', '0000-00-00 00:00:00', 'U-001', '0000-00-00 00:00:00', 0, 'U-001', '0000-00-00 00:00:00'),
('6208', 'KABUPATEN SERUYAN', 'U-001', '0000-00-00 00:00:00', 'U-001', '0000-00-00 00:00:00', 0, 'U-001', '0000-00-00 00:00:00'),
('6209', 'KABUPATEN KATINGAN', 'U-001', '0000-00-00 00:00:00', 'U-001', '0000-00-00 00:00:00', 0, 'U-001', '0000-00-00 00:00:00'),
('6210', 'KABUPATEN PULANG PISAU', 'U-001', '0000-00-00 00:00:00', 'U-001', '0000-00-00 00:00:00', 0, 'U-001', '0000-00-00 00:00:00'),
('6211', 'KABUPATEN GUNUNG MAS', 'U-001', '0000-00-00 00:00:00', 'U-001', '0000-00-00 00:00:00', 0, 'U-001', '0000-00-00 00:00:00'),
('6212', 'KABUPATEN BARITO TIMUR', 'U-001', '0000-00-00 00:00:00', 'U-001', '0000-00-00 00:00:00', 0, 'U-001', '0000-00-00 00:00:00'),
('6213', 'KABUPATEN MURUNG RAYA', 'U-001', '0000-00-00 00:00:00', 'U-001', '0000-00-00 00:00:00', 0, 'U-001', '0000-00-00 00:00:00'),
('6271', 'KOTA PALANGKA RAYA', 'U-001', '0000-00-00 00:00:00', 'U-001', '0000-00-00 00:00:00', 0, 'U-001', '0000-00-00 00:00:00'),
('6301', 'KABUPATEN TANAH LAUT', 'U-001', '0000-00-00 00:00:00', 'U-001', '0000-00-00 00:00:00', 0, 'U-001', '0000-00-00 00:00:00'),
('6302', 'KABUPATEN KOTA BARU', 'U-001', '0000-00-00 00:00:00', 'U-001', '0000-00-00 00:00:00', 0, 'U-001', '0000-00-00 00:00:00'),
('6303', 'KABUPATEN BANJAR', 'U-001', '0000-00-00 00:00:00', 'U-001', '0000-00-00 00:00:00', 0, 'U-001', '0000-00-00 00:00:00'),
('6304', 'KABUPATEN BARITO KUALA', 'U-001', '0000-00-00 00:00:00', 'U-001', '0000-00-00 00:00:00', 0, 'U-001', '0000-00-00 00:00:00'),
('6305', 'KABUPATEN TAPIN', 'U-001', '0000-00-00 00:00:00', 'U-001', '0000-00-00 00:00:00', 0, 'U-001', '0000-00-00 00:00:00'),
('6306', 'KABUPATEN HULU SUNGAI SELATAN', 'U-001', '0000-00-00 00:00:00', 'U-001', '0000-00-00 00:00:00', 0, 'U-001', '0000-00-00 00:00:00'),
('6307', 'KABUPATEN HULU SUNGAI TENGAH', 'U-001', '0000-00-00 00:00:00', 'U-001', '0000-00-00 00:00:00', 0, 'U-001', '0000-00-00 00:00:00'),
('6308', 'KABUPATEN HULU SUNGAI UTARA', 'U-001', '0000-00-00 00:00:00', 'U-001', '0000-00-00 00:00:00', 0, 'U-001', '0000-00-00 00:00:00'),
('6309', 'KABUPATEN TABALONG', 'U-001', '0000-00-00 00:00:00', 'U-001', '0000-00-00 00:00:00', 0, 'U-001', '0000-00-00 00:00:00'),
('6310', 'KABUPATEN TANAH BUMBU', 'U-001', '0000-00-00 00:00:00', 'U-001', '0000-00-00 00:00:00', 0, 'U-001', '0000-00-00 00:00:00'),
('6311', 'KABUPATEN BALANGAN', 'U-001', '0000-00-00 00:00:00', 'U-001', '0000-00-00 00:00:00', 0, 'U-001', '0000-00-00 00:00:00'),
('6371', 'KOTA BANJARMASIN', 'U-001', '0000-00-00 00:00:00', 'U-001', '0000-00-00 00:00:00', 0, 'U-001', '0000-00-00 00:00:00'),
('6372', 'KOTA BANJAR BARU', 'U-001', '0000-00-00 00:00:00', 'U-001', '0000-00-00 00:00:00', 0, 'U-001', '0000-00-00 00:00:00'),
('6401', 'KABUPATEN PASER', 'U-001', '0000-00-00 00:00:00', 'U-001', '0000-00-00 00:00:00', 0, 'U-001', '0000-00-00 00:00:00'),
('6402', 'KABUPATEN KUTAI BARAT', 'U-001', '0000-00-00 00:00:00', 'U-001', '0000-00-00 00:00:00', 0, 'U-001', '0000-00-00 00:00:00'),
('6403', 'KABUPATEN KUTAI KARTANEGARA', 'U-001', '0000-00-00 00:00:00', 'U-001', '0000-00-00 00:00:00', 0, 'U-001', '0000-00-00 00:00:00'),
('6404', 'KABUPATEN KUTAI TIMUR', 'U-001', '0000-00-00 00:00:00', 'U-001', '0000-00-00 00:00:00', 0, 'U-001', '0000-00-00 00:00:00'),
('6405', 'KABUPATEN BERAU', 'U-001', '0000-00-00 00:00:00', 'U-001', '0000-00-00 00:00:00', 0, 'U-001', '0000-00-00 00:00:00'),
('6409', 'KABUPATEN PENAJAM PASER UTARA', 'U-001', '0000-00-00 00:00:00', 'U-001', '0000-00-00 00:00:00', 0, 'U-001', '0000-00-00 00:00:00'),
('6411', 'KABUPATEN MAHAKAM HULU', 'U-001', '0000-00-00 00:00:00', 'U-001', '0000-00-00 00:00:00', 0, 'U-001', '0000-00-00 00:00:00'),
('6471', 'KOTA BALIKPAPAN', 'U-001', '0000-00-00 00:00:00', 'U-001', '0000-00-00 00:00:00', 0, 'U-001', '0000-00-00 00:00:00'),
('6472', 'KOTA SAMARINDA', 'U-001', '0000-00-00 00:00:00', 'U-001', '0000-00-00 00:00:00', 0, 'U-001', '0000-00-00 00:00:00'),
('6474', 'KOTA BONTANG', 'U-001', '0000-00-00 00:00:00', 'U-001', '0000-00-00 00:00:00', 0, 'U-001', '0000-00-00 00:00:00'),
('6501', 'KABUPATEN MALINAU', 'U-001', '0000-00-00 00:00:00', 'U-001', '0000-00-00 00:00:00', 0, 'U-001', '0000-00-00 00:00:00'),
('6502', 'KABUPATEN BULUNGAN', 'U-001', '0000-00-00 00:00:00', 'U-001', '0000-00-00 00:00:00', 0, 'U-001', '0000-00-00 00:00:00'),
('6503', 'KABUPATEN TANA TIDUNG', 'U-001', '0000-00-00 00:00:00', 'U-001', '0000-00-00 00:00:00', 0, 'U-001', '0000-00-00 00:00:00'),
('6504', 'KABUPATEN NUNUKAN', 'U-001', '0000-00-00 00:00:00', 'U-001', '0000-00-00 00:00:00', 0, 'U-001', '0000-00-00 00:00:00'),
('6571', 'KOTA TARAKAN', 'U-001', '0000-00-00 00:00:00', 'U-001', '0000-00-00 00:00:00', 0, 'U-001', '0000-00-00 00:00:00'),
('7101', 'KABUPATEN BOLAANG MONGONDOW', 'U-001', '0000-00-00 00:00:00', 'U-001', '0000-00-00 00:00:00', 0, 'U-001', '0000-00-00 00:00:00'),
('7102', 'KABUPATEN MINAHASA', 'U-001', '0000-00-00 00:00:00', 'U-001', '0000-00-00 00:00:00', 0, 'U-001', '0000-00-00 00:00:00'),
('7103', 'KABUPATEN KEPULAUAN SANGIHE', 'U-001', '0000-00-00 00:00:00', 'U-001', '0000-00-00 00:00:00', 0, 'U-001', '0000-00-00 00:00:00'),
('7104', 'KABUPATEN KEPULAUAN TALAUD', 'U-001', '0000-00-00 00:00:00', 'U-001', '0000-00-00 00:00:00', 0, 'U-001', '0000-00-00 00:00:00'),
('7105', 'KABUPATEN MINAHASA SELATAN', 'U-001', '0000-00-00 00:00:00', 'U-001', '0000-00-00 00:00:00', 0, 'U-001', '0000-00-00 00:00:00'),
('7106', 'KABUPATEN MINAHASA UTARA', 'U-001', '0000-00-00 00:00:00', 'U-001', '0000-00-00 00:00:00', 0, 'U-001', '0000-00-00 00:00:00'),
('7107', 'KABUPATEN BOLAANG MONGONDOW UTARA', 'U-001', '0000-00-00 00:00:00', 'U-001', '0000-00-00 00:00:00', 0, 'U-001', '0000-00-00 00:00:00'),
('7108', 'KABUPATEN SIAU TAGULANDANG BIARO', 'U-001', '0000-00-00 00:00:00', 'U-001', '0000-00-00 00:00:00', 0, 'U-001', '0000-00-00 00:00:00'),
('7109', 'KABUPATEN MINAHASA TENGGARA', 'U-001', '0000-00-00 00:00:00', 'U-001', '0000-00-00 00:00:00', 0, 'U-001', '0000-00-00 00:00:00'),
('7110', 'KABUPATEN BOLAANG MONGONDOW SELATAN', 'U-001', '0000-00-00 00:00:00', 'U-001', '0000-00-00 00:00:00', 0, 'U-001', '0000-00-00 00:00:00'),
('7111', 'KABUPATEN BOLAANG MONGONDOW TIMUR', 'U-001', '0000-00-00 00:00:00', 'U-001', '0000-00-00 00:00:00', 0, 'U-001', '0000-00-00 00:00:00'),
('7171', 'KOTA MANADO', 'U-001', '0000-00-00 00:00:00', 'U-001', '0000-00-00 00:00:00', 0, 'U-001', '0000-00-00 00:00:00'),
('7172', 'KOTA BITUNG', 'U-001', '0000-00-00 00:00:00', 'U-001', '0000-00-00 00:00:00', 0, 'U-001', '0000-00-00 00:00:00');
INSERT INTO `kota` (`kode`, `nama_kota`, `created_by`, `created_date`, `last_modified_by`, `last_modified_date`, `is_deleted`, `deleted_by`, `deleted_date`) VALUES
('7173', 'KOTA TOMOHON', 'U-001', '0000-00-00 00:00:00', 'U-001', '0000-00-00 00:00:00', 0, 'U-001', '0000-00-00 00:00:00'),
('7174', 'KOTA KOTAMOBAGU', 'U-001', '0000-00-00 00:00:00', 'U-001', '0000-00-00 00:00:00', 0, 'U-001', '0000-00-00 00:00:00'),
('7201', 'KABUPATEN BANGGAI KEPULAUAN', 'U-001', '0000-00-00 00:00:00', 'U-001', '0000-00-00 00:00:00', 0, 'U-001', '0000-00-00 00:00:00'),
('7202', 'KABUPATEN BANGGAI', 'U-001', '0000-00-00 00:00:00', 'U-001', '0000-00-00 00:00:00', 0, 'U-001', '0000-00-00 00:00:00'),
('7203', 'KABUPATEN MOROWALI', 'U-001', '0000-00-00 00:00:00', 'U-001', '0000-00-00 00:00:00', 0, 'U-001', '0000-00-00 00:00:00'),
('7204', 'KABUPATEN POSO', 'U-001', '0000-00-00 00:00:00', 'U-001', '0000-00-00 00:00:00', 0, 'U-001', '0000-00-00 00:00:00'),
('7205', 'KABUPATEN DONGGALA', 'U-001', '0000-00-00 00:00:00', 'U-001', '0000-00-00 00:00:00', 0, 'U-001', '0000-00-00 00:00:00'),
('7206', 'KABUPATEN TOLI-TOLI', 'U-001', '0000-00-00 00:00:00', 'U-001', '0000-00-00 00:00:00', 0, 'U-001', '0000-00-00 00:00:00'),
('7207', 'KABUPATEN BUOL', 'U-001', '0000-00-00 00:00:00', 'U-001', '0000-00-00 00:00:00', 0, 'U-001', '0000-00-00 00:00:00'),
('7208', 'KABUPATEN PARIGI MOUTONG', 'U-001', '0000-00-00 00:00:00', 'U-001', '0000-00-00 00:00:00', 0, 'U-001', '0000-00-00 00:00:00'),
('7209', 'KABUPATEN TOJO UNA-UNA', 'U-001', '0000-00-00 00:00:00', 'U-001', '0000-00-00 00:00:00', 0, 'U-001', '0000-00-00 00:00:00'),
('7210', 'KABUPATEN SIGI', 'U-001', '0000-00-00 00:00:00', 'U-001', '0000-00-00 00:00:00', 0, 'U-001', '0000-00-00 00:00:00'),
('7211', 'KABUPATEN BANGGAI LAUT', 'U-001', '0000-00-00 00:00:00', 'U-001', '0000-00-00 00:00:00', 0, 'U-001', '0000-00-00 00:00:00'),
('7212', 'KABUPATEN MOROWALI UTARA', 'U-001', '0000-00-00 00:00:00', 'U-001', '0000-00-00 00:00:00', 0, 'U-001', '0000-00-00 00:00:00'),
('7271', 'KOTA PALU', 'U-001', '0000-00-00 00:00:00', 'U-001', '0000-00-00 00:00:00', 0, 'U-001', '0000-00-00 00:00:00'),
('7301', 'KABUPATEN KEPULAUAN SELAYAR', 'U-001', '0000-00-00 00:00:00', 'U-001', '0000-00-00 00:00:00', 0, 'U-001', '0000-00-00 00:00:00'),
('7302', 'KABUPATEN BULUKUMBA', 'U-001', '0000-00-00 00:00:00', 'U-001', '0000-00-00 00:00:00', 0, 'U-001', '0000-00-00 00:00:00'),
('7303', 'KABUPATEN BANTAENG', 'U-001', '0000-00-00 00:00:00', 'U-001', '0000-00-00 00:00:00', 0, 'U-001', '0000-00-00 00:00:00'),
('7304', 'KABUPATEN JENEPONTO', 'U-001', '0000-00-00 00:00:00', 'U-001', '0000-00-00 00:00:00', 0, 'U-001', '0000-00-00 00:00:00'),
('7305', 'KABUPATEN TAKALAR', 'U-001', '0000-00-00 00:00:00', 'U-001', '0000-00-00 00:00:00', 0, 'U-001', '0000-00-00 00:00:00'),
('7306', 'KABUPATEN GOWA', 'U-001', '0000-00-00 00:00:00', 'U-001', '0000-00-00 00:00:00', 0, 'U-001', '0000-00-00 00:00:00'),
('7307', 'KABUPATEN SINJAI', 'U-001', '0000-00-00 00:00:00', 'U-001', '0000-00-00 00:00:00', 0, 'U-001', '0000-00-00 00:00:00'),
('7308', 'KABUPATEN MAROS', 'U-001', '0000-00-00 00:00:00', 'U-001', '0000-00-00 00:00:00', 0, 'U-001', '0000-00-00 00:00:00'),
('7309', 'KABUPATEN PANGKAJENE DAN KEPULAUAN', 'U-001', '0000-00-00 00:00:00', 'U-001', '0000-00-00 00:00:00', 0, 'U-001', '0000-00-00 00:00:00'),
('7310', 'KABUPATEN BARRU', 'U-001', '0000-00-00 00:00:00', 'U-001', '0000-00-00 00:00:00', 0, 'U-001', '0000-00-00 00:00:00'),
('7311', 'KABUPATEN BONE', 'U-001', '0000-00-00 00:00:00', 'U-001', '0000-00-00 00:00:00', 0, 'U-001', '0000-00-00 00:00:00'),
('7312', 'KABUPATEN SOPPENG', 'U-001', '0000-00-00 00:00:00', 'U-001', '0000-00-00 00:00:00', 0, 'U-001', '0000-00-00 00:00:00'),
('7313', 'KABUPATEN WAJO', 'U-001', '0000-00-00 00:00:00', 'U-001', '0000-00-00 00:00:00', 0, 'U-001', '0000-00-00 00:00:00'),
('7314', 'KABUPATEN SIDENRENG RAPPANG', 'U-001', '0000-00-00 00:00:00', 'U-001', '0000-00-00 00:00:00', 0, 'U-001', '0000-00-00 00:00:00'),
('7315', 'KABUPATEN PINRANG', 'U-001', '0000-00-00 00:00:00', 'U-001', '0000-00-00 00:00:00', 0, 'U-001', '0000-00-00 00:00:00'),
('7316', 'KABUPATEN ENREKANG', 'U-001', '0000-00-00 00:00:00', 'U-001', '0000-00-00 00:00:00', 0, 'U-001', '0000-00-00 00:00:00'),
('7317', 'KABUPATEN LUWU', 'U-001', '0000-00-00 00:00:00', 'U-001', '0000-00-00 00:00:00', 0, 'U-001', '0000-00-00 00:00:00'),
('7318', 'KABUPATEN TANA TORAJA', 'U-001', '0000-00-00 00:00:00', 'U-001', '0000-00-00 00:00:00', 0, 'U-001', '0000-00-00 00:00:00'),
('7322', 'KABUPATEN LUWU UTARA', 'U-001', '0000-00-00 00:00:00', 'U-001', '0000-00-00 00:00:00', 0, 'U-001', '0000-00-00 00:00:00'),
('7325', 'KABUPATEN LUWU TIMUR', 'U-001', '0000-00-00 00:00:00', 'U-001', '0000-00-00 00:00:00', 0, 'U-001', '0000-00-00 00:00:00'),
('7326', 'KABUPATEN TORAJA UTARA', 'U-001', '0000-00-00 00:00:00', 'U-001', '0000-00-00 00:00:00', 0, 'U-001', '0000-00-00 00:00:00'),
('7371', 'KOTA MAKASSAR', 'U-001', '0000-00-00 00:00:00', 'U-001', '0000-00-00 00:00:00', 0, 'U-001', '0000-00-00 00:00:00'),
('7372', 'KOTA PAREPARE', 'U-001', '0000-00-00 00:00:00', 'U-001', '0000-00-00 00:00:00', 0, 'U-001', '0000-00-00 00:00:00'),
('7373', 'KOTA PALOPO', 'U-001', '0000-00-00 00:00:00', 'U-001', '0000-00-00 00:00:00', 0, 'U-001', '0000-00-00 00:00:00'),
('7401', 'KABUPATEN BUTON', 'U-001', '0000-00-00 00:00:00', 'U-001', '0000-00-00 00:00:00', 0, 'U-001', '0000-00-00 00:00:00'),
('7402', 'KABUPATEN MUNA', 'U-001', '0000-00-00 00:00:00', 'U-001', '0000-00-00 00:00:00', 0, 'U-001', '0000-00-00 00:00:00'),
('7403', 'KABUPATEN KONAWE', 'U-001', '0000-00-00 00:00:00', 'U-001', '0000-00-00 00:00:00', 0, 'U-001', '0000-00-00 00:00:00'),
('7404', 'KABUPATEN KOLAKA', 'U-001', '0000-00-00 00:00:00', 'U-001', '0000-00-00 00:00:00', 0, 'U-001', '0000-00-00 00:00:00'),
('7405', 'KABUPATEN KONAWE SELATAN', 'U-001', '0000-00-00 00:00:00', 'U-001', '0000-00-00 00:00:00', 0, 'U-001', '0000-00-00 00:00:00'),
('7406', 'KABUPATEN BOMBANA', 'U-001', '0000-00-00 00:00:00', 'U-001', '0000-00-00 00:00:00', 0, 'U-001', '0000-00-00 00:00:00'),
('7407', 'KABUPATEN WAKATOBI', 'U-001', '0000-00-00 00:00:00', 'U-001', '0000-00-00 00:00:00', 0, 'U-001', '0000-00-00 00:00:00'),
('7408', 'KABUPATEN KOLAKA UTARA', 'U-001', '0000-00-00 00:00:00', 'U-001', '0000-00-00 00:00:00', 0, 'U-001', '0000-00-00 00:00:00'),
('7409', 'KABUPATEN BUTON UTARA', 'U-001', '0000-00-00 00:00:00', 'U-001', '0000-00-00 00:00:00', 0, 'U-001', '0000-00-00 00:00:00'),
('7410', 'KABUPATEN KONAWE UTARA', 'U-001', '0000-00-00 00:00:00', 'U-001', '0000-00-00 00:00:00', 0, 'U-001', '0000-00-00 00:00:00'),
('7411', 'KABUPATEN KOLAKA TIMUR', 'U-001', '0000-00-00 00:00:00', 'U-001', '0000-00-00 00:00:00', 0, 'U-001', '0000-00-00 00:00:00'),
('7412', 'KABUPATEN KONAWE KEPULAUAN', 'U-001', '0000-00-00 00:00:00', 'U-001', '0000-00-00 00:00:00', 0, 'U-001', '0000-00-00 00:00:00'),
('7413', 'KABUPATEN MUNA BARAT', 'U-001', '0000-00-00 00:00:00', 'U-001', '0000-00-00 00:00:00', 0, 'U-001', '0000-00-00 00:00:00'),
('7414', 'KABUPATEN BUTON TENGAH', 'U-001', '0000-00-00 00:00:00', 'U-001', '0000-00-00 00:00:00', 0, 'U-001', '0000-00-00 00:00:00'),
('7415', 'KABUPATEN BUTON SELATAN', 'U-001', '0000-00-00 00:00:00', 'U-001', '0000-00-00 00:00:00', 0, 'U-001', '0000-00-00 00:00:00'),
('7471', 'KOTA KENDARI', 'U-001', '0000-00-00 00:00:00', 'U-001', '0000-00-00 00:00:00', 0, 'U-001', '0000-00-00 00:00:00'),
('7472', 'KOTA BAUBAU', 'U-001', '0000-00-00 00:00:00', 'U-001', '0000-00-00 00:00:00', 0, 'U-001', '0000-00-00 00:00:00'),
('7501', 'KABUPATEN BOALEMO', 'U-001', '0000-00-00 00:00:00', 'U-001', '0000-00-00 00:00:00', 0, 'U-001', '0000-00-00 00:00:00'),
('7502', 'KABUPATEN GORONTALO', 'U-001', '0000-00-00 00:00:00', 'U-001', '0000-00-00 00:00:00', 0, 'U-001', '0000-00-00 00:00:00'),
('7503', 'KABUPATEN POHUWATO', 'U-001', '0000-00-00 00:00:00', 'U-001', '0000-00-00 00:00:00', 0, 'U-001', '0000-00-00 00:00:00'),
('7504', 'KABUPATEN BONE BOLANGO', 'U-001', '0000-00-00 00:00:00', 'U-001', '0000-00-00 00:00:00', 0, 'U-001', '0000-00-00 00:00:00'),
('7505', 'KABUPATEN GORONTALO UTARA', 'U-001', '0000-00-00 00:00:00', 'U-001', '0000-00-00 00:00:00', 0, 'U-001', '0000-00-00 00:00:00'),
('7571', 'KOTA GORONTALO', 'U-001', '0000-00-00 00:00:00', 'U-001', '0000-00-00 00:00:00', 0, 'U-001', '0000-00-00 00:00:00'),
('7601', 'KABUPATEN MAJENE', 'U-001', '0000-00-00 00:00:00', 'U-001', '0000-00-00 00:00:00', 0, 'U-001', '0000-00-00 00:00:00'),
('7602', 'KABUPATEN POLEWALI MANDAR', 'U-001', '0000-00-00 00:00:00', 'U-001', '0000-00-00 00:00:00', 0, 'U-001', '0000-00-00 00:00:00'),
('7603', 'KABUPATEN MAMASA', 'U-001', '0000-00-00 00:00:00', 'U-001', '0000-00-00 00:00:00', 0, 'U-001', '0000-00-00 00:00:00'),
('7604', 'KABUPATEN MAMUJU', 'U-001', '0000-00-00 00:00:00', 'U-001', '0000-00-00 00:00:00', 0, 'U-001', '0000-00-00 00:00:00'),
('7605', 'KABUPATEN MAMUJU UTARA', 'U-001', '0000-00-00 00:00:00', 'U-001', '0000-00-00 00:00:00', 0, 'U-001', '0000-00-00 00:00:00'),
('7606', 'KABUPATEN MAMUJU TENGAH', 'U-001', '0000-00-00 00:00:00', 'U-001', '0000-00-00 00:00:00', 0, 'U-001', '0000-00-00 00:00:00'),
('8101', 'KABUPATEN MALUKU TENGGARA BARAT', 'U-001', '0000-00-00 00:00:00', 'U-001', '0000-00-00 00:00:00', 0, 'U-001', '0000-00-00 00:00:00'),
('8102', 'KABUPATEN MALUKU TENGGARA', 'U-001', '0000-00-00 00:00:00', 'U-001', '0000-00-00 00:00:00', 0, 'U-001', '0000-00-00 00:00:00'),
('8103', 'KABUPATEN MALUKU TENGAH', 'U-001', '0000-00-00 00:00:00', 'U-001', '0000-00-00 00:00:00', 0, 'U-001', '0000-00-00 00:00:00'),
('8104', 'KABUPATEN BURU', 'U-001', '0000-00-00 00:00:00', 'U-001', '0000-00-00 00:00:00', 0, 'U-001', '0000-00-00 00:00:00'),
('8105', 'KABUPATEN KEPULAUAN ARU', 'U-001', '0000-00-00 00:00:00', 'U-001', '0000-00-00 00:00:00', 0, 'U-001', '0000-00-00 00:00:00'),
('8106', 'KABUPATEN SERAM BAGIAN BARAT', 'U-001', '0000-00-00 00:00:00', 'U-001', '0000-00-00 00:00:00', 0, 'U-001', '0000-00-00 00:00:00'),
('8107', 'KABUPATEN SERAM BAGIAN TIMUR', 'U-001', '0000-00-00 00:00:00', 'U-001', '0000-00-00 00:00:00', 0, 'U-001', '0000-00-00 00:00:00'),
('8108', 'KABUPATEN MALUKU BARAT DAYA', 'U-001', '0000-00-00 00:00:00', 'U-001', '0000-00-00 00:00:00', 0, 'U-001', '0000-00-00 00:00:00'),
('8109', 'KABUPATEN BURU SELATAN', 'U-001', '0000-00-00 00:00:00', 'U-001', '0000-00-00 00:00:00', 0, 'U-001', '0000-00-00 00:00:00'),
('8171', 'KOTA AMBON', 'U-001', '0000-00-00 00:00:00', 'U-001', '0000-00-00 00:00:00', 0, 'U-001', '0000-00-00 00:00:00'),
('8172', 'KOTA TUAL', 'U-001', '0000-00-00 00:00:00', 'U-001', '0000-00-00 00:00:00', 0, 'U-001', '0000-00-00 00:00:00'),
('8201', 'KABUPATEN HALMAHERA BARAT', 'U-001', '0000-00-00 00:00:00', 'U-001', '0000-00-00 00:00:00', 0, 'U-001', '0000-00-00 00:00:00'),
('8202', 'KABUPATEN HALMAHERA TENGAH', 'U-001', '0000-00-00 00:00:00', 'U-001', '0000-00-00 00:00:00', 0, 'U-001', '0000-00-00 00:00:00'),
('8203', 'KABUPATEN KEPULAUAN SULA', 'U-001', '0000-00-00 00:00:00', 'U-001', '0000-00-00 00:00:00', 0, 'U-001', '0000-00-00 00:00:00'),
('8204', 'KABUPATEN HALMAHERA SELATAN', 'U-001', '0000-00-00 00:00:00', 'U-001', '0000-00-00 00:00:00', 0, 'U-001', '0000-00-00 00:00:00'),
('8205', 'KABUPATEN HALMAHERA UTARA', 'U-001', '0000-00-00 00:00:00', 'U-001', '0000-00-00 00:00:00', 0, 'U-001', '0000-00-00 00:00:00'),
('8206', 'KABUPATEN HALMAHERA TIMUR', 'U-001', '0000-00-00 00:00:00', 'U-001', '0000-00-00 00:00:00', 0, 'U-001', '0000-00-00 00:00:00'),
('8207', 'KABUPATEN PULAU MOROTAI', 'U-001', '0000-00-00 00:00:00', 'U-001', '0000-00-00 00:00:00', 0, 'U-001', '0000-00-00 00:00:00'),
('8208', 'KABUPATEN PULAU TALIABU', 'U-001', '0000-00-00 00:00:00', 'U-001', '0000-00-00 00:00:00', 0, 'U-001', '0000-00-00 00:00:00'),
('8271', 'KOTA TERNATE', 'U-001', '0000-00-00 00:00:00', 'U-001', '0000-00-00 00:00:00', 0, 'U-001', '0000-00-00 00:00:00'),
('8272', 'KOTA TIDORE KEPULAUAN', 'U-001', '0000-00-00 00:00:00', 'U-001', '0000-00-00 00:00:00', 0, 'U-001', '0000-00-00 00:00:00'),
('9101', 'KABUPATEN FAKFAK', 'U-001', '0000-00-00 00:00:00', 'U-001', '0000-00-00 00:00:00', 0, 'U-001', '0000-00-00 00:00:00'),
('9102', 'KABUPATEN KAIMANA', 'U-001', '0000-00-00 00:00:00', 'U-001', '0000-00-00 00:00:00', 0, 'U-001', '0000-00-00 00:00:00'),
('9103', 'KABUPATEN TELUK WONDAMA', 'U-001', '0000-00-00 00:00:00', 'U-001', '0000-00-00 00:00:00', 0, 'U-001', '0000-00-00 00:00:00'),
('9104', 'KABUPATEN TELUK BINTUNI', 'U-001', '0000-00-00 00:00:00', 'U-001', '0000-00-00 00:00:00', 0, 'U-001', '0000-00-00 00:00:00'),
('9105', 'KABUPATEN MANOKWARI', 'U-001', '0000-00-00 00:00:00', 'U-001', '0000-00-00 00:00:00', 0, 'U-001', '0000-00-00 00:00:00'),
('9106', 'KABUPATEN SORONG SELATAN', 'U-001', '0000-00-00 00:00:00', 'U-001', '0000-00-00 00:00:00', 0, 'U-001', '0000-00-00 00:00:00'),
('9107', 'KABUPATEN SORONG', 'U-001', '0000-00-00 00:00:00', 'U-001', '0000-00-00 00:00:00', 0, 'U-001', '0000-00-00 00:00:00'),
('9108', 'KABUPATEN RAJA AMPAT', 'U-001', '0000-00-00 00:00:00', 'U-001', '0000-00-00 00:00:00', 0, 'U-001', '0000-00-00 00:00:00'),
('9109', 'KABUPATEN TAMBRAUW', 'U-001', '0000-00-00 00:00:00', 'U-001', '0000-00-00 00:00:00', 0, 'U-001', '0000-00-00 00:00:00'),
('9110', 'KABUPATEN MAYBRAT', 'U-001', '0000-00-00 00:00:00', 'U-001', '0000-00-00 00:00:00', 0, 'U-001', '0000-00-00 00:00:00'),
('9111', 'KABUPATEN MANOKWARI SELATAN', 'U-001', '0000-00-00 00:00:00', 'U-001', '0000-00-00 00:00:00', 0, 'U-001', '0000-00-00 00:00:00'),
('9112', 'KABUPATEN PEGUNUNGAN ARFAK', 'U-001', '0000-00-00 00:00:00', 'U-001', '0000-00-00 00:00:00', 0, 'U-001', '0000-00-00 00:00:00'),
('9171', 'KOTA SORONG', 'U-001', '0000-00-00 00:00:00', 'U-001', '0000-00-00 00:00:00', 0, 'U-001', '0000-00-00 00:00:00'),
('9401', 'KABUPATEN MERAUKE', 'U-001', '0000-00-00 00:00:00', 'U-001', '0000-00-00 00:00:00', 0, 'U-001', '0000-00-00 00:00:00'),
('9402', 'KABUPATEN JAYAWIJAYA', 'U-001', '0000-00-00 00:00:00', 'U-001', '0000-00-00 00:00:00', 0, 'U-001', '0000-00-00 00:00:00'),
('9403', 'KABUPATEN JAYAPURA', 'U-001', '0000-00-00 00:00:00', 'U-001', '0000-00-00 00:00:00', 0, 'U-001', '0000-00-00 00:00:00'),
('9404', 'KABUPATEN NABIRE', 'U-001', '0000-00-00 00:00:00', 'U-001', '0000-00-00 00:00:00', 0, 'U-001', '0000-00-00 00:00:00'),
('9408', 'KABUPATEN KEPULAUAN YAPEN', 'U-001', '0000-00-00 00:00:00', 'U-001', '0000-00-00 00:00:00', 0, 'U-001', '0000-00-00 00:00:00'),
('9409', 'KABUPATEN BIAK NUMFOR', 'U-001', '0000-00-00 00:00:00', 'U-001', '0000-00-00 00:00:00', 0, 'U-001', '0000-00-00 00:00:00'),
('9410', 'KABUPATEN PANIAI', 'U-001', '0000-00-00 00:00:00', 'U-001', '0000-00-00 00:00:00', 0, 'U-001', '0000-00-00 00:00:00'),
('9411', 'KABUPATEN PUNCAK JAYA', 'U-001', '0000-00-00 00:00:00', 'U-001', '0000-00-00 00:00:00', 0, 'U-001', '0000-00-00 00:00:00'),
('9412', 'KABUPATEN MIMIKA', 'U-001', '0000-00-00 00:00:00', 'U-001', '0000-00-00 00:00:00', 0, 'U-001', '0000-00-00 00:00:00'),
('9413', 'KABUPATEN BOVEN DIGOEL', 'U-001', '0000-00-00 00:00:00', 'U-001', '0000-00-00 00:00:00', 0, 'U-001', '0000-00-00 00:00:00'),
('9414', 'KABUPATEN MAPPI', 'U-001', '0000-00-00 00:00:00', 'U-001', '0000-00-00 00:00:00', 0, 'U-001', '0000-00-00 00:00:00'),
('9415', 'KABUPATEN ASMAT', 'U-001', '0000-00-00 00:00:00', 'U-001', '0000-00-00 00:00:00', 0, 'U-001', '0000-00-00 00:00:00'),
('9416', 'KABUPATEN YAHUKIMO', 'U-001', '0000-00-00 00:00:00', 'U-001', '0000-00-00 00:00:00', 0, 'U-001', '0000-00-00 00:00:00'),
('9417', 'KABUPATEN PEGUNUNGAN BINTANG', 'U-001', '0000-00-00 00:00:00', 'U-001', '0000-00-00 00:00:00', 0, 'U-001', '0000-00-00 00:00:00'),
('9418', 'KABUPATEN TOLIKARA', 'U-001', '0000-00-00 00:00:00', 'U-001', '0000-00-00 00:00:00', 0, 'U-001', '0000-00-00 00:00:00'),
('9419', 'KABUPATEN SARMI', 'U-001', '0000-00-00 00:00:00', 'U-001', '0000-00-00 00:00:00', 0, 'U-001', '0000-00-00 00:00:00'),
('9420', 'KABUPATEN KEEROM', 'U-001', '0000-00-00 00:00:00', 'U-001', '0000-00-00 00:00:00', 0, 'U-001', '0000-00-00 00:00:00'),
('9426', 'KABUPATEN WAROPEN', 'U-001', '0000-00-00 00:00:00', 'U-001', '0000-00-00 00:00:00', 0, 'U-001', '0000-00-00 00:00:00'),
('9427', 'KABUPATEN SUPIORI', 'U-001', '0000-00-00 00:00:00', 'U-001', '0000-00-00 00:00:00', 0, 'U-001', '0000-00-00 00:00:00'),
('9428', 'KABUPATEN MAMBERAMO RAYA', 'U-001', '0000-00-00 00:00:00', 'U-001', '0000-00-00 00:00:00', 0, 'U-001', '0000-00-00 00:00:00'),
('9429', 'KABUPATEN NDUGA', 'U-001', '0000-00-00 00:00:00', 'U-001', '0000-00-00 00:00:00', 0, 'U-001', '0000-00-00 00:00:00'),
('9430', 'KABUPATEN LANNY JAYA', 'U-001', '0000-00-00 00:00:00', 'U-001', '0000-00-00 00:00:00', 0, 'U-001', '0000-00-00 00:00:00'),
('9431', 'KABUPATEN MAMBERAMO TENGAH', 'U-001', '0000-00-00 00:00:00', 'U-001', '0000-00-00 00:00:00', 0, 'U-001', '0000-00-00 00:00:00'),
('9432', 'KABUPATEN YALIMO', 'U-001', '0000-00-00 00:00:00', 'U-001', '0000-00-00 00:00:00', 0, 'U-001', '0000-00-00 00:00:00'),
('9433', 'KABUPATEN PUNCAK', 'U-001', '0000-00-00 00:00:00', 'U-001', '0000-00-00 00:00:00', 0, 'U-001', '0000-00-00 00:00:00'),
('9434', 'KABUPATEN DOGIYAI', 'U-001', '0000-00-00 00:00:00', 'U-001', '0000-00-00 00:00:00', 0, 'U-001', '0000-00-00 00:00:00'),
('9435', 'KABUPATEN INTAN JAYA', 'U-001', '0000-00-00 00:00:00', 'U-001', '0000-00-00 00:00:00', 0, 'U-001', '0000-00-00 00:00:00'),
('9436', 'KABUPATEN DEIYAI', 'U-001', '0000-00-00 00:00:00', 'U-001', '0000-00-00 00:00:00', 0, 'U-001', '0000-00-00 00:00:00'),
('9471', 'KOTA JAYAPURA', 'U-001', '0000-00-00 00:00:00', 'U-001', '0000-00-00 00:00:00', 0, 'U-001', '0000-00-00 00:00:00'),
('9472', 'MALAYSIA', 'U-001', '0000-00-00 00:00:00', 'U-001', '0000-00-00 00:00:00', 0, 'U-001', '0000-00-00 00:00:00'),
('9477', 'MESIR', 'U-001', '0000-00-00 00:00:00', 'U-001', '0000-00-00 00:00:00', 0, 'U-001', '0000-00-00 00:00:00'),
('9478', 'MYANMAR', 'U-001', '0000-00-00 00:00:00', 'U-001', '0000-00-00 00:00:00', 0, 'U-001', '0000-00-00 00:00:00'),
('9479', 'RUSIA', 'U-001', '0000-00-00 00:00:00', 'U-001', '0000-00-00 00:00:00', 0, 'U-001', '0000-00-00 00:00:00'),
('9480', 'SERBIA', 'U-001', '0000-00-00 00:00:00', 'U-001', '0000-00-00 00:00:00', 0, 'U-001', '0000-00-00 00:00:00'),
('9481', 'SINGAPURA', 'U-001', '0000-00-00 00:00:00', 'U-001', '0000-00-00 00:00:00', 0, 'U-001', '0000-00-00 00:00:00'),
('9482', 'SYRIA', 'U-001', '0000-00-00 00:00:00', 'U-001', '0000-00-00 00:00:00', 0, 'U-001', '0000-00-00 00:00:00'),
('9483', 'THAILAND', 'U-001', '0000-00-00 00:00:00', 'U-001', '0000-00-00 00:00:00', 0, 'U-001', '0000-00-00 00:00:00'),
('A02', 'asdasd', 'U-001', NULL, 'U-001', '2018-08-05 17:39:57', 1, 'U-001', '2018-08-05 17:40:53'),
('afcvxc', 'cxbf', 'U-001', NULL, NULL, NULL, 1, 'U-001', '2018-08-05 17:40:56'),
('asdasd', 'sfgfdfg', 'U-001', NULL, NULL, NULL, 1, 'U-001', '2018-08-05 17:40:56'),
('ghfgn', 'ghtt', 'U-001', '2018-08-05 17:40:47', NULL, NULL, 1, 'U-001', '2018-08-05 17:40:56'),
('K01', 'Bogor', 'U-001', '2018-08-06 10:48:57', 'U-001', '2018-08-07 17:39:06', 0, NULL, NULL),
('K02', 'Jakarta', 'U-001', '2018-08-06 10:49:06', NULL, NULL, 1, 'U-001', '2018-08-07 17:39:22');

-- --------------------------------------------------------

--
-- Struktur dari tabel `laporan_akademik`
--

CREATE TABLE `laporan_akademik` (
  `id` int(11) NOT NULL,
  `id_karyasiswa_log` int(11) DEFAULT NULL,
  `id_semester` varchar(5) DEFAULT NULL,
  `progress` varchar(50) NOT NULL,
  `tahun_lulus` varchar(4) NOT NULL,
  `keterangan` text NOT NULL,
  `sks` int(11) NOT NULL,
  `ip` decimal(10,0) NOT NULL,
  `file_karyasiswa` text,
  `file_sktb` text,
  `created_by` varchar(10) DEFAULT NULL,
  `created_date` datetime NOT NULL DEFAULT CURRENT_TIMESTAMP,
  `last_modified_by` varchar(10) DEFAULT NULL,
  `last_modified_date` datetime NOT NULL,
  `is_deleted` tinyint(1) NOT NULL DEFAULT '0',
  `deleted_by` varchar(10) DEFAULT NULL,
  `deleted_date` datetime DEFAULT NULL
) ENGINE=InnoDB DEFAULT CHARSET=latin1;

--
-- Dumping data untuk tabel `laporan_akademik`
--

INSERT INTO `laporan_akademik` (`id`, `id_karyasiswa_log`, `id_semester`, `progress`, `tahun_lulus`, `keterangan`, `sks`, `ip`, `file_karyasiswa`, `file_sktb`, `created_by`, `created_date`, `last_modified_by`, `last_modified_date`, `is_deleted`, `deleted_by`, `deleted_date`) VALUES
(19, 75, '20292', 'Lulus', '2010', '', 20, '4', 'Bab_3_-_directive_JSP_versi_2.pdf', 'Bab_4_-_Standard_Action_Baru_versi_2.pdf', 'U-001', '2018-08-12 01:34:49', 'U-001', '2018-08-12 18:59:12', 1, 'U-001', '2018-08-12 19:04:18');

-- --------------------------------------------------------

--
-- Struktur dari tabel `laporan_thesis`
--

CREATE TABLE `laporan_thesis` (
  `id` int(11) NOT NULL,
  `id_karyasiswa_log` int(11) DEFAULT NULL,
  `id_semester` varchar(5) DEFAULT NULL,
  `judul_thesis` varchar(250) NOT NULL,
  `jadwal_thesis` date DEFAULT NULL,
  `moderator_presentasi` varchar(100) NOT NULL,
  `rekomendasi_1_hasil_presentasi` text NOT NULL,
  `rekomendasi_2_hasil_presentasi` text NOT NULL,
  `rekomendasi_3_hasil_presentasi` text NOT NULL,
  `narasumber` varchar(100) NOT NULL,
  `created_by` varchar(10) DEFAULT NULL,
  `created_date` datetime NOT NULL DEFAULT CURRENT_TIMESTAMP,
  `last_modified_by` varchar(10) DEFAULT NULL,
  `last_modified_date` datetime DEFAULT NULL,
  `is_deleted` tinyint(1) DEFAULT '0',
  `deleted_by` varchar(10) DEFAULT NULL,
  `deleted_date` datetime DEFAULT NULL
) ENGINE=InnoDB DEFAULT CHARSET=latin1;

--
-- Dumping data untuk tabel `laporan_thesis`
--

INSERT INTO `laporan_thesis` (`id`, `id_karyasiswa_log`, `id_semester`, `judul_thesis`, `jadwal_thesis`, `moderator_presentasi`, `rekomendasi_1_hasil_presentasi`, `rekomendasi_2_hasil_presentasi`, `rekomendasi_3_hasil_presentasi`, `narasumber`, `created_by`, `created_date`, `last_modified_by`, `last_modified_date`, `is_deleted`, `deleted_by`, `deleted_date`) VALUES
(1, 109, '20091', 'Akibat Turunnya Kurs Dolar', '2018-08-12', 'Drs, Fajar Puji Tri', 'Ini udah mantep', '', '', 'Muhamad Fajar', NULL, '2018-08-12 20:10:02', 'U-001', '2018-08-12 20:36:39', 1, 'U-001', '2018-08-12 20:41:25'),
(2, 72, '20222', 'Efek Rumah Kaca', '0000-00-00', '', 'sip', 'sip', 'sip', 'Muhamad Fajar', 'U-001', '2018-08-12 20:37:35', NULL, NULL, 0, NULL, NULL);

-- --------------------------------------------------------

--
-- Struktur dari tabel `negara`
--

CREATE TABLE `negara` (
  `kode` varchar(10) NOT NULL,
  `nama_negara` varchar(50) NOT NULL,
  `created_by` varchar(10) DEFAULT NULL,
  `created_date` datetime NOT NULL DEFAULT CURRENT_TIMESTAMP,
  `last_modified_by` varchar(10) DEFAULT NULL,
  `last_modified_date` datetime DEFAULT NULL,
  `is_deleted` tinyint(1) NOT NULL DEFAULT '0',
  `deleted_by` varchar(10) DEFAULT NULL,
  `deleted_date` datetime DEFAULT NULL
) ENGINE=InnoDB DEFAULT CHARSET=latin1;

--
-- Dumping data untuk tabel `negara`
--

INSERT INTO `negara` (`kode`, `nama_negara`, `created_by`, `created_date`, `last_modified_by`, `last_modified_date`, `is_deleted`, `deleted_by`, `deleted_date`) VALUES
('1-242', 'Bahama', 'U-001', '0000-00-00 00:00:00', 'U-001', '2018-08-07 17:29:13', 0, 'U-001', '0000-00-00 00:00:00'),
('1-246', 'Barbados', 'U-001', '0000-00-00 00:00:00', 'U-001', '0000-00-00 00:00:00', 0, 'U-001', '0000-00-00 00:00:00'),
('1-268', 'Antigua & Barbuda', 'U-001', '0000-00-00 00:00:00', 'U-001', '0000-00-00 00:00:00', 0, 'U-001', '0000-00-00 00:00:00'),
('1-473', 'Grenada', 'U-001', '0000-00-00 00:00:00', 'U-001', '0000-00-00 00:00:00', 0, 'U-001', '0000-00-00 00:00:00'),
('1-758', 'Saint Lucia', 'U-001', '0000-00-00 00:00:00', 'U-001', '0000-00-00 00:00:00', 0, 'U-001', '0000-00-00 00:00:00'),
('1-767', 'Domikia', 'U-001', '0000-00-00 00:00:00', 'U-001', '0000-00-00 00:00:00', 0, 'U-001', '0000-00-00 00:00:00'),
('1-784', 'Saint Vincent & the Grenadines', 'U-001', '0000-00-00 00:00:00', 'U-001', '0000-00-00 00:00:00', 0, 'U-001', '0000-00-00 00:00:00'),
('1-809; 1-8', 'Republik Dominika', 'U-001', '0000-00-00 00:00:00', 'U-001', '0000-00-00 00:00:00', 0, 'U-001', '0000-00-00 00:00:00'),
('1-868', 'Trinidad & Tobago', 'U-001', '0000-00-00 00:00:00', 'U-001', '0000-00-00 00:00:00', 0, 'U-001', '0000-00-00 00:00:00'),
('1-869', 'Saint Kitts and Nevis', 'U-001', '0000-00-00 00:00:00', 'U-001', '0000-00-00 00:00:00', 0, 'U-001', '0000-00-00 00:00:00'),
('1-876', 'Jamaika', 'U-001', '0000-00-00 00:00:00', 'U-001', '0000-00-00 00:00:00', 0, 'U-001', '0000-00-00 00:00:00'),
('111', 'Zimbabue', 'U-001', '2018-08-07 17:29:59', NULL, NULL, 0, NULL, NULL),
('20', 'Mesir', 'U-001', '0000-00-00 00:00:00', 'U-001', '0000-00-00 00:00:00', 0, 'U-001', '0000-00-00 00:00:00'),
('211', 'Sudan Selatan', 'U-001', '0000-00-00 00:00:00', 'U-001', '0000-00-00 00:00:00', 0, 'U-001', '0000-00-00 00:00:00'),
('212', 'Maroko', 'U-001', '0000-00-00 00:00:00', 'U-001', '0000-00-00 00:00:00', 0, 'U-001', '0000-00-00 00:00:00'),
('213', 'Algeria', 'U-001', '0000-00-00 00:00:00', 'U-001', '0000-00-00 00:00:00', 0, 'U-001', '0000-00-00 00:00:00'),
('216', 'Tunisia', 'U-001', '0000-00-00 00:00:00', 'U-001', '0000-00-00 00:00:00', 0, 'U-001', '0000-00-00 00:00:00'),
('218', 'Libya', 'U-001', '0000-00-00 00:00:00', 'U-001', '0000-00-00 00:00:00', 0, 'U-001', '0000-00-00 00:00:00'),
('220', 'Gambia', 'U-001', '0000-00-00 00:00:00', 'U-001', '0000-00-00 00:00:00', 0, 'U-001', '0000-00-00 00:00:00'),
('221', 'Senegal', 'U-001', '0000-00-00 00:00:00', 'U-001', '0000-00-00 00:00:00', 0, 'U-001', '0000-00-00 00:00:00'),
('222', 'Mauritania', 'U-001', '0000-00-00 00:00:00', 'U-001', '0000-00-00 00:00:00', 0, 'U-001', '0000-00-00 00:00:00'),
('223', 'Mali', 'U-001', '0000-00-00 00:00:00', 'U-001', '0000-00-00 00:00:00', 0, 'U-001', '0000-00-00 00:00:00'),
('224', 'Guinea', 'U-001', '0000-00-00 00:00:00', 'U-001', '0000-00-00 00:00:00', 0, 'U-001', '0000-00-00 00:00:00'),
('225', 'Pantai Gading', 'U-001', '0000-00-00 00:00:00', 'U-001', '0000-00-00 00:00:00', 0, 'U-001', '0000-00-00 00:00:00'),
('226', 'Burkina Faso', 'U-001', '0000-00-00 00:00:00', 'U-001', '0000-00-00 00:00:00', 0, 'U-001', '0000-00-00 00:00:00'),
('227', 'Niger', 'U-001', '0000-00-00 00:00:00', 'U-001', '0000-00-00 00:00:00', 0, 'U-001', '0000-00-00 00:00:00'),
('228', 'Togo', 'U-001', '0000-00-00 00:00:00', 'U-001', '0000-00-00 00:00:00', 0, 'U-001', '0000-00-00 00:00:00'),
('229', 'Benin', 'U-001', '0000-00-00 00:00:00', 'U-001', '0000-00-00 00:00:00', 0, 'U-001', '0000-00-00 00:00:00'),
('230', 'Mauritius', 'U-001', '0000-00-00 00:00:00', 'U-001', '0000-00-00 00:00:00', 0, 'U-001', '0000-00-00 00:00:00'),
('231', 'Liberia', 'U-001', '0000-00-00 00:00:00', 'U-001', '0000-00-00 00:00:00', 0, 'U-001', '0000-00-00 00:00:00'),
('232', 'Sierra Leone', 'U-001', '0000-00-00 00:00:00', 'U-001', '0000-00-00 00:00:00', 0, 'U-001', '0000-00-00 00:00:00'),
('233', 'Ghana', 'U-001', '0000-00-00 00:00:00', 'U-001', '0000-00-00 00:00:00', 0, 'U-001', '0000-00-00 00:00:00'),
('234', 'Nigeria', 'U-001', '0000-00-00 00:00:00', 'U-001', '0000-00-00 00:00:00', 0, 'U-001', '0000-00-00 00:00:00'),
('235', 'Chad', 'U-001', '0000-00-00 00:00:00', 'U-001', '0000-00-00 00:00:00', 0, 'U-001', '0000-00-00 00:00:00'),
('236', 'Afrika Tengah', 'U-001', '0000-00-00 00:00:00', 'U-001', '0000-00-00 00:00:00', 0, 'U-001', '0000-00-00 00:00:00'),
('237', 'Kamerun', 'U-001', '0000-00-00 00:00:00', 'U-001', '0000-00-00 00:00:00', 0, 'U-001', '0000-00-00 00:00:00'),
('238', 'Tanjung Verde', 'U-001', '0000-00-00 00:00:00', 'U-001', '0000-00-00 00:00:00', 0, 'U-001', '0000-00-00 00:00:00'),
('239', 'Sao Tome & Principe', 'U-001', '0000-00-00 00:00:00', 'U-001', '0000-00-00 00:00:00', 0, 'U-001', '0000-00-00 00:00:00'),
('240', 'Guinea Khatulistiwa', 'U-001', '0000-00-00 00:00:00', 'U-001', '0000-00-00 00:00:00', 0, 'U-001', '0000-00-00 00:00:00'),
('241', 'Gabon', 'U-001', '0000-00-00 00:00:00', 'U-001', '0000-00-00 00:00:00', 0, 'U-001', '0000-00-00 00:00:00'),
('242', 'Rep. Dem. Kongo', 'U-001', '0000-00-00 00:00:00', 'U-001', '0000-00-00 00:00:00', 0, 'U-001', '0000-00-00 00:00:00'),
('243', 'Republik Kongo', 'U-001', '0000-00-00 00:00:00', 'U-001', '0000-00-00 00:00:00', 0, 'U-001', '0000-00-00 00:00:00'),
('2434', 'asdas', 'U-001', '2018-08-07 09:30:27', NULL, NULL, 0, NULL, NULL),
('244', 'Angola', 'U-001', '0000-00-00 00:00:00', 'U-001', '0000-00-00 00:00:00', 0, 'U-001', '0000-00-00 00:00:00'),
('245', 'Guinea Bissau', 'U-001', '0000-00-00 00:00:00', 'U-001', '0000-00-00 00:00:00', 0, 'U-001', '0000-00-00 00:00:00'),
('248', 'Seychelles', 'U-001', '0000-00-00 00:00:00', 'U-001', '0000-00-00 00:00:00', 0, 'U-001', '0000-00-00 00:00:00'),
('249', 'Sudan', 'U-001', '0000-00-00 00:00:00', 'U-001', '0000-00-00 00:00:00', 0, 'U-001', '0000-00-00 00:00:00'),
('250', 'Rwanda', 'U-001', '0000-00-00 00:00:00', 'U-001', '0000-00-00 00:00:00', 0, 'U-001', '0000-00-00 00:00:00'),
('251', 'Ethiopia', 'U-001', '0000-00-00 00:00:00', 'U-001', '0000-00-00 00:00:00', 0, 'U-001', '0000-00-00 00:00:00'),
('252', 'Somalia', 'U-001', '0000-00-00 00:00:00', 'U-001', '0000-00-00 00:00:00', 0, 'U-001', '0000-00-00 00:00:00'),
('253', 'Djibouti', 'U-001', '0000-00-00 00:00:00', 'U-001', '0000-00-00 00:00:00', 0, 'U-001', '0000-00-00 00:00:00'),
('254', 'Kenya', 'U-001', '0000-00-00 00:00:00', 'U-001', '0000-00-00 00:00:00', 0, 'U-001', '0000-00-00 00:00:00'),
('255', 'Tanzania', 'U-001', '0000-00-00 00:00:00', 'U-001', '0000-00-00 00:00:00', 0, 'U-001', '0000-00-00 00:00:00'),
('256', 'Uganda', 'U-001', '0000-00-00 00:00:00', 'U-001', '0000-00-00 00:00:00', 0, 'U-001', '0000-00-00 00:00:00'),
('257', 'Burundi', 'U-001', '0000-00-00 00:00:00', 'U-001', '0000-00-00 00:00:00', 0, 'U-001', '0000-00-00 00:00:00'),
('258', 'Mozambik', 'U-001', '0000-00-00 00:00:00', 'U-001', '0000-00-00 00:00:00', 0, 'U-001', '0000-00-00 00:00:00'),
('260', 'Zambia', 'U-001', '0000-00-00 00:00:00', 'U-001', '0000-00-00 00:00:00', 0, 'U-001', '0000-00-00 00:00:00'),
('261', 'Madagaskar', 'U-001', '0000-00-00 00:00:00', 'U-001', '0000-00-00 00:00:00', 0, 'U-001', '0000-00-00 00:00:00'),
('263', 'Zimbabwe', 'U-001', '0000-00-00 00:00:00', 'U-001', '0000-00-00 00:00:00', 0, 'U-001', '0000-00-00 00:00:00'),
('264', 'Namibia', 'U-001', '0000-00-00 00:00:00', 'U-001', '0000-00-00 00:00:00', 0, 'U-001', '0000-00-00 00:00:00'),
('265', 'Malawi', 'U-001', '0000-00-00 00:00:00', 'U-001', '0000-00-00 00:00:00', 0, 'U-001', '0000-00-00 00:00:00'),
('266', 'Lesotho', 'U-001', '0000-00-00 00:00:00', 'U-001', '0000-00-00 00:00:00', 0, 'U-001', '0000-00-00 00:00:00'),
('267', 'Botswana', 'U-001', '0000-00-00 00:00:00', 'U-001', '0000-00-00 00:00:00', 0, 'U-001', '0000-00-00 00:00:00'),
('268', 'Swaziland', 'U-001', '0000-00-00 00:00:00', 'U-001', '0000-00-00 00:00:00', 0, 'U-001', '0000-00-00 00:00:00'),
('269', 'Komoro', 'U-001', '0000-00-00 00:00:00', 'U-001', '0000-00-00 00:00:00', 0, 'U-001', '0000-00-00 00:00:00'),
('27', 'Afrika Selatan', 'U-001', '0000-00-00 00:00:00', 'U-001', '0000-00-00 00:00:00', 0, 'U-001', '0000-00-00 00:00:00'),
('276', 'Germany', 'U-001', '2018-08-07 09:22:25', NULL, NULL, 1, 'U-001', '2018-08-07 09:30:17'),
('291', 'Eritrea', 'U-001', '0000-00-00 00:00:00', 'U-001', '0000-00-00 00:00:00', 0, 'U-001', '0000-00-00 00:00:00'),
('30', 'Yunani', 'U-001', '0000-00-00 00:00:00', 'U-001', '0000-00-00 00:00:00', 0, 'U-001', '0000-00-00 00:00:00'),
('31', 'Belanda', 'U-001', '0000-00-00 00:00:00', 'U-001', '0000-00-00 00:00:00', 0, 'U-001', '0000-00-00 00:00:00'),
('32', 'Belgia', 'U-001', '0000-00-00 00:00:00', 'U-001', '0000-00-00 00:00:00', 0, 'U-001', '0000-00-00 00:00:00'),
('33', 'Perancis', 'U-001', '0000-00-00 00:00:00', 'U-001', '0000-00-00 00:00:00', 0, 'U-001', '0000-00-00 00:00:00'),
('34', 'Spanyol', 'U-001', '0000-00-00 00:00:00', 'U-001', '0000-00-00 00:00:00', 0, 'U-001', '0000-00-00 00:00:00'),
('351', 'Portugal', 'U-001', '0000-00-00 00:00:00', 'U-001', '0000-00-00 00:00:00', 0, 'U-001', '0000-00-00 00:00:00'),
('352', 'Luksemburg', 'U-001', '0000-00-00 00:00:00', 'U-001', '0000-00-00 00:00:00', 0, 'U-001', '0000-00-00 00:00:00'),
('353', 'Irlandia', 'U-001', '0000-00-00 00:00:00', 'U-001', '0000-00-00 00:00:00', 0, 'U-001', '0000-00-00 00:00:00'),
('354', 'Islandia', 'U-001', '0000-00-00 00:00:00', 'U-001', '0000-00-00 00:00:00', 0, 'U-001', '0000-00-00 00:00:00'),
('355', 'Albania', 'U-001', '0000-00-00 00:00:00', 'U-001', '0000-00-00 00:00:00', 0, 'U-001', '0000-00-00 00:00:00'),
('356', 'Malta', 'U-001', '0000-00-00 00:00:00', 'U-001', '0000-00-00 00:00:00', 0, 'U-001', '0000-00-00 00:00:00'),
('357', 'Siprus', 'U-001', '0000-00-00 00:00:00', 'U-001', '0000-00-00 00:00:00', 0, 'U-001', '0000-00-00 00:00:00'),
('358', 'Finlandia', 'U-001', '0000-00-00 00:00:00', 'U-001', '0000-00-00 00:00:00', 0, 'U-001', '0000-00-00 00:00:00'),
('359', 'Bulgaria', 'U-001', '0000-00-00 00:00:00', 'U-001', '0000-00-00 00:00:00', 0, 'U-001', '0000-00-00 00:00:00'),
('36', 'Hongaria', 'U-001', '0000-00-00 00:00:00', 'U-001', '0000-00-00 00:00:00', 0, 'U-001', '0000-00-00 00:00:00'),
('360', 'Indonesia', 'U-001', '2018-08-06 10:48:23', 'U-001', '2018-08-07 09:20:11', 1, 'U-001', '2018-08-07 09:30:17'),
('370', 'Lituania', 'U-001', '0000-00-00 00:00:00', 'U-001', '0000-00-00 00:00:00', 0, 'U-001', '0000-00-00 00:00:00'),
('371', 'Latvia', 'U-001', '0000-00-00 00:00:00', 'U-001', '0000-00-00 00:00:00', 0, 'U-001', '0000-00-00 00:00:00'),
('372', 'Estonia', 'U-001', '0000-00-00 00:00:00', 'U-001', '0000-00-00 00:00:00', 0, 'U-001', '0000-00-00 00:00:00'),
('373', 'Moldova', 'U-001', '0000-00-00 00:00:00', 'U-001', '0000-00-00 00:00:00', 0, 'U-001', '0000-00-00 00:00:00'),
('374', 'Armenia', 'U-001', '0000-00-00 00:00:00', 'U-001', '0000-00-00 00:00:00', 0, 'U-001', '0000-00-00 00:00:00'),
('375', 'Belarus', 'U-001', '0000-00-00 00:00:00', 'U-001', '0000-00-00 00:00:00', 0, 'U-001', '0000-00-00 00:00:00'),
('376', 'Andorra', 'U-001', '0000-00-00 00:00:00', 'U-001', '0000-00-00 00:00:00', 0, 'U-001', '0000-00-00 00:00:00'),
('377', 'Monako', 'U-001', '0000-00-00 00:00:00', 'U-001', '0000-00-00 00:00:00', 0, 'U-001', '0000-00-00 00:00:00'),
('378', 'San Marino', 'U-001', '0000-00-00 00:00:00', 'U-001', '0000-00-00 00:00:00', 0, 'U-001', '0000-00-00 00:00:00'),
('380', 'Ukraina', 'U-001', '0000-00-00 00:00:00', 'U-001', '0000-00-00 00:00:00', 0, 'U-001', '0000-00-00 00:00:00'),
('381', 'Serbia', 'U-001', '0000-00-00 00:00:00', 'U-001', '0000-00-00 00:00:00', 0, 'U-001', '0000-00-00 00:00:00'),
('382', 'Montenegro', 'U-001', '0000-00-00 00:00:00', 'U-001', '0000-00-00 00:00:00', 0, 'U-001', '0000-00-00 00:00:00'),
('385', 'Kroasia', 'U-001', '0000-00-00 00:00:00', 'U-001', '0000-00-00 00:00:00', 0, 'U-001', '0000-00-00 00:00:00'),
('386', 'Slovenia', 'U-001', '0000-00-00 00:00:00', 'U-001', '0000-00-00 00:00:00', 0, 'U-001', '0000-00-00 00:00:00'),
('387', 'Bosnia & Herzegovina', 'U-001', '0000-00-00 00:00:00', 'U-001', '0000-00-00 00:00:00', 0, 'U-001', '0000-00-00 00:00:00'),
('389', 'Makedonia', 'U-001', '0000-00-00 00:00:00', 'U-001', '0000-00-00 00:00:00', 0, 'U-001', '0000-00-00 00:00:00'),
('39', 'Italia', 'U-001', '0000-00-00 00:00:00', 'U-001', '0000-00-00 00:00:00', 0, 'U-001', '0000-00-00 00:00:00'),
('40', 'Rumania', 'U-001', '0000-00-00 00:00:00', 'U-001', '0000-00-00 00:00:00', 0, 'U-001', '0000-00-00 00:00:00'),
('41', 'Swiss', 'U-001', '0000-00-00 00:00:00', 'U-001', '0000-00-00 00:00:00', 0, 'U-001', '0000-00-00 00:00:00'),
('420', 'Ceko', 'U-001', '0000-00-00 00:00:00', 'U-001', '0000-00-00 00:00:00', 0, 'U-001', '0000-00-00 00:00:00'),
('421', 'Slowakia', 'U-001', '0000-00-00 00:00:00', 'U-001', '0000-00-00 00:00:00', 0, 'U-001', '0000-00-00 00:00:00'),
('423', 'Liechtenstein', 'U-001', '0000-00-00 00:00:00', 'U-001', '0000-00-00 00:00:00', 0, 'U-001', '0000-00-00 00:00:00'),
('43', 'Austria', 'U-001', '0000-00-00 00:00:00', 'U-001', '0000-00-00 00:00:00', 0, 'U-001', '0000-00-00 00:00:00'),
('44', 'Britania Raya (Inggris)', 'U-001', '0000-00-00 00:00:00', 'U-001', '0000-00-00 00:00:00', 0, 'U-001', '0000-00-00 00:00:00'),
('45', 'Denmark', 'U-001', '0000-00-00 00:00:00', 'U-001', '0000-00-00 00:00:00', 0, 'U-001', '0000-00-00 00:00:00'),
('458', 'Malaysia', 'U-001', '2018-08-06 10:48:39', 'U-001', '2018-08-07 09:20:36', 1, 'U-001', '2018-08-07 09:30:17'),
('46', 'Swedia', 'U-001', '0000-00-00 00:00:00', 'U-001', '0000-00-00 00:00:00', 0, 'U-001', '0000-00-00 00:00:00'),
('47', 'Norwegia', 'U-001', '0000-00-00 00:00:00', 'U-001', '0000-00-00 00:00:00', 0, 'U-001', '0000-00-00 00:00:00'),
('48', 'Polandia', 'U-001', '0000-00-00 00:00:00', 'U-001', '0000-00-00 00:00:00', 0, 'U-001', '0000-00-00 00:00:00'),
('49', 'Jerman', 'U-001', '0000-00-00 00:00:00', 'U-001', '0000-00-00 00:00:00', 0, 'U-001', '0000-00-00 00:00:00'),
('501', 'Belize', 'U-001', '0000-00-00 00:00:00', 'U-001', '0000-00-00 00:00:00', 0, 'U-001', '0000-00-00 00:00:00'),
('502', 'Guatemala', 'U-001', '0000-00-00 00:00:00', 'U-001', '0000-00-00 00:00:00', 0, 'U-001', '0000-00-00 00:00:00'),
('503', 'El Salvador', 'U-001', '0000-00-00 00:00:00', 'U-001', '0000-00-00 00:00:00', 0, 'U-001', '0000-00-00 00:00:00'),
('504', 'Honduras', 'U-001', '0000-00-00 00:00:00', 'U-001', '0000-00-00 00:00:00', 0, 'U-001', '0000-00-00 00:00:00'),
('505', 'Nikaragua', 'U-001', '0000-00-00 00:00:00', 'U-001', '0000-00-00 00:00:00', 0, 'U-001', '0000-00-00 00:00:00'),
('506', 'Kosta Rika', 'U-001', '0000-00-00 00:00:00', 'U-001', '0000-00-00 00:00:00', 0, 'U-001', '0000-00-00 00:00:00'),
('507', 'Panama', 'U-001', '0000-00-00 00:00:00', 'U-001', '0000-00-00 00:00:00', 0, 'U-001', '0000-00-00 00:00:00'),
('509', 'Haiti', 'U-001', '0000-00-00 00:00:00', 'U-001', '0000-00-00 00:00:00', 0, 'U-001', '0000-00-00 00:00:00'),
('51', 'Peru', 'U-001', '0000-00-00 00:00:00', 'U-001', '0000-00-00 00:00:00', 0, 'U-001', '0000-00-00 00:00:00'),
('52', 'Meksiko', 'U-001', '0000-00-00 00:00:00', 'U-001', '0000-00-00 00:00:00', 0, 'U-001', '0000-00-00 00:00:00'),
('53', 'Kuba', 'U-001', '0000-00-00 00:00:00', 'U-001', '0000-00-00 00:00:00', 0, 'U-001', '0000-00-00 00:00:00'),
('54', 'Argentina', 'U-001', '0000-00-00 00:00:00', 'U-001', '0000-00-00 00:00:00', 0, 'U-001', '0000-00-00 00:00:00'),
('55', 'Brasil', 'U-001', '0000-00-00 00:00:00', 'U-001', '0000-00-00 00:00:00', 0, 'U-001', '0000-00-00 00:00:00'),
('57', 'Kolombia', 'U-001', '0000-00-00 00:00:00', 'U-001', '0000-00-00 00:00:00', 0, 'U-001', '0000-00-00 00:00:00'),
('58', 'Venezuela', 'U-001', '0000-00-00 00:00:00', 'U-001', '0000-00-00 00:00:00', 0, 'U-001', '0000-00-00 00:00:00'),
('591', 'Bolivia', 'U-001', '0000-00-00 00:00:00', 'U-001', '0000-00-00 00:00:00', 0, 'U-001', '0000-00-00 00:00:00'),
('592', 'Guyana', 'U-001', '0000-00-00 00:00:00', 'U-001', '0000-00-00 00:00:00', 0, 'U-001', '0000-00-00 00:00:00'),
('593', 'Ekuador', 'U-001', '0000-00-00 00:00:00', 'U-001', '0000-00-00 00:00:00', 0, 'U-001', '0000-00-00 00:00:00'),
('595', 'Paraguay', 'U-001', '0000-00-00 00:00:00', 'U-001', '0000-00-00 00:00:00', 0, 'U-001', '0000-00-00 00:00:00'),
('597', 'Suriname', 'U-001', '0000-00-00 00:00:00', 'U-001', '0000-00-00 00:00:00', 0, 'U-001', '0000-00-00 00:00:00'),
('598', 'Uruguay', 'U-001', '0000-00-00 00:00:00', 'U-001', '0000-00-00 00:00:00', 0, 'U-001', '0000-00-00 00:00:00'),
('60', 'Malaysia', 'U-001', '0000-00-00 00:00:00', 'U-001', '0000-00-00 00:00:00', 0, 'U-001', '0000-00-00 00:00:00'),
('61', 'Australia', 'U-001', '0000-00-00 00:00:00', 'U-001', '0000-00-00 00:00:00', 0, 'U-001', '0000-00-00 00:00:00'),
('62', 'Indonesia', 'U-001', '0000-00-00 00:00:00', 'U-001', '0000-00-00 00:00:00', 0, 'U-001', '0000-00-00 00:00:00'),
('63', 'Filipina', 'U-001', '0000-00-00 00:00:00', 'U-001', '0000-00-00 00:00:00', 0, 'U-001', '0000-00-00 00:00:00'),
('64', 'Selandia Baru', 'U-001', '0000-00-00 00:00:00', 'U-001', '0000-00-00 00:00:00', 0, 'U-001', '0000-00-00 00:00:00'),
('65', 'Singapura', 'U-001', '0000-00-00 00:00:00', 'U-001', '0000-00-00 00:00:00', 0, 'U-001', '0000-00-00 00:00:00'),
('66', 'Thailand', 'U-001', '0000-00-00 00:00:00', 'U-001', '0000-00-00 00:00:00', 0, 'U-001', '0000-00-00 00:00:00'),
('670', 'Timor Leste', 'U-001', '0000-00-00 00:00:00', 'U-001', '0000-00-00 00:00:00', 0, 'U-001', '0000-00-00 00:00:00'),
('673', 'Brunei Darussalam', 'U-001', '0000-00-00 00:00:00', 'U-001', '0000-00-00 00:00:00', 0, 'U-001', '0000-00-00 00:00:00'),
('674', 'Nauru', 'U-001', '0000-00-00 00:00:00', 'U-001', '0000-00-00 00:00:00', 0, 'U-001', '0000-00-00 00:00:00'),
('675', 'Papua Nugini', 'U-001', '0000-00-00 00:00:00', 'U-001', '0000-00-00 00:00:00', 0, 'U-001', '0000-00-00 00:00:00'),
('676', 'Tonga', 'U-001', '0000-00-00 00:00:00', 'U-001', '0000-00-00 00:00:00', 0, 'U-001', '0000-00-00 00:00:00'),
('677', 'Solomon (Kep.)', 'U-001', '0000-00-00 00:00:00', 'U-001', '0000-00-00 00:00:00', 0, 'U-001', '0000-00-00 00:00:00'),
('678', 'Vanuatu', 'U-001', '0000-00-00 00:00:00', 'U-001', '0000-00-00 00:00:00', 0, 'U-001', '0000-00-00 00:00:00'),
('679', 'Fiji', 'U-001', '0000-00-00 00:00:00', 'U-001', '0000-00-00 00:00:00', 0, 'U-001', '0000-00-00 00:00:00'),
('680', 'Palau', 'U-001', '0000-00-00 00:00:00', 'U-001', '0000-00-00 00:00:00', 0, 'U-001', '0000-00-00 00:00:00'),
('685', 'Samoa', 'U-001', '0000-00-00 00:00:00', 'U-001', '0000-00-00 00:00:00', 0, 'U-001', '0000-00-00 00:00:00'),
('686', 'Kiribati', 'U-001', '0000-00-00 00:00:00', 'U-001', '0000-00-00 00:00:00', 0, 'U-001', '0000-00-00 00:00:00'),
('688', 'Tuvalu', 'U-001', '0000-00-00 00:00:00', 'U-001', '0000-00-00 00:00:00', 0, 'U-001', '0000-00-00 00:00:00'),
('691', 'Mikronesia (Kep.)', 'U-001', '0000-00-00 00:00:00', 'U-001', '0000-00-00 00:00:00', 0, 'U-001', '0000-00-00 00:00:00'),
('692', 'Marshall (Kep.)', 'U-001', '0000-00-00 00:00:00', 'U-001', '0000-00-00 00:00:00', 0, 'U-001', '0000-00-00 00:00:00'),
('81', 'Jepang', 'U-001', '0000-00-00 00:00:00', 'U-001', '0000-00-00 00:00:00', 0, 'U-001', '0000-00-00 00:00:00'),
('82', 'Korea Selatan', 'U-001', '0000-00-00 00:00:00', 'U-001', '0000-00-00 00:00:00', 0, 'U-001', '0000-00-00 00:00:00'),
('84', 'Vietnam', 'U-001', '0000-00-00 00:00:00', 'U-001', '0000-00-00 00:00:00', 0, 'U-001', '0000-00-00 00:00:00'),
('850', 'Korea Utara', 'U-001', '0000-00-00 00:00:00', 'U-001', '0000-00-00 00:00:00', 0, 'U-001', '0000-00-00 00:00:00'),
('852', 'Hongkong', 'U-001', '0000-00-00 00:00:00', 'U-001', '0000-00-00 00:00:00', 0, 'U-001', '0000-00-00 00:00:00'),
('853', 'Makao', 'U-001', '0000-00-00 00:00:00', 'U-001', '0000-00-00 00:00:00', 0, 'U-001', '0000-00-00 00:00:00'),
('855', 'Kamboja', 'U-001', '0000-00-00 00:00:00', 'U-001', '0000-00-00 00:00:00', 0, 'U-001', '0000-00-00 00:00:00'),
('856', 'Laos', 'U-001', '0000-00-00 00:00:00', 'U-001', '0000-00-00 00:00:00', 0, 'U-001', '0000-00-00 00:00:00'),
('86', 'China', 'U-001', '0000-00-00 00:00:00', 'U-001', '0000-00-00 00:00:00', 0, 'U-001', '0000-00-00 00:00:00'),
('880', 'Bangladesh', 'U-001', '0000-00-00 00:00:00', 'U-001', '0000-00-00 00:00:00', 0, 'U-001', '0000-00-00 00:00:00'),
('886', 'Taiwan', 'U-001', '0000-00-00 00:00:00', 'U-001', '0000-00-00 00:00:00', 0, 'U-001', '0000-00-00 00:00:00'),
('90', 'Turki', 'U-001', '0000-00-00 00:00:00', 'U-001', '0000-00-00 00:00:00', 0, 'U-001', '0000-00-00 00:00:00'),
('91', 'India', 'U-001', '0000-00-00 00:00:00', 'U-001', '0000-00-00 00:00:00', 0, 'U-001', '0000-00-00 00:00:00'),
('92', 'Pakistan', 'U-001', '0000-00-00 00:00:00', 'U-001', '0000-00-00 00:00:00', 0, 'U-001', '0000-00-00 00:00:00'),
('93', 'Afganistan', 'U-001', '0000-00-00 00:00:00', 'U-001', '0000-00-00 00:00:00', 0, 'U-001', '0000-00-00 00:00:00'),
('94', 'Sri Lanka', 'U-001', '0000-00-00 00:00:00', 'U-001', '0000-00-00 00:00:00', 0, 'U-001', '0000-00-00 00:00:00'),
('95', 'Myanmar', 'U-001', '0000-00-00 00:00:00', 'U-001', '0000-00-00 00:00:00', 0, 'U-001', '0000-00-00 00:00:00'),
('960', 'Maladewa', 'U-001', '0000-00-00 00:00:00', 'U-001', '0000-00-00 00:00:00', 0, 'U-001', '0000-00-00 00:00:00'),
('961', 'Lebanon', 'U-001', '0000-00-00 00:00:00', 'U-001', '0000-00-00 00:00:00', 0, 'U-001', '0000-00-00 00:00:00'),
('962', 'Jordan', 'U-001', '0000-00-00 00:00:00', 'U-001', '0000-00-00 00:00:00', 0, 'U-001', '0000-00-00 00:00:00'),
('963', 'Suriah', 'U-001', '0000-00-00 00:00:00', 'U-001', '0000-00-00 00:00:00', 0, 'U-001', '0000-00-00 00:00:00'),
('964', 'Irak', 'U-001', '0000-00-00 00:00:00', 'U-001', '0000-00-00 00:00:00', 0, 'U-001', '0000-00-00 00:00:00'),
('965', 'Kuwait', 'U-001', '0000-00-00 00:00:00', 'U-001', '0000-00-00 00:00:00', 0, 'U-001', '0000-00-00 00:00:00'),
('966', 'Arab Saudi', 'U-001', '0000-00-00 00:00:00', 'U-001', '0000-00-00 00:00:00', 0, 'U-001', '0000-00-00 00:00:00'),
('967', 'Yaman', 'U-001', '0000-00-00 00:00:00', 'U-001', '0000-00-00 00:00:00', 0, 'U-001', '0000-00-00 00:00:00'),
('968', 'Oman', 'U-001', '0000-00-00 00:00:00', 'U-001', '0000-00-00 00:00:00', 0, 'U-001', '0000-00-00 00:00:00'),
('971', 'Uni Emirat Arab', 'U-001', '0000-00-00 00:00:00', 'U-001', '0000-00-00 00:00:00', 0, 'U-001', '0000-00-00 00:00:00'),
('972', 'Israel', 'U-001', '0000-00-00 00:00:00', 'U-001', '0000-00-00 00:00:00', 0, 'U-001', '0000-00-00 00:00:00'),
('973', 'Bahrain', 'U-001', '0000-00-00 00:00:00', 'U-001', '0000-00-00 00:00:00', 0, 'U-001', '0000-00-00 00:00:00'),
('974', 'Qatar', 'U-001', '0000-00-00 00:00:00', 'U-001', '0000-00-00 00:00:00', 0, 'U-001', '0000-00-00 00:00:00'),
('975', 'Bhutan', 'U-001', '0000-00-00 00:00:00', 'U-001', '0000-00-00 00:00:00', 0, 'U-001', '0000-00-00 00:00:00'),
('976', 'Mongolia', 'U-001', '0000-00-00 00:00:00', 'U-001', '0000-00-00 00:00:00', 0, 'U-001', '0000-00-00 00:00:00'),
('977', 'Nepal', 'U-001', '0000-00-00 00:00:00', 'U-001', '0000-00-00 00:00:00', 0, 'U-001', '0000-00-00 00:00:00'),
('98', 'Iran', 'U-001', '0000-00-00 00:00:00', 'U-001', '0000-00-00 00:00:00', 0, 'U-001', '0000-00-00 00:00:00'),
('992', 'Tajikistan', 'U-001', '0000-00-00 00:00:00', 'U-001', '0000-00-00 00:00:00', 0, 'U-001', '0000-00-00 00:00:00'),
('993', 'Turkmenistan', 'U-001', '0000-00-00 00:00:00', 'U-001', '0000-00-00 00:00:00', 0, 'U-001', '0000-00-00 00:00:00'),
('994', 'Azerbaijan', 'U-001', '0000-00-00 00:00:00', 'U-001', '0000-00-00 00:00:00', 0, 'U-001', '0000-00-00 00:00:00'),
('995', 'Georgia', 'U-001', '0000-00-00 00:00:00', 'U-001', '0000-00-00 00:00:00', 0, 'U-001', '0000-00-00 00:00:00'),
('996', 'Kirgizstan', 'U-001', '0000-00-00 00:00:00', 'U-001', '0000-00-00 00:00:00', 0, 'U-001', '0000-00-00 00:00:00'),
('998', 'Uzbekistan', 'U-001', '0000-00-00 00:00:00', 'U-001', '0000-00-00 00:00:00', 0, 'U-001', '0000-00-00 00:00:00'),
('A01', 'Indonesia', 'U-001', '2018-08-05 17:15:30', 'U-001', '2018-08-05 17:18:45', 1, 'U-001', '2018-08-05 17:19:02'),
('A02', 'JASLDA', 'U-001', '2018-08-05 17:19:16', NULL, NULL, 1, 'U-001', '2018-08-05 17:20:20'),
('A03ASDDA', 'jlaksdASFSF', 'U-001', '2018-08-05 17:20:16', NULL, NULL, 1, 'U-001', '2018-08-05 17:20:20');

-- --------------------------------------------------------

--
-- Struktur dari tabel `pangkat`
--

CREATE TABLE `pangkat` (
  `id` int(11) NOT NULL,
  `nama_pangkat` varchar(35) NOT NULL,
  `created_by` varchar(10) DEFAULT NULL,
  `created_date` datetime NOT NULL DEFAULT CURRENT_TIMESTAMP,
  `last_modified_by` varchar(10) DEFAULT NULL,
  `last_modified_date` datetime DEFAULT NULL,
  `is_deleted` tinyint(1) NOT NULL DEFAULT '0',
  `deleted_by` varchar(10) DEFAULT NULL,
  `deleted_date` datetime DEFAULT NULL
) ENGINE=InnoDB DEFAULT CHARSET=latin1;

--
-- Dumping data untuk tabel `pangkat`
--

INSERT INTO `pangkat` (`id`, `nama_pangkat`, `created_by`, `created_date`, `last_modified_by`, `last_modified_date`, `is_deleted`, `deleted_by`, `deleted_date`) VALUES
(1, 'III/A', 'U-001', '2018-08-06 13:30:47', 'U-001', '2018-08-06 13:30:52', 0, NULL, NULL),
(2, 'I/a', 'U-001', '0000-00-00 00:00:00', 'U-001', '0000-00-00 00:00:00', 0, 'U-001', '0000-00-00 00:00:00'),
(3, 'I/b', 'U-001', '0000-00-00 00:00:00', 'U-001', '0000-00-00 00:00:00', 0, 'U-001', '0000-00-00 00:00:00'),
(4, 'I/c', 'U-001', '0000-00-00 00:00:00', 'U-001', '0000-00-00 00:00:00', 0, 'U-001', '0000-00-00 00:00:00'),
(5, 'I/d', 'U-001', '0000-00-00 00:00:00', 'U-001', '0000-00-00 00:00:00', 0, 'U-001', '0000-00-00 00:00:00'),
(6, 'II/a', 'U-001', '0000-00-00 00:00:00', 'U-001', '0000-00-00 00:00:00', 0, 'U-001', '0000-00-00 00:00:00'),
(7, 'II/b', 'U-001', '0000-00-00 00:00:00', 'U-001', '0000-00-00 00:00:00', 0, 'U-001', '0000-00-00 00:00:00'),
(8, 'II/c', 'U-001', '0000-00-00 00:00:00', 'U-001', '0000-00-00 00:00:00', 0, 'U-001', '0000-00-00 00:00:00'),
(9, 'II/d', 'U-001', '0000-00-00 00:00:00', 'U-001', '0000-00-00 00:00:00', 0, 'U-001', '0000-00-00 00:00:00'),
(10, 'III/a', 'U-001', '0000-00-00 00:00:00', 'U-001', '0000-00-00 00:00:00', 0, 'U-001', '0000-00-00 00:00:00'),
(11, 'III/b', 'U-001', '0000-00-00 00:00:00', 'U-001', '0000-00-00 00:00:00', 0, 'U-001', '0000-00-00 00:00:00'),
(12, 'III/c', 'U-001', '0000-00-00 00:00:00', 'U-001', '0000-00-00 00:00:00', 0, 'U-001', '0000-00-00 00:00:00'),
(13, 'III/d', 'U-001', '0000-00-00 00:00:00', 'U-001', '0000-00-00 00:00:00', 0, 'U-001', '0000-00-00 00:00:00'),
(14, 'IV/a', 'U-001', '0000-00-00 00:00:00', 'U-001', '0000-00-00 00:00:00', 0, 'U-001', '0000-00-00 00:00:00'),
(15, 'IV/b', 'U-001', '0000-00-00 00:00:00', 'U-001', '0000-00-00 00:00:00', 0, 'U-001', '0000-00-00 00:00:00'),
(16, 'IV/c', 'U-001', '0000-00-00 00:00:00', 'U-001', '0000-00-00 00:00:00', 0, 'U-001', '0000-00-00 00:00:00'),
(17, 'IV/d', 'U-001', '0000-00-00 00:00:00', 'U-001', '0000-00-00 00:00:00', 0, 'U-001', '0000-00-00 00:00:00'),
(18, 'IV/e', 'U-001', '0000-00-00 00:00:00', 'U-001', '0000-00-00 00:00:00', 0, 'U-001', '0000-00-00 00:00:00');

-- --------------------------------------------------------

--
-- Struktur dari tabel `peserta`
--

CREATE TABLE `peserta` (
  `nip` varchar(35) NOT NULL,
  `nama` varchar(100) NOT NULL,
  `tempat_lahir` varchar(100) NOT NULL,
  `tgl_lahir` date DEFAULT NULL,
  `jenis_kelamin` enum('Laki-Laki','Perempuan') NOT NULL,
  `id_agama` int(11) DEFAULT NULL,
  `id_pangkat` int(11) DEFAULT NULL,
  `jabatan_terakhir` varchar(100) NOT NULL,
  `id_instansi` int(11) DEFAULT NULL,
  `alamat_kantor` varchar(250) NOT NULL,
  `alamat_rumah` varchar(250) NOT NULL,
  `kode_provinsi` varchar(10) DEFAULT NULL,
  `kode_kota` varchar(10) DEFAULT NULL,
  `ket_status_kepegawaian` varchar(150) NOT NULL,
  `penempatan` varchar(250) NOT NULL,
  `instansi_1_sd_8` varchar(15) DEFAULT NULL,
  `created_by` varchar(10) DEFAULT NULL,
  `created_date` datetime DEFAULT CURRENT_TIMESTAMP,
  `last_modified_by` varchar(10) DEFAULT NULL,
  `last_modified_date` datetime DEFAULT NULL,
  `is_deleted` tinyint(1) NOT NULL DEFAULT '0',
  `deleted_by` varchar(10) DEFAULT NULL,
  `deleted_date` datetime DEFAULT NULL
) ENGINE=InnoDB DEFAULT CHARSET=latin1;

--
-- Dumping data untuk tabel `peserta`
--

INSERT INTO `peserta` (`nip`, `nama`, `tempat_lahir`, `tgl_lahir`, `jenis_kelamin`, `id_agama`, `id_pangkat`, `jabatan_terakhir`, `id_instansi`, `alamat_kantor`, `alamat_rumah`, `kode_provinsi`, `kode_kota`, `ket_status_kepegawaian`, `penempatan`, `instansi_1_sd_8`, `created_by`, `created_date`, `last_modified_by`, `last_modified_date`, `is_deleted`, `deleted_by`, `deleted_date`) VALUES
('199021221', 'Cecep Ardian Khaeruddin, S.Hut.', 'Bogor', '2018-08-09', 'Laki-Laki', 5, 5, 'Staff', 6, 'Jln. Ciforasfsd', 'JALAN JAMBY', '11', '1101', 'Pusat', '', '5', 'U-001', NULL, 'U-001', '0000-00-00 00:00:00', 0, NULL, '0000-00-00 00:00:00'),
('199021222', 'Fitrianus, S.Hut.', 'Jakarta', '2018-08-09', 'Laki-Laki', 5, 3, 'Manager', 7, 'Jln Cempaka', 'Jln. Sudirman', '12', '1102', '', '', '', 'U-001', NULL, 'U-001', '0000-00-00 00:00:00', 0, NULL, '0000-00-00 00:00:00'),
('199021223', 'Sandhi Imam Maulana, S.Hut.', 'Lalong', '2018-08-09', 'Laki-Laki', 5, 4, 'Staff', 8, 'Jln Sbj', 'Jln. Patriot', '13', '1103', '', '', '', 'U-001', NULL, 'U-001', '0000-00-00 00:00:00', 0, NULL, '0000-00-00 00:00:00'),
('199021224', 'Siti Aisyah, S.Hut.', 'Sleman', '2018-08-09', 'Perempuan', 5, 6, 'Manager', 9, '', 'Jln. Ciforasfsd', '14', '1104', '', '', '', 'U-001', NULL, 'U-001', '0000-00-00 00:00:00', 0, NULL, '0000-00-00 00:00:00'),
('199021225', 'Bayu Wisnu Broto, S.Hut.', 'Sumedang', '2018-08-09', 'Laki-Laki', 5, 5, 'Staff', 10, 'Jln. Ciforasfsd', 'Jln Cempaka', NULL, '1105', '', '', '', 'U-001', NULL, 'U-001', '0000-00-00 00:00:00', 0, NULL, '0000-00-00 00:00:00'),
('199021226', 'Suningsih, S.Hut.', 'Sleman', '2018-08-09', 'Perempuan', 5, 3, 'Manager', 11, 'Jln Cempaka', 'Jln Sbj', '16', '1106', '', '', '', 'U-001', NULL, 'U-001', '0000-00-00 00:00:00', 0, NULL, '0000-00-00 00:00:00'),
('199021227', 'Wira Fitria, S.Hut.', 'Lampung', '2018-08-09', 'Laki-Laki', 5, 4, 'Staff', 12, 'Jln Sbj', '', '17', '1107', '', '', '', 'U-001', NULL, 'U-001', '0000-00-00 00:00:00', 0, NULL, '0000-00-00 00:00:00'),
('199021228', 'Paskha H Panjaitan, S.Hut.', 'Padang Sawah', '2018-08-09', 'Laki-Laki', 5, 6, 'Staff', 13, '', 'Jln. Ciforasfsd', '18', '1108', '', '', '', 'U-001', NULL, 'U-001', '0000-00-00 00:00:00', 0, NULL, '0000-00-00 00:00:00'),
('199021229', 'Tubagus Angga Anugrah Syabana. S.Hut.', 'Pohan Toga', '2018-08-09', 'Laki-Laki', 5, 5, 'Manager', 14, 'Jln. Ciforasfsd', 'Jln Cempaka', '19', '1109', '', '', '', 'U-001', NULL, 'U-001', '0000-00-00 00:00:00', 0, NULL, '0000-00-00 00:00:00'),
('199021230', 'Jovan Juliawan, SH.', 'Bogot', '2018-08-09', 'Laki-Laki', 5, 3, 'Staff', 15, 'Jln Cempaka', 'Jln Sbj', '11', '1110', '', '', '', 'U-001', NULL, 'U-001', '0000-00-00 00:00:00', 0, NULL, '0000-00-00 00:00:00'),
('199021231', 'Afrita Satya Dewi, S.Hut.', 'Bogor', '2018-08-09', 'Perempuan', 5, 4, 'Manager', 16, 'Jln Sbj', 'Jln. Ciforasfsd', '12', '1111', '', '', '', 'U-001', NULL, 'U-001', '0000-00-00 00:00:00', 0, NULL, '0000-00-00 00:00:00'),
('199021232', 'Kurniawan Handoyoseputro, S.Hut.', 'Jakarta', '2018-08-09', 'Laki-Laki', 5, 6, 'Staff', 17, 'Jln. Ciforasfsd', 'Jln Cempaka', '13', '1112', '', '', '', 'U-001', NULL, 'U-001', '0000-00-00 00:00:00', 0, NULL, '0000-00-00 00:00:00'),
('199021233', 'Aditya Perdana Putra, S.Hut.', 'Lalong', '2018-08-09', 'Laki-Laki', 5, 5, 'Manager', 18, 'Jln Cempaka', 'Jln Sbj', '14', '1113', '', '', '', 'U-001', NULL, 'U-001', '0000-00-00 00:00:00', 0, NULL, '0000-00-00 00:00:00'),
('199021234', 'Sri Mulyati, S.Hut., M.Laws.', 'Sleman', '2018-08-09', 'Perempuan', 5, 3, 'Staff', 19, 'Jln Sbj', '', NULL, '1114', '', '', '', 'U-001', NULL, 'U-001', '0000-00-00 00:00:00', 0, NULL, '0000-00-00 00:00:00'),
('199021235', 'Dona Permana Dewi, S.Si.', 'Sumedang', '2018-08-09', 'Perempuan', 5, 4, 'Staff', 20, '', 'Jln. Ciforasfsd', '16', '1115', '', '', '', 'U-001', NULL, 'U-001', '0000-00-00 00:00:00', 0, NULL, '0000-00-00 00:00:00'),
('199021236', 'Askar, S.Hut.', 'Sleman', '2018-08-09', 'Laki-Laki', 5, 6, 'Manager', 21, 'Jln. Ciforasfsd', 'Jln Cempaka', '17', '1116', '', '', '', 'U-001', NULL, 'U-001', '0000-00-00 00:00:00', 0, NULL, '0000-00-00 00:00:00'),
('199021237', 'As Ari Wahyu Utomo, S.Hut.', 'Lampung', '2018-08-09', 'Laki-Laki', 5, 5, 'Staff', 22, 'Jln Cempaka', 'Jln Sbj', '18', '1117', '', '', '', 'U-001', NULL, 'U-001', '0000-00-00 00:00:00', 0, NULL, '0000-00-00 00:00:00'),
('199021238', 'Novitri Hastuti, S.Hut., M.Sc.', 'Padang Sawah', '2018-08-09', 'Perempuan', 5, 3, 'Manager', 23, 'Jln Sbj', 'Jln. Ciforasfsd', '19', '1118', '', '', '', 'U-001', NULL, 'U-001', '0000-00-00 00:00:00', 0, NULL, '0000-00-00 00:00:00'),
('199021239', 'Steven Yohanes Kambey, S.Hut., MH.', 'Pohan Toga', '2018-08-09', 'Laki-Laki', 5, 4, 'Staff', 24, '', 'Jln Cempaka', '12', '1119', '', '', '', 'U-001', NULL, 'U-001', '0000-00-00 00:00:00', 0, NULL, '0000-00-00 00:00:00'),
('199021240', 'Rizki Ary Fambayun, S.Hut.', 'Bogot', '2018-08-09', 'Perempuan', 5, 6, 'Manager', 25, 'Jln. Ciforasfsd', 'Jln Sbj', '13', '1120', '', '', '', 'U-001', NULL, 'U-001', '0000-00-00 00:00:00', 0, NULL, '0000-00-00 00:00:00'),
('199021241', 'Firman Maulana, S.Pi.', 'Bogor', '2018-08-09', 'Laki-Laki', 5, 5, 'Staff', 26, 'Jln Cempaka', '', '14', '1121', '', '', '', 'U-001', NULL, 'U-001', '0000-00-00 00:00:00', 0, NULL, '0000-00-00 00:00:00'),
('199021242', 'Bina Swasta Sitepu, S.Hut.', 'Jakarta', '2018-08-09', 'Laki-Laki', 5, 3, 'Staff', 27, 'Jln Sbj', 'Jln. Ciforasfsd', NULL, '1122', '', '', '', 'U-001', NULL, 'U-001', '0000-00-00 00:00:00', 0, NULL, '0000-00-00 00:00:00'),
('199021243', 'Andhika Respati Hascarya N, S.Hut.', 'Lalong', '2018-08-09', 'Laki-Laki', 5, 4, 'Manager', 28, 'Jln. Ciforasfsd', 'Jln Cempaka', '16', '1123', '', '', '', 'U-001', NULL, 'U-001', '0000-00-00 00:00:00', 0, NULL, '0000-00-00 00:00:00'),
('199021244', 'Dian Nugraha, S.Hut., MM.', 'Sleman', '2018-08-09', 'Laki-Laki', 5, 6, 'Staff', 29, 'Jln Cempaka', 'Jln Sbj', '17', '1124', '', '', '', 'U-001', NULL, 'U-001', '0000-00-00 00:00:00', 0, NULL, '0000-00-00 00:00:00'),
('199021245', 'Adrian Fadri, S.Hut.', 'Sumedang', '2018-08-09', 'Laki-Laki', 5, 5, 'Manager', 30, 'Jln Sbj', '', '18', '1125', '', '', '', 'U-001', NULL, 'U-001', '0000-00-00 00:00:00', 0, NULL, '0000-00-00 00:00:00'),
('199021246', 'Habib Budi Wibowo, S.Psi.', 'Sleman', '2018-08-09', 'Laki-Laki', 5, 3, 'Staff', 31, '', 'Jln. Ciforasfsd', '19', '1126', '', '', '', 'U-001', NULL, 'U-001', '0000-00-00 00:00:00', 0, NULL, '0000-00-00 00:00:00'),
('199021247', 'Dini Novalanty Ohara Daulay, S.Hut.', 'Lampung', '2018-08-09', 'Perempuan', 5, 4, 'Manager', 32, 'Jln. Ciforasfsd', 'Jln Cempaka', '11', '1127', '', '', '', 'U-001', NULL, 'U-001', '0000-00-00 00:00:00', 0, NULL, '0000-00-00 00:00:00'),
('199021248', 'Taufik Mubarak, S.Hut.', 'Padang Sawah', '2018-08-09', 'Laki-Laki', 5, 6, 'Staff', 33, 'Jln Cempaka', 'Jln Sbj', '12', '1128', '', '', '', 'U-001', NULL, 'U-001', '0000-00-00 00:00:00', 0, NULL, '0000-00-00 00:00:00'),
('199021249', 'Rika Sandra Dewi, S.Hut.', 'Pohan Toga', '2018-08-09', 'Perempuan', 5, 5, 'Staff', 34, 'Jln Sbj', 'Jln. Ciforasfsd', '13', '1129', '', '', '', 'U-001', NULL, 'U-001', '0000-00-00 00:00:00', 0, NULL, '0000-00-00 00:00:00'),
('199021250', 'Ratih Listyo Rini, S.Hut.', 'Bogot', '2018-08-09', 'Perempuan', 5, 3, 'Manager', 35, 'Jln. Ciforasfsd', 'Jln Cempaka', '14', '1130', '', '', '', 'U-001', NULL, 'U-001', '0000-00-00 00:00:00', 0, NULL, '0000-00-00 00:00:00'),
('199021251', 'Gita Junaedi, SE.', 'Bogor', '2018-08-09', 'Laki-Laki', 5, 4, 'Staff', 36, 'Jln Cempaka', 'Jln Sbj', NULL, '1131', '', '', '', 'U-001', NULL, 'U-001', '0000-00-00 00:00:00', 0, NULL, '0000-00-00 00:00:00'),
('199021252', 'Aprianto, S.Si.', 'Jakarta', '2018-08-09', 'Laki-Laki', 5, 6, 'Manager', 37, 'Jln Sbj', '', '16', '1132', '', '', '', 'U-001', NULL, 'U-001', '0000-00-00 00:00:00', 0, NULL, '0000-00-00 00:00:00'),
('199021253', 'Lalu Suprianto, S.Hut.', 'Lalong', '2018-08-09', '', 5, 5, 'Staff', 38, '', 'Jln. Ciforasfsd', '17', '1133', '', '', '', 'U-001', NULL, 'U-001', '0000-00-00 00:00:00', 0, NULL, '0000-00-00 00:00:00'),
('199021254', 'Mecky Aditya Ekaputra, S.Hut.', 'Sleman', '2018-08-09', 'Laki-Laki', 5, 3, 'Manager', 39, 'Jln. Ciforasfsd', 'Jln Cempaka', '18', '1134', '', '', '', 'U-001', NULL, 'U-001', '0000-00-00 00:00:00', 0, NULL, '0000-00-00 00:00:00'),
('199021255', 'Zamrin, S.Hut.', 'Sumedang', '2018-08-09', 'Laki-Laki', 5, 4, 'Staff', 40, 'Jln Cempaka', 'Jln Sbj', '19', '1135', '', '', '', 'U-001', NULL, 'U-001', '0000-00-00 00:00:00', 0, NULL, '0000-00-00 00:00:00'),
('199021256', 'Avry Pribadi, S.Si.', 'Sleman', '2018-08-09', 'Laki-Laki', 5, 6, 'Staff', 41, 'Jln Sbj', 'Jln. Ciforasfsd', '12', '1136', '', '', '', 'U-001', NULL, 'U-001', '0000-00-00 00:00:00', 0, NULL, '0000-00-00 00:00:00'),
('199021257', 'Febriangga Harmawan, S.Hut.', 'Lampung', '2018-08-09', 'Laki-Laki', 5, 5, 'Manager', 42, '', 'Jln Cempaka', '13', '1137', '', '', '', 'U-001', NULL, 'U-001', '0000-00-00 00:00:00', 0, NULL, '0000-00-00 00:00:00'),
('199021258', 'I Wayan Gede Mandyasa, S.Pi.', 'Padang Sawah', '2018-08-09', 'Laki-Laki', 5, 3, 'Staff', 43, 'Jln. Ciforasfsd', 'Jln Sbj', '14', '1138', '', '', '', 'U-001', NULL, 'U-001', '0000-00-00 00:00:00', 0, NULL, '0000-00-00 00:00:00'),
('199021259', 'Ambar Kartilantika, SH.                  ', 'Pohan Toga', '2018-08-09', 'Perempuan', 5, 4, 'Manager', 44, 'Jln Cempaka', '', NULL, '1139', '', '', '', 'U-001', NULL, 'U-001', '0000-00-00 00:00:00', 0, NULL, '0000-00-00 00:00:00'),
('199021260', 'Destrianto Yudo, SH.                                                        ', 'Bogot', '2018-08-09', 'Laki-Laki', 5, 6, 'Staff', 45, 'Jln Sbj', 'Jln. Ciforasfsd', '16', '1140', '', '', '', 'U-001', NULL, 'U-001', '0000-00-00 00:00:00', 0, NULL, '0000-00-00 00:00:00'),
('199021261', 'Haryadi, SH.                                                             ', 'Bogor', '2018-08-09', 'Laki-Laki', 5, 5, 'Manager', 46, 'Jln. Ciforasfsd', 'Jln Cempaka', '17', '1141', '', '', '', 'U-001', NULL, 'U-001', '0000-00-00 00:00:00', 0, NULL, '0000-00-00 00:00:00'),
('199021262', 'Iwantara, SH.                                                          ', 'Jakarta', '2018-08-09', 'Laki-Laki', 5, 3, 'Staff', 47, 'Jln Cempaka', 'Jln Sbj', '18', '1142', '', '', '', 'U-001', NULL, 'U-001', '0000-00-00 00:00:00', 0, NULL, '0000-00-00 00:00:00'),
('199021263', 'Kartono Dwi Saputro, SH.                         ', 'Lalong', '2018-08-09', 'Laki-Laki', 5, 4, 'Staff', 48, 'Jln Sbj', '', '19', '1143', '', '', '', 'U-001', NULL, 'U-001', '0000-00-00 00:00:00', 0, NULL, '0000-00-00 00:00:00'),
('199021264', 'Lidia Hayaty, SH.                                                                                   ', 'Sleman', '2018-08-09', 'Perempuan', 5, 6, 'Manager', 49, '', 'Jln. Ciforasfsd', '11', '1144', '', '', '', 'U-001', NULL, 'U-001', '0000-00-00 00:00:00', 0, NULL, '0000-00-00 00:00:00'),
('199021265', 'Michael Edward, SH.                                       ', 'Sumedang', '2018-08-09', 'Laki-Laki', 5, 5, 'Staff', 50, 'Jln. Ciforasfsd', 'Jln Cempaka', '12', '1145', '', '', '', 'U-001', NULL, 'U-001', '0000-00-00 00:00:00', 0, NULL, '0000-00-00 00:00:00'),
('199021266', 'Miftahudin, SH.                                     ', 'Sleman', '2018-08-09', 'Laki-Laki', 5, 3, 'Manager', 51, 'Jln Cempaka', 'Jln Sbj', '13', '1146', '', '', '', 'U-001', NULL, 'U-001', '0000-00-00 00:00:00', 0, NULL, '0000-00-00 00:00:00'),
('199021267', 'Muamar, SH.                                                      ', 'Lampung', '2018-08-09', 'Laki-Laki', 5, 4, 'Staff', 52, 'Jln Sbj', 'Jln. Ciforasfsd', '14', '1147', '', '', '', 'U-001', NULL, 'U-001', '0000-00-00 00:00:00', 0, NULL, '0000-00-00 00:00:00'),
('199021268', 'Pitta Maharani, SH.                                                   ', 'Padang Sawah', '2018-08-09', 'Perempuan', 5, 6, 'Manager', 53, 'Jln. Ciforasfsd', 'Jln Cempaka', NULL, '1148', '', '', '', 'U-001', NULL, 'U-001', '0000-00-00 00:00:00', 0, NULL, '0000-00-00 00:00:00'),
('199021269', 'Reh Alemina Ria Sari Rosis Sembiring, SH.             ', 'Pohan Toga', '2018-08-09', 'Perempuan', 5, 5, 'Staff', 54, 'Jln Cempaka', 'Jln Sbj', '16', '1149', '', '', '', 'U-001', NULL, 'U-001', '0000-00-00 00:00:00', 0, NULL, '0000-00-00 00:00:00'),
('199021270', 'Sulistyo Wibowo, SH.                              ', 'Bogot', '2018-08-09', 'Laki-Laki', 5, 3, 'Staff', 55, 'Jln Sbj', '', '17', '1150', '', '', '', 'U-001', NULL, 'U-001', '0000-00-00 00:00:00', 0, NULL, '0000-00-00 00:00:00'),
('199021271', 'Sutrisno, SH.                                                   ', 'Bogor', '2018-08-09', 'Laki-Laki', 5, 4, 'Manager', 56, '', 'Jln. Ciforasfsd', '18', '1151', '', '', '', 'U-001', NULL, 'U-001', '0000-00-00 00:00:00', 0, NULL, '0000-00-00 00:00:00'),
('199021272', 'Vika Triestyana, SH.                                           ', 'Jakarta', '2018-08-09', 'Perempuan', 5, 6, 'Staff', 57, 'Jln. Ciforasfsd', 'Jln Cempaka', '19', '1152', '', '', '', 'U-001', NULL, 'U-001', '0000-00-00 00:00:00', 0, NULL, '0000-00-00 00:00:00'),
('199021273', 'Yunita Ningsih, SH.                       ', 'Lalong', '2018-08-09', 'Perempuan', 5, 5, 'Manager', 58, 'Jln Cempaka', 'Jln. ASKDJAL', '12', '1153', '', '', '', 'U-001', NULL, 'U-001', '0000-00-00 00:00:00', 0, NULL, '0000-00-00 00:00:00'),
('199021274', 'Yusha Edwin Raharga, SH.              ', 'Sleman', '2018-08-09', 'Laki-Laki', 5, 3, 'Staff', 59, 'Jln Sbj', 'JALAN JAMBY', '13', '1154', '', '', '', 'U-001', NULL, 'U-001', '0000-00-00 00:00:00', 0, NULL, '0000-00-00 00:00:00'),
('199021275', 'Dani Gunawan, SH', 'Sumedang', '2018-08-09', 'Laki-Laki', 5, 4, 'Manager', 60, '', 'Jln. Sudirman', '14', '1155', '', '', '', 'U-001', NULL, 'U-001', '0000-00-00 00:00:00', 0, NULL, '0000-00-00 00:00:00'),
('199021276', 'Ansori, SP.', 'Sleman', '2018-08-09', 'Laki-Laki', 5, 6, 'Staff', 61, 'Jln. Ciforasfsd', 'Jln. Patriot', NULL, '1156', '', '', '', 'U-001', NULL, 'U-001', '0000-00-00 00:00:00', 0, NULL, '0000-00-00 00:00:00'),
('199021277', 'Desli Triman Zendrato, S.Hut.', 'Lampung', '2018-08-09', 'Laki-Laki', 5, 5, 'Staff', 62, 'Jln Cempaka', 'Jln. Ciforasfsd', '16', '1157', '', '', '', 'U-001', NULL, 'U-001', '0000-00-00 00:00:00', 0, NULL, '0000-00-00 00:00:00'),
('199021278', 'Susila Oktapiyani, S.Hut.', 'Padang Sawah', '2018-08-09', 'Perempuan', 5, 3, 'Manager', 63, 'Jln Sbj', 'Jln Cempaka', '17', '1158', '', '', '', 'U-001', NULL, 'U-001', '0000-00-00 00:00:00', 0, NULL, '0000-00-00 00:00:00'),
('199021279', 'Rita Rahadiyanti, S.Hut.', 'Pohan Toga', '2018-08-09', 'Perempuan', 5, 4, 'Staff', 64, 'Jln. Ciforasfsd', 'Jln Sbj', '18', '1159', '', '', '', 'U-001', NULL, 'U-001', '0000-00-00 00:00:00', 0, NULL, '0000-00-00 00:00:00'),
('199021280', 'Elvia Wiryadi, SE.', 'Bogot', '2018-08-09', 'Laki-Laki', 5, 6, 'Manager', 65, 'Jln Cempaka', '', '19', '1160', '', '', '', 'U-001', NULL, 'U-001', '0000-00-00 00:00:00', 0, NULL, '0000-00-00 00:00:00'),
('199021281', 'Anita  Mayasari, S.Hut.', 'Bogor', '2018-08-09', 'Perempuan', 5, 5, 'Staff', 66, 'Jln Sbj', 'Jln. Ciforasfsd', '11', '1161', '', '', '', 'U-001', NULL, 'U-001', '0000-00-00 00:00:00', 0, NULL, '0000-00-00 00:00:00'),
('199021282', 'Wawan Kurniawan, S.Hut.', 'Jakarta', '2018-08-09', 'Laki-Laki', 5, 3, 'Manager', 67, '', 'Jln Cempaka', '12', '1162', '', '', '', 'U-001', NULL, 'U-001', '0000-00-00 00:00:00', 0, NULL, '0000-00-00 00:00:00'),
('199021283', 'Bobby Rachmat Fitriyanto, S.Hut.', 'Lalong', '2018-08-09', 'Laki-Laki', 5, 4, 'Staff', 68, 'Jln. Ciforasfsd', 'Jln Sbj', '13', '1163', '', '', '', 'U-001', NULL, 'U-001', '0000-00-00 00:00:00', 0, NULL, '0000-00-00 00:00:00'),
('199021284', 'Panji Probo Saktianggi, S.Hut.', 'Sleman', '2018-08-09', 'Laki-Laki', 5, 6, 'Staff', 69, 'Jln Cempaka', 'Jln. Ciforasfsd', '14', '1164', '', '', '', 'U-001', NULL, 'U-001', '0000-00-00 00:00:00', 0, NULL, '0000-00-00 00:00:00'),
('199021285', 'Astrid Aprita Palupi, S.Si.', 'Sumedang', '2018-08-09', 'Perempuan', 5, 5, 'Manager', 70, 'Jln Sbj', 'Jln Cempaka', NULL, '1165', '', '', '', 'U-001', NULL, 'U-001', '0000-00-00 00:00:00', 0, NULL, '0000-00-00 00:00:00'),
('199021286', 'Nadia Paramitha Kusumawardhani, ST.', 'Sleman', '2018-08-09', 'Perempuan', 5, 3, 'Staff', 6, 'Jln. Ciforasfsd', 'Jln Sbj', '16', '1166', '', '', '', 'U-001', NULL, 'U-001', '0000-00-00 00:00:00', 0, NULL, '0000-00-00 00:00:00'),
('199021288', 'Ade Wahyu, S.Hut., M.Sc. ', 'Padang Sawah', '2018-08-09', 'Laki-Laki', 5, 6, 'Staff', 8, 'Jln Sbj', 'Jln. Ciforasfsd', '18', '1168', '', '', '', 'U-001', NULL, 'U-001', '0000-00-00 00:00:00', 0, NULL, '0000-00-00 00:00:00'),
('199021289', 'Ninik Puji Astuti, S.Si.', 'Pohan Toga', '2018-08-09', 'Perempuan', 5, 5, 'Manager', 9, '', 'Jln Cempaka', '19', '1169', '', '', '', 'U-001', NULL, 'U-001', '0000-00-00 00:00:00', 0, NULL, '0000-00-00 00:00:00'),
('199021290', 'Adam Bahtiar, S.Hut.', 'Bogot', '2018-08-14', 'Laki-Laki', 5, 3, 'Staff', 10, 'Jln. Ciforasfsd', 'Jln Sbj', '12', NULL, '', '', '', 'U-001', NULL, 'U-001', '2018-08-07 22:03:48', 0, NULL, '0000-00-00 00:00:00'),
('199021291', 'Sharon Quamila Korompot, SH.', 'Bogor', '2018-08-09', 'Perempuan', 5, 4, 'Staff', 11, 'Jln Cempaka', 'Jln. Ciforasfsd', '13', '1171', '', '', '', 'U-001', NULL, 'U-001', '0000-00-00 00:00:00', 0, NULL, '0000-00-00 00:00:00'),
('199021292', 'Neny Nuraeni, A.Md., AK.', 'Jakarta', '2018-08-09', 'Perempuan', 5, 6, 'Manager', 12, 'Jln Sbj', 'Jln Cempaka', '14', '1172', '', '', '', 'U-001', NULL, 'U-001', '0000-00-00 00:00:00', 0, NULL, '0000-00-00 00:00:00'),
('199021293', 'Fajar Tri Yunianto, S.Hut.', 'Lalong', '2018-08-09', 'Laki-Laki', 5, 5, 'Staff', 13, '', 'Jln Sbj', NULL, '1173', '', '', '', 'U-001', NULL, 'U-001', '0000-00-00 00:00:00', 0, NULL, '0000-00-00 00:00:00'),
('199021294', 'Imam Budiman, S.Hut.', 'Sleman', '2018-08-09', 'Laki-Laki', 5, 3, 'Manager', 14, 'Jln. Ciforasfsd', '', '16', '1174', '', '', '', 'U-001', NULL, 'U-001', '0000-00-00 00:00:00', 0, NULL, '0000-00-00 00:00:00'),
('199021295', 'Avid Wicaksono, S.Si.', 'Sumedang', '2018-08-09', 'Laki-Laki', 5, 4, 'Staff', 15, 'Jln Cempaka', 'Jln. Ciforasfsd', '17', '1175', '', '', '', 'U-001', NULL, 'U-001', '0000-00-00 00:00:00', 0, NULL, '0000-00-00 00:00:00'),
('199021296', 'Antun Puspanti, S.Hut., M.Sc', 'Sleman', '2018-08-09', 'Perempuan', 5, 6, 'Manager', 16, 'Jln Sbj', 'Jln Cempaka', '18', '1176', '', '', '', 'U-001', NULL, 'U-001', '0000-00-00 00:00:00', 0, NULL, '0000-00-00 00:00:00'),
('199021297', 'Ana Pangaribuan, SE.', 'Lampung', '2018-08-09', 'Perempuan', 5, 5, 'Staff', 17, 'Jln. Ciforasfsd', 'Jln Sbj', '19', '1177', '', '', '', 'U-001', NULL, 'U-001', '0000-00-00 00:00:00', 0, NULL, '0000-00-00 00:00:00'),
('199021298', 'Johni Arisantana Barus, S.Hut.', 'Padang Sawah', '2018-08-09', 'Laki-Laki', 5, 3, 'Staff', 18, 'Jln Cempaka', '', '11', '1178', '', '', '', 'U-001', NULL, 'U-001', '0000-00-00 00:00:00', 0, NULL, '0000-00-00 00:00:00'),
('199021299', 'Maskulino, S.Sos.', 'Pohan Toga', '2018-08-09', 'Laki-Laki', 5, 4, 'Manager', 19, 'Jln Sbj', 'Jln. Ciforasfsd', '12', '1179', '', '', '', 'U-001', NULL, 'U-001', '0000-00-00 00:00:00', 0, NULL, '0000-00-00 00:00:00'),
('199021300', 'Johansen Silalahi, S.Hut.', 'Bogot', '2018-08-09', 'Laki-Laki', 5, 6, 'Staff', 20, '', 'Jln Cempaka', '13', '1180', '', '', '', 'U-001', NULL, 'U-001', '0000-00-00 00:00:00', 0, NULL, '0000-00-00 00:00:00'),
('199021301', 'Ifa Yanti Wahyuni, S,Hut.', 'Bogor', '2018-08-09', 'Perempuan', 5, 5, 'Manager', 21, 'Jln. Ciforasfsd', 'Jln Sbj', '14', '1181', '', '', '', 'U-001', NULL, 'U-001', '0000-00-00 00:00:00', 0, NULL, '0000-00-00 00:00:00'),
('199021302', 'Dian Wijayati, S.Hut.', 'Jakarta', '2018-08-09', 'Perempuan', 5, 3, 'Staff', 22, 'Jln Cempaka', 'Jln. Ciforasfsd', NULL, '1182', '', '', '', 'U-001', NULL, 'U-001', '0000-00-00 00:00:00', 0, NULL, '0000-00-00 00:00:00'),
('199021303', 'Aziz Umroni, S.Hut.', 'Lalong', '2018-08-09', 'Laki-Laki', 5, 4, 'Manager', 23, 'Jln Sbj', 'Jln Cempaka', '16', '1183', '', '', '', 'U-001', NULL, 'U-001', '0000-00-00 00:00:00', 0, NULL, '0000-00-00 00:00:00'),
('199021304', 'Siswo, SP.', 'Sleman', '2018-08-09', 'Laki-Laki', 5, 6, 'Staff', 24, 'Jln. Ciforasfsd', 'Jln Sbj', '17', '1184', '', '', '', 'U-001', NULL, 'U-001', '0000-00-00 00:00:00', 0, NULL, '0000-00-00 00:00:00'),
('199021305', 'Setio Adiningsih Puspitasari, SAN', 'Sumedang', '2018-08-09', 'Perempuan', 5, 5, 'Staff', 25, 'Jln Cempaka', '', '18', '1185', '', '', '', 'U-001', NULL, 'U-001', '0000-00-00 00:00:00', 0, NULL, '0000-00-00 00:00:00'),
('199021306', 'Real Sukmana Faesal Umar, S.Hut.', 'Sleman', '2018-08-09', 'Laki-Laki', 5, 3, 'Manager', 26, 'Jln Sbj', 'Jln. Ciforasfsd', '19', '1186', '', '', '', 'U-001', NULL, 'U-001', '0000-00-00 00:00:00', 0, NULL, '0000-00-00 00:00:00'),
('199021307', 'Eko Sutrisno, SP.', 'Lampung', '2018-08-09', 'Laki-Laki', 5, 4, 'Staff', 27, '', 'Jln Cempaka', '12', '1187', '', '', '', 'U-001', NULL, 'U-001', '0000-00-00 00:00:00', 0, NULL, '0000-00-00 00:00:00'),
('199021308', 'Anita Apriliani Dwi Rahayu, S.Hut.', 'Padang Sawah', '2018-08-09', 'Perempuan', 5, 6, 'Manager', 28, 'Jln. Ciforasfsd', 'Jln Sbj', '13', '1188', '', '', '', 'U-001', NULL, 'U-001', '0000-00-00 00:00:00', 0, NULL, '0000-00-00 00:00:00'),
('199021309', 'Levina Augusta Geralide, S.Hut.', 'Pohan Toga', '2018-08-09', 'Laki-Laki', 5, 5, 'Staff', 29, 'Jln Cempaka', 'Jln. Ciforasfsd', '14', '1189', '', '', '', 'U-001', NULL, 'U-001', '0000-00-00 00:00:00', 0, NULL, '0000-00-00 00:00:00'),
('199021310', 'Abdul Mukhit, S.Hut.', 'Bogot', '2018-08-09', 'Laki-Laki', 5, 3, 'Manager', 30, 'Jln Sbj', 'Jln Cempaka', '11', 'K01', 'Pusat', '', '5', 'U-001', NULL, 'U-001', '2018-08-09 13:32:43', 0, NULL, '0000-00-00 00:00:00'),
('199021311', 'Indah Prabawati Utami, S.Si.', 'Bogor', '2018-08-09', 'Perempuan', 5, 4, 'Staff', 31, '', 'Jln Sbj', '16', '1191', '', '', '', 'U-001', NULL, 'U-001', '0000-00-00 00:00:00', 0, NULL, '0000-00-00 00:00:00'),
('199021312', 'Reni Haryani, S.Hut.', 'Jakarta', '2018-08-09', 'Perempuan', 5, 6, 'Staff', 32, 'Jln. Ciforasfsd', '', '17', '1192', '', '', '', 'U-001', NULL, 'U-001', '0000-00-00 00:00:00', 0, NULL, '0000-00-00 00:00:00'),
('199021313', 'Adhin Septi Widodo, S.Hut.', 'Lalong', '2018-08-09', 'Laki-Laki', 5, 5, 'Manager', 33, 'Jln Cempaka', 'Jln. Ciforasfsd', '18', '1193', '', '', '', 'U-001', NULL, 'U-001', '0000-00-00 00:00:00', 0, NULL, '0000-00-00 00:00:00'),
('199021314', 'Ade Hadi Pramono, S.Hut.', 'Sleman', '2018-08-09', 'Laki-Laki', 5, 3, 'Staff', 34, 'Jln Sbj', 'Jln Cempaka', '19', '1194', '', '', '', 'U-001', NULL, 'U-001', '0000-00-00 00:00:00', 0, NULL, '0000-00-00 00:00:00'),
('199021315', 'Jimmy Pardomuan M, SP.', 'Sumedang', '2018-08-09', 'Laki-Laki', 5, 4, 'Manager', 35, 'Jln. Ciforasfsd', 'Jln Sbj', '11', '1195', '', '', '', 'U-001', NULL, 'U-001', '0000-00-00 00:00:00', 0, NULL, '0000-00-00 00:00:00'),
('199021316', 'Nurul Elmi Faid, S.Hut.', 'Sleman', '2018-08-09', 'Perempuan', 5, 6, 'Staff', 36, 'Jln Cempaka', '', '12', '1196', '', '', '', 'U-001', NULL, 'U-001', '0000-00-00 00:00:00', 0, NULL, '0000-00-00 00:00:00'),
('199021317', 'Bambang Subatin, Sos', 'Lampung', '2018-08-09', 'Laki-Laki', 5, 5, 'Manager', 37, 'Jln Sbj', 'Jln. Ciforasfsd', '13', '1197', '', '', '', 'U-001', NULL, 'U-001', '0000-00-00 00:00:00', 0, NULL, '0000-00-00 00:00:00'),
('199021318', 'Tri Atmoko, S.Hut., M.Si.', 'Padang Sawah', '2018-08-09', 'Laki-Laki', 5, 3, 'Staff', 38, '', 'Jln Cempaka', '14', '1198', '', '', '', 'U-001', NULL, 'U-001', '0000-00-00 00:00:00', 0, NULL, '0000-00-00 00:00:00'),
('199021319', 'Rospita Odorlina Pillana Situmorang, STP, M.Eng', 'Pohan Toga', '2018-08-09', 'Perempuan', 5, 4, 'Manager', 39, 'Jln. Ciforasfsd', 'Jln Sbj', NULL, '1199', '', '', '', 'U-001', NULL, 'U-001', '0000-00-00 00:00:00', 0, NULL, '0000-00-00 00:00:00'),
('199021320', 'Bihhudalta Wirid Atmasu, S.Hut.', 'Bogot', '2018-08-09', 'Laki-Laki', 5, 6, 'Staff', 40, 'Jln Cempaka', 'Jln. Ciforasfsd', '16', '1200', '', '', '', 'U-001', NULL, 'U-001', '0000-00-00 00:00:00', 0, NULL, '0000-00-00 00:00:00'),
('199021321', 'Ujang Wawan Darmawan', 'Bogor', '2018-08-09', 'Laki-Laki', 5, 5, 'Manager', 41, 'Jln. ASKDJAL', 'Jln Cempaka', '17', '1201', '', '', '', 'U-001', NULL, 'U-001', '0000-00-00 00:00:00', 0, NULL, '0000-00-00 00:00:00'),
('nip', 'nama', 'tempat_lahir', '2018-08-09', '', 0, 0, 'jabatan_terakhir', 0, 'alamat_kantor', 'alamat_rumah', 'kode_provi', 'kode_kota', 'ket_status_kepegawaian', '', 'instansi_1_sd_8', 'created_by', '0000-00-00 00:00:00', 'last_modif', '0000-00-00 00:00:00', 0, 'deleted_by', '0000-00-00 00:00:00');

-- --------------------------------------------------------

--
-- Struktur dari tabel `provinsi`
--

CREATE TABLE `provinsi` (
  `kode` varchar(10) NOT NULL,
  `nama_provinsi` varchar(50) NOT NULL,
  `created_by` varchar(10) DEFAULT NULL,
  `created_date` datetime NOT NULL DEFAULT CURRENT_TIMESTAMP,
  `last_modified_by` varchar(10) DEFAULT NULL,
  `last_modified_date` datetime DEFAULT NULL,
  `is_deleted` tinyint(1) NOT NULL DEFAULT '0',
  `deleted_by` varchar(10) DEFAULT NULL,
  `deleted_date` datetime NOT NULL
) ENGINE=InnoDB DEFAULT CHARSET=latin1;

--
-- Dumping data untuk tabel `provinsi`
--

INSERT INTO `provinsi` (`kode`, `nama_provinsi`, `created_by`, `created_date`, `last_modified_by`, `last_modified_date`, `is_deleted`, `deleted_by`, `deleted_date`) VALUES
('11', 'ACEH', 'U-001', '0000-00-00 00:00:00', 'U-001', '2018-08-07 17:47:24', 0, 'U-001', '0000-00-00 00:00:00'),
('12', 'SUMATERA UTARA', 'U-001', '0000-00-00 00:00:00', 'U-001', '0000-00-00 00:00:00', 0, 'U-001', '0000-00-00 00:00:00'),
('13', 'SUMATERA BARAT', 'U-001', '0000-00-00 00:00:00', 'U-001', '0000-00-00 00:00:00', 0, 'U-001', '0000-00-00 00:00:00'),
('14', 'RIAU', 'U-001', '0000-00-00 00:00:00', 'U-001', '0000-00-00 00:00:00', 0, 'U-001', '0000-00-00 00:00:00'),
('16', 'SUMATERA SELATAN', 'U-001', '0000-00-00 00:00:00', 'U-001', '0000-00-00 00:00:00', 0, 'U-001', '0000-00-00 00:00:00'),
('17', 'BENGKULU', 'U-001', '0000-00-00 00:00:00', 'U-001', '0000-00-00 00:00:00', 0, 'U-001', '0000-00-00 00:00:00'),
('18', 'LAMPUNG', 'U-001', '0000-00-00 00:00:00', 'U-001', '0000-00-00 00:00:00', 0, 'U-001', '0000-00-00 00:00:00'),
('19', 'KEPULAUAN BANGKA BELITUNG', 'U-001', '0000-00-00 00:00:00', 'U-001', '0000-00-00 00:00:00', 0, 'U-001', '0000-00-00 00:00:00'),
('21', 'KEPULAUAN RIAU', 'U-001', '0000-00-00 00:00:00', 'U-001', '0000-00-00 00:00:00', 0, 'U-001', '0000-00-00 00:00:00'),
('31', 'DKI JAKARTA', 'U-001', '0000-00-00 00:00:00', 'U-001', '0000-00-00 00:00:00', 0, 'U-001', '0000-00-00 00:00:00'),
('32', 'JAWA BARAT', 'U-001', '0000-00-00 00:00:00', 'U-001', '0000-00-00 00:00:00', 0, 'U-001', '0000-00-00 00:00:00'),
('33', 'JAWA TENGAH', 'U-001', '0000-00-00 00:00:00', 'U-001', '0000-00-00 00:00:00', 0, 'U-001', '0000-00-00 00:00:00'),
('34', 'DI YOGYAKARTA', 'U-001', '0000-00-00 00:00:00', 'U-001', '0000-00-00 00:00:00', 0, 'U-001', '0000-00-00 00:00:00'),
('35', 'JAWA TIMUR', 'U-001', '0000-00-00 00:00:00', 'U-001', '0000-00-00 00:00:00', 0, 'U-001', '0000-00-00 00:00:00'),
('36', 'BANTEN', 'U-001', '0000-00-00 00:00:00', 'U-001', '0000-00-00 00:00:00', 0, 'U-001', '0000-00-00 00:00:00'),
('51', 'BALI', 'U-001', '0000-00-00 00:00:00', 'U-001', '0000-00-00 00:00:00', 0, 'U-001', '0000-00-00 00:00:00'),
('52', 'NUSA TENGGARA BARAT', 'U-001', '0000-00-00 00:00:00', 'U-001', '0000-00-00 00:00:00', 0, 'U-001', '0000-00-00 00:00:00'),
('53', 'NUSA TENGGARA TIMUR', 'U-001', '0000-00-00 00:00:00', 'U-001', '0000-00-00 00:00:00', 0, 'U-001', '0000-00-00 00:00:00'),
('61', 'KALIMANTAN BARAT', 'U-001', '0000-00-00 00:00:00', 'U-001', '0000-00-00 00:00:00', 0, 'U-001', '0000-00-00 00:00:00'),
('62', 'KALIMANTAN TENGAH', 'U-001', '0000-00-00 00:00:00', 'U-001', '0000-00-00 00:00:00', 0, 'U-001', '0000-00-00 00:00:00'),
('63', 'KALIMANTAN SELATAN', 'U-001', '0000-00-00 00:00:00', 'U-001', '0000-00-00 00:00:00', 0, 'U-001', '0000-00-00 00:00:00'),
('64', 'KALIMANTAN TIMUR', 'U-001', '0000-00-00 00:00:00', 'U-001', '0000-00-00 00:00:00', 0, 'U-001', '0000-00-00 00:00:00'),
('65', 'KALIMANTAN UTARA', 'U-001', '0000-00-00 00:00:00', 'U-001', '0000-00-00 00:00:00', 0, 'U-001', '0000-00-00 00:00:00'),
('71', 'SULAWESI UTARA', 'U-001', '0000-00-00 00:00:00', 'U-001', '0000-00-00 00:00:00', 0, 'U-001', '0000-00-00 00:00:00'),
('72', 'SULAWESI TENGAH', 'U-001', '0000-00-00 00:00:00', 'U-001', '0000-00-00 00:00:00', 0, 'U-001', '0000-00-00 00:00:00'),
('73', 'SULAWESI SELATAN', 'U-001', '0000-00-00 00:00:00', 'U-001', '0000-00-00 00:00:00', 0, 'U-001', '0000-00-00 00:00:00'),
('74', 'SULAWESI TENGGARA', 'U-001', '0000-00-00 00:00:00', 'U-001', '0000-00-00 00:00:00', 0, 'U-001', '0000-00-00 00:00:00'),
('75', 'GORONTALO', 'U-001', '0000-00-00 00:00:00', 'U-001', '0000-00-00 00:00:00', 0, 'U-001', '0000-00-00 00:00:00'),
('76', 'SULAWESI BARAT', 'U-001', '0000-00-00 00:00:00', 'U-001', '0000-00-00 00:00:00', 0, 'U-001', '0000-00-00 00:00:00'),
('7777', 'LATIHAN', 'U-001', '0000-00-00 00:00:00', 'U-001', '0000-00-00 00:00:00', 0, 'U-001', '0000-00-00 00:00:00'),
('81', 'MALUKU', 'U-001', '0000-00-00 00:00:00', 'U-001', '0000-00-00 00:00:00', 0, 'U-001', '0000-00-00 00:00:00'),
('82', 'MALUKU UTARA', 'U-001', '0000-00-00 00:00:00', 'U-001', '0000-00-00 00:00:00', 0, 'U-001', '0000-00-00 00:00:00'),
('91', 'PAPUA BARAT', 'U-001', '0000-00-00 00:00:00', 'U-001', '0000-00-00 00:00:00', 0, 'U-001', '0000-00-00 00:00:00'),
('94', 'PAPUA', 'U-001', '0000-00-00 00:00:00', 'U-001', '0000-00-00 00:00:00', 0, 'U-001', '0000-00-00 00:00:00'),
('9999', 'LUAR NEGERI', 'U-001', '0000-00-00 00:00:00', 'U-001', '0000-00-00 00:00:00', 0, 'U-001', '0000-00-00 00:00:00'),
('ASDAS', 'ASDAS', 'U-001', '2018-08-05 17:30:55', NULL, NULL, 1, 'U-001', '2018-08-05 17:31:35'),
('FDGD', 'ASDASSS', 'U-001', '2018-08-05 17:31:04', NULL, NULL, 1, 'U-001', '2018-08-05 17:31:35'),
('P01', 'Jawa Barat', 'U-001', '2018-08-06 10:49:30', 'U-001', '2018-08-06 12:48:47', 0, NULL, '0000-00-00 00:00:00'),
('P012', 'JKASDa', 'U-001', '2018-08-05 17:30:25', 'U-001', '2018-08-05 17:30:31', 1, 'U-001', '2018-08-05 17:30:49'),
('P02', 'Jakarta', 'U-001', '2018-08-06 10:49:47', NULL, NULL, 0, NULL, '0000-00-00 00:00:00');

-- --------------------------------------------------------

--
-- Struktur dari tabel `semester`
--

CREATE TABLE `semester` (
  `id_semester` varchar(5) NOT NULL,
  `tahun` int(4) NOT NULL,
  `semester` varchar(1) NOT NULL,
  `kurikulum` varchar(5) NOT NULL,
  `nm_smt` varchar(25) NOT NULL,
  `tgl_mulai` date DEFAULT NULL,
  `tgl_selesai` date DEFAULT NULL,
  `aktif` enum('0','1') NOT NULL
) ENGINE=InnoDB DEFAULT CHARSET=latin1;

--
-- Dumping data untuk tabel `semester`
--

INSERT INTO `semester` (`id_semester`, `tahun`, `semester`, `kurikulum`, `nm_smt`, `tgl_mulai`, `tgl_selesai`, `aktif`) VALUES
('19801', 1980, '1', '', '1980/1981 Ganjil', '1980-07-01', '1980-12-31', '0'),
('19802', 1980, '1', '', '1980/1981 Genap', '1981-01-01', '1981-07-31', '0'),
('19803', 1980, '3', '', '1980/1981 Pendek', '1981-07-01', '1981-07-31', '0'),
('19811', 1981, '1', '', '1981/1982 Ganjil', '1981-07-01', '1981-12-31', '0'),
('19812', 1981, '1', '', '1981/1982 Genap', '1982-01-01', '1982-07-31', '0'),
('19813', 1981, '3', '', '1981/1982 Pendek', '1982-07-01', '1982-07-31', '0'),
('19821', 1982, '1', '', '1982/1983 Ganjil', '1982-07-01', '1982-12-31', '0'),
('19822', 1982, '1', '', '1982/1983 Genap', '1983-01-01', '1983-07-31', '0'),
('19823', 1982, '3', '', '1982/1983 Pendek', '1983-07-01', '1983-07-31', '0'),
('19831', 1983, '1', '', '1983/1984 Ganjil', '1983-07-01', '1983-12-31', '0'),
('19832', 1983, '1', '', '1983/1984 Genap', '1984-01-01', '1984-07-31', '0'),
('19833', 1983, '3', '', '1983/1984 Pendek', '1984-07-01', '1984-07-31', '0'),
('19841', 1984, '1', '', '1984/1985 Ganjil', '1984-07-01', '1984-12-31', '0'),
('19842', 1984, '1', '', '1984/1985 Genap', '1985-01-01', '1985-07-31', '0'),
('19843', 1984, '3', '', '1984/1985 Pendek', '1985-07-01', '1985-07-31', '0'),
('19851', 1985, '1', '', '1985/1986 Ganjil', '1985-07-01', '1985-12-31', '0'),
('19852', 1985, '1', '', '1985/1986 Genap', '1986-01-01', '1986-07-31', '0'),
('19853', 1985, '3', '', '1985/1986 Pendek', '1986-07-01', '1986-07-31', '0'),
('19861', 1986, '1', '', '1986/1987 Ganjil', '1986-07-01', '1986-12-31', '0'),
('19862', 1986, '1', '', '1986/1987 Genap', '1987-01-01', '1987-07-31', '0'),
('19863', 1986, '3', '', '1986/1987 Pendek', '1987-07-01', '1987-07-31', '0'),
('19871', 1987, '1', '', '1987/1988 Ganjil', '1987-07-01', '1987-12-31', '0'),
('19872', 1987, '2', '', '1987/1988 Genap', '1988-01-01', '1988-07-31', '0'),
('19873', 1987, '3', '', '1987/1988 Pendek', '1988-07-01', '1988-07-31', '0'),
('19881', 1988, '1', '', '1988/1989 Ganjil', '1988-07-01', '1988-12-31', '0'),
('19882', 1988, '2', '', '1988/1989 Genap', '1989-01-01', '1989-07-31', '0'),
('19883', 1988, '3', '', '1988/1989 Pendek', '1989-07-01', '1989-07-31', '0'),
('19891', 1989, '1', '', '1989/1990 Ganjil', '1989-07-01', '1989-12-31', '0'),
('19892', 1989, '2', '', '1989/1990 Genap', '1990-01-01', '1990-07-31', '0'),
('19893', 1989, '3', '', '1989/1990 Pendek', '1990-07-01', '1989-07-31', '0'),
('19901', 1990, '1', '', '1990/1991 Ganjil', '1990-07-01', '1990-12-31', '0'),
('19902', 1990, '1', '', '1990/1991 Genap', '1991-01-01', '1991-07-31', '0'),
('19903', 1990, '3', '', '1990/1991 Pendek', '1991-07-01', '1991-07-31', '0'),
('19911', 1991, '1', '', '1991/1992 Ganjil', '1991-07-01', '1991-12-31', '0'),
('19912', 1991, '1', '', '1991/1992 Genap', '1992-01-01', '1992-07-31', '0'),
('19913', 1991, '3', '', '1991/1992 Pendek', '1992-07-01', '1992-07-31', '0'),
('19921', 1992, '1', '', '1992/1993 Ganjil', '1992-07-01', '1992-12-31', '0'),
('19922', 1992, '1', '', '1992/1993 Genap', '1993-01-01', '1993-07-31', '0'),
('19923', 1992, '3', '', '1992/1993 Pendek', '1993-07-01', '1993-07-31', '0'),
('19931', 1993, '1', '', '1993/1994 Ganjil', '1993-07-01', '1993-12-31', '0'),
('19932', 1993, '1', '', '1993/1994 Genap', '1994-01-01', '1994-07-31', '0'),
('19933', 1993, '3', '', '1993/1994 Pendek', '1994-07-01', '1994-07-31', '0'),
('19941', 1994, '1', '', '1994/1995 Ganjil', '1994-07-01', '1994-12-31', '0'),
('19942', 1994, '1', '', '1994/1995 Genap', '1995-01-01', '1995-07-31', '0'),
('19943', 1994, '3', '', '1994/1995 Pendek', '1995-07-01', '1995-07-31', '0'),
('19951', 1995, '1', '', '1995/1996 Ganjil', '1995-07-01', '1995-12-31', '0'),
('19952', 1995, '1', '', '1995/1996 Genap', '1996-01-01', '1996-07-31', '0'),
('19953', 1995, '3', '', '1995/1996 Pendek', '1996-07-01', '1996-07-31', '0'),
('19961', 1996, '1', '', '1996/1997 Ganjil', '1996-07-01', '1996-12-31', '0'),
('19962', 1996, '1', '', '1996/1997 Genap', '1997-01-01', '1997-07-31', '0'),
('19963', 1996, '3', '', '1996/1997 Pendek', '1997-07-01', '1997-07-31', '0'),
('19970', 1997, '1', '', '1997/1998 -', '1997-07-01', '1997-12-31', '0'),
('19971', 1997, '1', '', '1997/1998 Ganjil', '1997-07-01', '1997-12-31', '0'),
('19972', 1997, '2', '', '1997/1998 Genap', '1998-01-01', '1998-07-31', '0'),
('19973', 1997, '3', '', '1997/1998 Pendek', '1998-07-01', '1998-07-31', '0'),
('19980', 1998, '1', '', '1998/1999 -', '1998-07-01', '1998-12-31', '0'),
('19981', 1998, '1', '', '1998/1999 Ganjil', '1998-07-01', '1998-12-31', '0'),
('19982', 1998, '2', '', '1998/1999 Genap', '1999-01-01', '1999-07-31', '0'),
('19983', 1998, '3', '', '1998/1999 Pendek', '1999-07-01', '1999-07-31', '0'),
('19990', 1999, '1', '', '1999/2000 -', '1999-07-01', '1999-12-31', '0'),
('19991', 1999, '1', '', '1999/2000 Ganjil', '1999-07-01', '1999-12-31', '0'),
('19992', 1999, '2', '', '1999/2000 Genap', '2000-01-01', '2000-07-31', '0'),
('19993', 1999, '3', '', '1999/2000 Pendek', '2000-07-01', '2000-07-31', '0'),
('20000', 2000, '1', '', '2000/2001 -', '2000-07-01', '2000-12-31', '0'),
('20001', 2000, '1', '', '2000/2001 Ganjil', '2000-07-01', '2000-12-31', '0'),
('20002', 2000, '2', '', '2000/2001 Genap', '2001-01-01', '2001-07-31', '0'),
('20003', 2000, '3', '', '2000/2001 Pendek', '2001-07-01', '2001-07-31', '0'),
('20010', 2001, '1', '', '2001/2002 -', '2001-07-01', '2001-12-31', '0'),
('20011', 2001, '1', '', '2001/2002 Ganjil', '2001-07-01', '2001-12-31', '0'),
('20012', 2001, '2', '', '2001/2002 Genap', '2002-01-01', '2002-07-31', '0'),
('20013', 2001, '3', '', '2001/2002 Pendek', '2002-07-01', '2002-07-31', '0'),
('20020', 2002, '1', '', '2002/2003 -', '2002-07-01', '2002-12-31', '0'),
('20021', 2002, '1', '', '2002/2003 Ganjil', '2002-07-01', '2002-12-31', '0'),
('20022', 2002, '2', '', '2002/2003 Genap', '2003-01-01', '2003-07-31', '0'),
('20023', 2002, '3', '', '2002/2003 Pendek', '2003-07-01', '2003-07-31', '0'),
('20030', 2003, '1', '', '2003/2004 -', '2003-07-01', '2003-12-31', '0'),
('20031', 2003, '1', '', '2003/2004 Ganjil', '2003-07-01', '2003-12-31', '0'),
('20032', 2003, '2', '', '2003/2004 Genap', '2004-01-01', '2004-07-31', '0'),
('20033', 2003, '3', '', '2003/2004 Pendek', '2004-07-01', '2004-07-31', '0'),
('20040', 2004, '1', '', '2004/2005 -', '2004-07-01', '2004-12-31', '0'),
('20041', 2004, '1', '', '2004/2005 Ganjil', '2004-07-01', '2004-12-31', '0'),
('20042', 2004, '2', '', '2004/2005 Genap', '2005-01-01', '2005-07-31', '0'),
('20043', 2004, '3', '', '2004/2005 Pendek', '2005-07-01', '2005-07-31', '0'),
('20050', 2005, '1', '', '2005/2006 -', '2005-07-01', '2005-12-31', '0'),
('20051', 2005, '1', '', '2005/2006 Ganjil', '2005-07-01', '2005-12-31', '0'),
('20052', 2005, '2', '', '2005/2006 Genap', '2006-01-01', '2006-07-31', '0'),
('20053', 2005, '3', '', '2005/2006 Pendek', '2006-07-01', '2006-07-31', '0'),
('20060', 2006, '1', '', '2006/2007 -', '2006-07-01', '2006-12-31', '0'),
('20061', 2006, '1', '', '2006/2007 Ganjil', '2006-07-01', '2006-12-31', '0'),
('20062', 2006, '2', '', '2006/2007 Genap', '2007-01-01', '2007-07-31', '0'),
('20063', 2006, '3', '', '2006/2007 Pendek', '2007-07-01', '2007-07-31', '0'),
('20070', 2007, '1', '', '2007/2008 -', '2007-07-01', '2007-12-31', '0'),
('20071', 2007, '1', '', '2007/2008 Ganjil', '2007-07-01', '2007-12-31', '0'),
('20072', 2007, '2', '', '2007/2008 Genap', '2008-01-01', '2008-07-31', '0'),
('20073', 2007, '3', '', '2007/2008 Pendek', '2008-07-01', '2008-07-31', '0'),
('20080', 2008, '1', '', '2008/2009 -', '2008-07-01', '2008-12-31', '0'),
('20081', 2008, '1', '', '2008/2009 Ganjil', '2008-07-01', '2008-12-31', '0'),
('20082', 2008, '2', '', '2008/2009 Genap', '2009-01-01', '2009-07-31', '0'),
('20083', 2008, '3', '', '2008/2009 Pendek', '2009-07-01', '2009-07-31', '0'),
('20090', 2009, '1', '', '2009/2010 -', '2009-07-01', '2009-12-31', '0'),
('20091', 2009, '1', '', '2009/2010 Ganjil', '2009-07-01', '2009-12-31', '0'),
('20092', 2009, '2', '', '2009/2010 Genap', '2010-01-01', '2010-07-31', '0'),
('20093', 2009, '3', '', '2009/2010 Pendek', '2010-07-01', '2010-07-31', '0'),
('20100', 2010, '1', '', '2010/2011 -', '2010-07-01', '2010-12-31', '0'),
('20101', 2010, '1', '', '2010/2011 Ganjil', '2010-07-01', '2010-12-31', '0'),
('20102', 2010, '2', '', '2010/2011 Genap', '2011-01-01', '2011-07-31', '0'),
('20103', 2010, '3', '', '2010/2011 Pendek', '2011-07-01', '2011-07-31', '0'),
('20110', 2011, '1', '', '2011/2012 -', '2011-07-01', '2011-12-31', '0'),
('20111', 2011, '1', '', '2011/2012 Ganjil', '2011-07-01', '2011-12-31', '0'),
('20112', 2011, '2', '', '2011/2012 Genap', '2012-01-01', '2012-07-31', '0'),
('20113', 2011, '3', '', '2011/2012 Pendek', '2012-07-01', '2012-07-31', '0'),
('20120', 2012, '1', '', '2012/2013 -', '2012-07-01', '2012-12-31', '0'),
('20121', 2012, '1', '', '2012/2013 Ganjil', '2012-07-01', '2012-12-31', '0'),
('20122', 2012, '2', '', '2012/2013 Genap', '2013-01-01', '2013-07-31', '0'),
('20123', 2012, '3', '', '2012/2013 Pendek', '2013-07-01', '2013-07-31', '0'),
('20131', 2013, '1', '', '2013/2014 Ganjil', '2013-07-01', '2013-12-31', '0'),
('20132', 2013, '2', '', '2013/2014 Genap', '2014-01-01', '2014-07-31', '0'),
('20133', 2013, '3', '', '2013/2014 Pendek', '2014-07-01', '2014-07-31', '0'),
('20141', 2014, '1', '', '2014/2015 Ganjil', '2014-07-01', '2014-12-31', '0'),
('20142', 2014, '2', '', '2014/2015 Genap', '2015-01-01', '2015-07-31', '0'),
('20143', 2014, '3', '', '2014/2015 Pendek', '2015-07-01', '2015-07-31', '0'),
('20151', 2015, '1', '', '2015/2016 Ganjil', '2015-07-01', '2015-12-31', '0'),
('20152', 2015, '2', '', '2015/2016 Genap', '2016-01-01', '2016-07-31', '0'),
('20153', 2015, '3', '', '2015/2016 Pendek', '2016-07-01', '2016-07-31', '0'),
('20161', 2016, '1', '', '2016/2017 Ganjil', '2016-08-01', '2016-12-31', '0'),
('20162', 2016, '2', '', '2016/2017 Genap', '2017-01-01', '2017-07-31', '0'),
('20163', 2016, '3', '', '2016/2017 Pendek', '2017-07-01', '2017-07-31', '0'),
('20171', 2017, '1', '', '2017/2018 Ganjil', '2017-08-01', '2017-12-31', '0'),
('20172', 2017, '2', '', '2017/2018 Genap', '2018-01-01', '2018-07-31', '0'),
('20173', 2017, '3', '', '2017/2018 Pendek', '2018-07-01', '2018-07-31', '0'),
('20181', 2018, '1', '', '2018/2019 Ganjil', '2018-08-01', '2018-12-31', '1'),
('20182', 2018, '2', '', '2018/2019 Genap', '2019-01-01', '2019-07-31', '0'),
('20183', 2018, '3', '', '2018/2019 Pendek', '2019-07-01', '2019-07-31', '0'),
('20191', 2019, '1', '', '2019/2020 Ganjil', '2019-08-01', '2019-12-31', '0'),
('20192', 2019, '2', '', '2019/2020 Genap', '2020-01-01', '2020-07-31', '0'),
('20193', 2019, '3', '', '2019/2020 Pendek', '2020-07-01', '2020-07-31', '0'),
('20201', 2020, '1', '', '2020/2021 Ganjil', '2020-08-01', '2020-12-31', '0'),
('20202', 2020, '2', '', '2020/2021 Genap', '2021-01-01', '2021-07-31', '0'),
('20203', 2020, '3', '', '2020/2021 Pendek', '2021-07-01', '2021-07-31', '0'),
('20211', 2021, '1', '', '2021/2022 Ganjil', '2021-08-01', '2021-12-31', '0'),
('20212', 2021, '2', '', '2021/2022 Genap', '2022-01-01', '2022-07-31', '0'),
('20221', 2022, '1', '', '2022/2023 Ganjil', NULL, NULL, '0'),
('20222', 2022, '2', '', '2022/2023 Genap', NULL, NULL, '0'),
('20231', 2023, '1', '', '2023/2024 Ganjil', NULL, NULL, '0'),
('20232', 2023, '2', '', '2023/2024 Genap', NULL, NULL, '0'),
('20241', 2024, '1', '', '2024/2025 Ganjil', NULL, NULL, '0'),
('20242', 2024, '2', '', '2024/2025 Genap', NULL, NULL, '0'),
('20251', 2025, '1', '', '2025/2026 Ganjil', NULL, NULL, '0'),
('20252', 2025, '2', '', '2025/2026 Genap', NULL, NULL, '0'),
('20261', 2026, '1', '', '2026/2027 Ganjil', NULL, NULL, '0'),
('20262', 2026, '2', '', '2026/2027 Genap', NULL, NULL, '0'),
('20271', 2027, '1', '', '2027/2028 Ganjil', NULL, NULL, '0'),
('20272', 2027, '2', '', '2027/2028 Genap', NULL, NULL, '0'),
('20281', 2028, '1', '', '2028/2029 Ganjil', NULL, NULL, '0'),
('20282', 2028, '2', '', '2028/2029 Genap', NULL, NULL, '0'),
('20291', 2029, '1', '', '2029/2030 Ganjil', NULL, NULL, '0'),
('20292', 2029, '2', '', '2029/2030 Genap', NULL, NULL, '0');

-- --------------------------------------------------------

--
-- Struktur dari tabel `system_logs`
--

CREATE TABLE `system_logs` (
  `id` int(11) NOT NULL,
  `kode_user` varchar(10) NOT NULL,
  `deskripsi` text NOT NULL,
  `created_date` datetime NOT NULL DEFAULT CURRENT_TIMESTAMP
) ENGINE=InnoDB DEFAULT CHARSET=latin1;

--
-- Dumping data untuk tabel `system_logs`
--

INSERT INTO `system_logs` (`id`, `kode_user`, `deskripsi`, `created_date`) VALUES
(1, 'U-001', 'Login, IP = ::1', '2018-08-03 16:39:50'),
(2, 'U-001', 'Login, IP = ::1', '2018-08-03 16:57:04'),
(3, 'U-001', 'Login, IP = ::1', '2018-08-03 17:02:46'),
(4, 'U-001', 'Login, IP = ::1', '2018-08-03 22:23:00'),
(5, 'U-001', 'Login, IP = ::1', '2018-08-03 22:23:08'),
(6, 'U-001', 'Login, IP = ::1', '2018-08-03 22:25:14'),
(7, 'U-001', 'Login, IP = 192.168.43.1', '2018-08-03 22:38:26'),
(8, 'U-001', 'Login, IP = ::1', '2018-08-03 22:40:27'),
(9, 'U-001', 'Login, IP = 192.168.43.1', '2018-08-03 22:42:57'),
(10, 'U-001', 'Login, IP = ::1', '2018-08-03 22:45:04'),
(11, 'U-001', 'Login, IP = 192.168.43.1', '2018-08-03 22:45:55'),
(12, 'U-001', 'Login, IP = ::1', '2018-08-03 22:49:14'),
(13, 'U-001', 'Login, IP = 192.168.43.1', '2018-08-03 22:49:53'),
(14, 'U-001', 'Login, IP = ::1', '2018-08-03 22:50:49'),
(15, 'U-001', 'Login, IP = 192.168.43.1', '2018-08-03 22:51:42'),
(16, 'U-001', 'Login, IP = ::1', '2018-08-03 22:59:15'),
(17, 'U-001', 'Login, IP = 192.168.43.1', '2018-08-03 22:59:43'),
(18, 'U-001', 'Login, IP = ::1', '2018-08-04 05:37:18'),
(19, 'U-001', 'Login, IP = 192.168.43.1', '2018-08-04 05:38:00'),
(20, 'U-001', 'Login, IP = ::1', '2018-08-04 06:04:58'),
(21, 'U-001', 'Login, IP = 192.168.43.1', '2018-08-04 06:05:23'),
(22, 'U-001', 'Login, IP = ::1', '2018-08-04 06:06:38'),
(23, 'U-001', 'Login, IP = 192.168.43.1', '2018-08-04 06:25:51'),
(24, 'U-001', 'Login, IP = ::1', '2018-08-04 06:28:33'),
(25, 'U-001', 'Logout', '2018-08-04 06:55:49'),
(26, 'U-001', 'Logout', '2018-08-04 06:57:15'),
(27, 'U-001', 'Login, IP = ::1', '2018-08-04 07:15:46'),
(28, 'U-001', 'Logout', '2018-08-04 07:16:05'),
(29, 'U-001', 'Login, IP = ::1', '2018-08-04 07:22:00'),
(30, 'U-001', 'Logout', '2018-08-04 07:22:57'),
(31, 'U-001', 'Login, IP = ::1', '2018-08-04 07:23:11'),
(32, 'U-001', 'Logout', '2018-08-04 07:24:17'),
(33, 'U-001', 'Login, IP = ::1', '2018-08-04 07:26:38'),
(34, 'U-001', 'Logout', '2018-08-04 07:27:03'),
(35, 'U-001', 'Login, IP = ::1', '2018-08-04 07:30:01'),
(36, 'U-001', 'Logout', '2018-08-04 07:30:14'),
(37, 'U-001', 'Login, IP = ::1', '2018-08-04 07:31:15'),
(38, 'U-001', 'Logout', '2018-08-04 07:31:43'),
(39, 'U-001', 'Login, IP = ::1', '2018-08-04 07:33:27'),
(40, 'U-001', 'Logout', '2018-08-04 07:33:48'),
(41, 'U-001', 'Login, IP = ::1', '2018-08-04 07:34:57'),
(42, 'U-001', 'Logout', '2018-08-04 07:35:06'),
(43, 'U-001', 'Login, IP = ::1', '2018-08-04 07:46:45'),
(44, 'U-001', 'Logout', '2018-08-04 07:46:54'),
(45, 'U-001', 'Login, IP = ::1', '2018-08-04 08:37:38'),
(46, 'U-001', 'Login, IP = 192.168.43.1', '2018-08-04 08:37:58'),
(47, 'U-001', 'Login, IP = ::1', '2018-08-04 08:39:28'),
(48, 'U-001', 'Login, IP = 192.168.43.1', '2018-08-04 08:52:47'),
(49, 'U-001', 'Login, IP = ::1', '2018-08-04 08:53:18'),
(50, 'U-001', 'Login, IP = 192.168.43.1', '2018-08-04 08:53:42'),
(51, 'U-001', 'Login, IP = ::1', '2018-08-04 08:56:43'),
(52, 'U-001', 'Login, IP = 192.168.43.1', '2018-08-04 09:08:05'),
(53, 'U-001', 'Login, IP = ::1', '2018-08-04 09:08:33'),
(54, 'U-001', 'Login, IP = 192.168.43.1', '2018-08-04 09:39:19'),
(55, 'U-001', 'Login, IP = ::1', '2018-08-04 09:41:35'),
(56, 'U-001', 'Login, IP = 192.168.43.1', '2018-08-04 09:42:00'),
(57, 'U-001', 'Login, IP = ::1', '2018-08-04 09:42:17'),
(58, 'U-001', 'Update User dengan kode user = U-001', '2018-08-04 09:53:21'),
(59, 'U-001', 'Login, IP = ::1', '2018-08-04 14:39:08'),
(60, 'U-001', 'Login, IP = ::1', '2018-08-04 17:49:26'),
(61, 'U-001', 'Login, IP = ::1', '2018-08-05 05:29:51'),
(62, 'U-001', 'Tambah User dengan kode user = U-002', '2018-08-05 05:43:20'),
(63, 'U-001', 'Update User dengan kode user = U-002', '2018-08-05 05:44:28'),
(64, 'U-001', 'Tambah Agama dengan nama_agama = Hindu', '2018-08-05 05:47:53'),
(65, 'U-001', 'Update Agama dengan nama agama = Hindu', '2018-08-05 05:48:02'),
(66, 'U-001', 'Update Agama dengan nama agama = Hindus', '2018-08-05 05:48:09'),
(67, 'U-001', 'Update Agama dengan nama agama = Hindu', '2018-08-05 05:48:20'),
(68, 'U-001', 'Hapus Agama dengan nama agama = Hindu', '2018-08-05 05:51:00'),
(69, 'U-001', 'Reset Agama', '2018-08-05 05:51:47'),
(70, 'U-001', 'Logout', '2018-08-05 05:52:14'),
(71, 'U-001', 'Login, IP = ::1', '2018-08-05 05:52:45'),
(72, 'U-001', 'Tambah Agama dengan nama_instansi = aasdas', '2018-08-05 06:57:35'),
(73, 'U-001', 'Update Agama dengan nama instansi_asal = aasdas', '2018-08-05 06:59:20'),
(74, 'U-001', 'Hapus Agama dengan nama instansi_asal = aasdas', '2018-08-05 06:59:41'),
(75, 'U-001', 'Tambah Agama dengan nama_instansi = vbcfgdfg', '2018-08-05 07:01:01'),
(76, 'U-001', 'Tambah Agama dengan nama_instansi = hjghjghjgh', '2018-08-05 07:01:06'),
(77, 'U-001', 'Reset Agama', '2018-08-05 07:01:14'),
(78, 'U-001', 'Tambah Bidang Studi dengan nama = asdklaskdlkasjd', '2018-08-05 08:14:57'),
(79, 'U-001', 'Update Bidang Studi dengan nama = asdklaskdlkasjd', '2018-08-05 08:15:07'),
(80, 'U-001', 'Update Bidang Studi dengan nama = asdklaskdlkasjd', '2018-08-05 08:15:14'),
(81, 'U-001', 'Hapus Bidang Studi dengan nama = asdklaskdlkasjd', '2018-08-05 08:16:06'),
(82, 'U-001', 'Tambah Bidang Studi dengan nama = asdaspokaspdas', '2018-08-05 08:16:38'),
(83, 'U-001', 'Tambah Bidang Studi dengan nama = aslkdlas', '2018-08-05 08:16:43'),
(84, 'U-001', 'Tambah Bidang Studi dengan nama = aklsdfmsdf', '2018-08-05 08:17:15'),
(85, 'U-001', 'Reset Bidang Studi', '2018-08-05 08:17:21'),
(86, 'U-001', 'Tambah Bidang Studi dengan nama = aksdjajsla', '2018-08-05 08:22:31'),
(87, 'U-001', 'Hapus Bidang Studi dengan nama = aksdjajsla', '2018-08-05 08:23:22'),
(88, 'U-001', 'Tambah Bidang Studi dengan nama = lksd;alskd', '2018-08-05 08:23:27'),
(89, 'U-001', 'Tambah Instansi dengan nama = alskdjlasd', '2018-08-05 08:23:44'),
(90, 'U-001', 'Hapus Instansi dengan nama = alskdjlasd', '2018-08-05 08:24:52'),
(91, 'U-001', 'Tambah Instansi dengan nama = alksjdalsd', '2018-08-05 08:24:57'),
(92, 'U-001', 'Tambah Agama dengan nama_agama = Hindu', '2018-08-05 08:28:27'),
(93, 'U-001', 'Hapus Agama dengan nama agama = Hindu', '2018-08-05 08:28:30'),
(94, 'U-001', 'Tambah User dengan kode user = U-003', '2018-08-05 08:30:26'),
(95, 'U-001', 'Login, IP = ::1', '2018-08-05 12:29:29'),
(96, 'U-001', 'Tambah Universitas dengan nama = assadd', '2018-08-05 12:36:11'),
(97, 'U-001', 'Update Universitas dengan nama = assaddasd', '2018-08-05 12:36:19'),
(98, 'U-001', 'Hapus Universitas dengan nama = assaddasd', '2018-08-05 12:36:35'),
(99, 'U-001', 'Tambah Universitas dengan nama = asdasgas', '2018-08-05 12:36:41'),
(100, 'U-001', 'Tambah Universitas dengan nama = yjukyu', '2018-08-05 12:36:45'),
(101, 'U-001', 'Reset Universitas', '2018-08-05 12:36:50'),
(102, 'U-001', 'Login, IP = ::1', '2018-08-05 16:37:29'),
(103, 'U-001', 'Tambah Negara dengan kode = A01', '2018-08-05 17:15:30'),
(104, 'U-001', 'Update Negara dengan kode = A01', '2018-08-05 17:18:27'),
(105, 'U-001', 'Update Negara dengan kode = A01S', '2018-08-05 17:18:32'),
(106, 'U-001', 'Update Negara dengan kode = A01', '2018-08-05 17:18:45'),
(107, 'U-001', 'Hapus Negara dengan kode = A01', '2018-08-05 17:19:02'),
(108, 'U-001', 'Tambah Negara dengan kode = A02', '2018-08-05 17:19:16'),
(109, 'U-001', 'Tambah Negara dengan kode = A03ASDDA', '2018-08-05 17:20:16'),
(110, 'U-001', 'Reset Negara', '2018-08-05 17:20:21'),
(111, 'U-001', 'Tambah Provinsi dengan kode = P01', '2018-08-05 17:30:25'),
(112, 'U-001', 'Update Provinsi dengan kode = P012', '2018-08-05 17:30:31'),
(113, 'U-001', 'Hapus Provinsi dengan kode = P012', '2018-08-05 17:30:49'),
(114, 'U-001', 'Tambah Provinsi dengan kode = ASDAS', '2018-08-05 17:30:55'),
(115, 'U-001', 'Tambah Provinsi dengan kode = FDGD', '2018-08-05 17:31:04'),
(116, 'U-001', 'Reset Provinsi', '2018-08-05 17:31:35'),
(117, 'U-001', 'Tambah Kota dengan kode = A02', '2018-08-05 17:39:38'),
(118, 'U-001', 'Tambah Kota dengan kode = asdasd', '2018-08-05 17:39:48'),
(119, 'U-001', 'Tambah Kota dengan kode = afcvxc', '2018-08-05 17:39:54'),
(120, 'U-001', 'Update Kota dengan kode = A02', '2018-08-05 17:39:57'),
(121, 'U-001', 'Tambah Kota dengan kode = ghfgn', '2018-08-05 17:40:47'),
(122, 'U-001', 'Hapus Kota dengan kode = A02', '2018-08-05 17:40:53'),
(123, 'U-001', 'Reset Kota', '2018-08-05 17:40:56'),
(124, 'U-001', 'Login, IP = ::1', '2018-08-05 22:45:14'),
(125, 'U-001', 'Login, IP = ::1', '2018-08-06 09:27:05'),
(126, 'U-001', 'Tambah Agama dengan nama = Islam', '2018-08-06 10:20:56'),
(127, 'U-001', 'Tambah Agama dengan nama = Hindu', '2018-08-06 10:21:05'),
(128, 'U-001', 'Tambah Negara dengan kode = A01', '2018-08-06 10:48:23'),
(129, 'U-001', 'Tambah Negara dengan kode = A02', '2018-08-06 10:48:39'),
(130, 'U-001', 'Tambah Kota dengan kode = K01', '2018-08-06 10:48:57'),
(131, 'U-001', 'Tambah Kota dengan kode = K02', '2018-08-06 10:49:07'),
(132, 'U-001', 'Tambah Provinsi dengan kode = P01', '2018-08-06 10:49:30'),
(133, 'U-001', 'Tambah Provinsi dengan kode = P02', '2018-08-06 10:49:47'),
(134, 'U-001', 'Login, IP = 192.168.1.9', '2018-08-06 11:05:00'),
(135, 'U-001', 'Login, IP = ::1', '2018-08-06 11:10:15'),
(136, 'U-001', 'Login, IP = ::1', '2018-08-06 12:47:01'),
(137, 'U-001', 'Update Provinsi dengan kode = P01', '2018-08-06 12:48:47'),
(138, 'U-001', 'Tambah Universitas dengan nama = Universitas IPB', '2018-08-06 12:49:36'),
(139, 'U-001', 'Tambah Program Studi dengan nama = 2', '2018-08-06 13:25:49'),
(140, 'U-001', 'Hapus Program Studi dengan nama = 2', '2018-08-06 13:25:56'),
(141, 'U-001', 'Tambah Pangkat dengan nama = III/A', '2018-08-06 13:30:47'),
(142, 'U-001', 'Update Pangkat dengan nama = III/A', '2018-08-06 13:30:52'),
(143, 'U-001', 'Tambah Program Studi dengan nama = asdasd', '2018-08-06 13:36:23'),
(144, 'U-001', 'Login, IP = 192.168.1.9', '2018-08-06 15:18:49'),
(145, 'U-001', 'Login, IP = ::1', '2018-08-06 15:45:23'),
(146, 'U-001', 'Tambah Peserta dengan nip = 0989998721', '2018-08-06 18:28:16'),
(147, 'U-001', 'Login, IP = ::1', '2018-08-07 05:36:20'),
(148, 'U-001', 'Update Peserta dengan nip = 0087212781', '2018-08-07 06:04:39'),
(149, 'U-001', 'Update Peserta dengan nip = 0087212781', '2018-08-07 06:07:13'),
(150, 'U-001', 'Update Peserta dengan nip = 0087212781', '2018-08-07 06:11:47'),
(151, 'U-001', 'Update Peserta dengan nip = 0087212781', '2018-08-07 06:15:26'),
(152, 'U-001', 'Update Peserta dengan nip = 0087212781', '2018-08-07 06:16:30'),
(153, 'U-001', 'Update Peserta dengan nip = 0087212781', '2018-08-07 06:18:48'),
(154, 'U-001', 'Update Peserta dengan nip = 0087212781', '2018-08-07 06:20:20'),
(155, 'U-001', 'Update Peserta dengan nip = 0087212781', '2018-08-07 06:23:21'),
(156, 'U-001', 'Update Peserta dengan nip = 0087212781', '2018-08-07 06:57:27'),
(157, 'U-001', 'Update Negara dengan kode = 360', '2018-08-07 09:20:11'),
(158, 'U-001', 'Update Negara dengan kode = 458', '2018-08-07 09:20:36'),
(159, 'U-001', 'Tambah Negara dengan kode = 56', '2018-08-07 09:21:45'),
(160, 'U-001', 'Tambah Negara dengan kode = 276', '2018-08-07 09:22:25'),
(161, 'U-001', 'Reset Negara', '2018-08-07 09:30:18'),
(162, 'U-001', 'Tambah Negara dengan kode = 2434', '2018-08-07 09:30:27'),
(163, 'U-001', 'Update Program Studi dengan nama = S1', '2018-08-07 10:03:28'),
(164, 'U-001', 'Tambah Program Studi dengan nama = S2', '2018-08-07 10:03:39'),
(165, 'U-001', 'Tambah Program Studi dengan nama = S3', '2018-08-07 10:03:48'),
(166, 'U-001', 'Update Program Studi dengan nama = S1-LN', '2018-08-07 10:04:08'),
(167, 'U-001', 'Update Program Studi dengan nama = S2-LN', '2018-08-07 10:04:17'),
(168, 'U-001', 'Update Program Studi dengan nama = S3-LN', '2018-08-07 10:04:28'),
(169, 'U-001', 'Tambah Program Studi dengan nama = S1-DN', '2018-08-07 10:04:40'),
(170, 'U-001', 'Tambah Program Studi dengan nama = S2-DN', '2018-08-07 10:04:52'),
(171, 'U-001', 'Tambah Program Studi dengan nama = S3-DN', '2018-08-07 10:05:03'),
(172, 'U-001', 'Update Peserta dengan nip = 0087212781', '2018-08-07 10:28:11'),
(173, 'U-001', 'Update Peserta dengan nip = 0087212781', '2018-08-07 11:02:51'),
(174, 'U-001', 'Hapus Peserta dengan nip = 0087212781', '2018-08-07 11:11:58'),
(175, 'U-001', 'Reset Peserta', '2018-08-07 11:13:40'),
(176, 'U-001', 'Backup Database', '2018-08-07 11:23:31'),
(177, 'U-001', 'Update Peserta dengan nip = 128737232', '2018-08-07 15:07:12'),
(178, 'U-001', 'Update Jenjang Studi dengan nama = S1', '2018-08-07 15:11:27'),
(179, 'U-001', 'Hapus Jenjang Studi dengan nama = S1-LN', '2018-08-07 15:11:31'),
(180, 'U-001', 'Update Jenjang Studi dengan nama = S2', '2018-08-07 15:11:37'),
(181, 'U-001', 'Hapus Jenjang Studi dengan nama = S2-LN', '2018-08-07 15:11:47'),
(182, 'U-001', 'Hapus Jenjang Studi dengan nama = S3-DN', '2018-08-07 15:11:51'),
(183, 'U-001', 'Update Jenjang Studi dengan nama = S3', '2018-08-07 15:12:00'),
(184, 'U-001', 'Update Karyasiswa Log dengan nip = 128737321', '2018-08-07 16:47:54'),
(185, 'U-001', 'Update Karyasiswa Log pada id = 96', '2018-08-07 16:53:04'),
(186, 'U-001', 'Update Peserta dengan nip = 128737321', '2018-08-07 16:55:04'),
(187, 'U-001', 'Update Negara pada kode = 1-242', '2018-08-07 17:28:21'),
(188, 'U-001', 'Update Negara pada kode = 1-242', '2018-08-07 17:29:08'),
(189, 'U-001', 'Update Negara pada kode = 1-242', '2018-08-07 17:29:13'),
(190, 'U-001', 'Tambah Negara pada kode = 111', '2018-08-07 17:29:59'),
(191, 'U-001', 'Update Kota pada kode = K01', '2018-08-07 17:38:51'),
(192, 'U-001', 'Update Kota pada kode = K01', '2018-08-07 17:38:58'),
(193, 'U-001', 'Update Kota pada kode = K011', '2018-08-07 17:39:06'),
(194, 'U-001', 'Hapus Kota pada kode = K02', '2018-08-07 17:39:22'),
(195, 'U-001', 'Update Provinsi pada kode = 11', '2018-08-07 17:45:23'),
(196, 'U-001', 'Update Provinsi pada kode = 11', '2018-08-07 17:45:33'),
(197, 'U-001', 'Update Provinsi pada kode = 10', '2018-08-07 17:47:24'),
(198, 'U-001', 'Login, IP = ::1', '2018-08-07 22:02:51'),
(199, 'U-001', 'Update Peserta dengan nip = 199021290', '2018-08-07 22:03:48'),
(200, 'U-001', 'Login, IP = ::1', '2018-08-08 09:35:50'),
(201, 'U-001', 'Update Karyasiswa Log pada id = 95', '2018-08-08 10:30:53'),
(202, 'U-001', 'Update Karyasiswa Log pada id = 95', '2018-08-08 10:31:14'),
(203, 'U-001', 'Update Karyasiswa Log pada id = 95', '2018-08-08 10:33:10'),
(204, 'U-001', 'Update Karyasiswa Log pada id = 95', '2018-08-08 10:33:24'),
(205, 'U-001', 'Update Karyasiswa Log pada id = 95', '2018-08-08 10:34:03'),
(206, 'U-001', 'Update Karyasiswa Log pada id = 95', '2018-08-08 10:35:04'),
(207, 'U-001', 'Tambah Karyasiswa Log pada nip = 199021221', '2018-08-08 10:37:52'),
(208, 'U-001', 'Login, IP = ::1', '2018-08-08 11:10:15'),
(209, 'U-001', 'Update Karyasiswa Log pada id = 7', '2018-08-08 13:44:19'),
(210, 'U-001', 'Update Karyasiswa Log pada id = 7', '2018-08-08 13:53:52'),
(211, 'U-001', 'Update Karyasiswa Log pada id = 7', '2018-08-08 13:56:16'),
(212, 'U-001', 'Hapus Karyasiswa Log pada nip = 199021221', '2018-08-08 14:00:35'),
(213, 'U-001', 'Tambah Karyasiswa Log pada nip = 199021221', '2018-08-08 14:02:57'),
(214, 'U-001', 'Update Karyasiswa Log pada id = 7', '2018-08-08 14:03:21'),
(215, 'U-001', 'Update Karyasiswa Log pada id = 7', '2018-08-08 14:09:09'),
(216, 'U-001', 'Update Karyasiswa Log pada id = 7', '2018-08-08 14:09:25'),
(217, 'U-001', 'Update Karyasiswa Log pada id = 7', '2018-08-08 14:13:01'),
(218, 'U-001', 'Update Karyasiswa Log pada id = 7', '2018-08-08 14:13:42'),
(219, 'U-001', 'Update Karyasiswa Log pada id = 7', '2018-08-08 14:14:09'),
(220, 'U-001', 'Update Karyasiswa Log pada id = 7', '2018-08-08 14:14:21'),
(221, 'U-001', 'Update Karyasiswa Log pada id = 109', '2018-08-08 14:16:37'),
(222, 'U-001', 'Update Karyasiswa Log pada id = 95', '2018-08-08 15:53:17'),
(223, 'U-001', 'Update Karyasiswa Log pada id = 7', '2018-08-08 15:55:18'),
(224, 'U-001', 'Update Karyasiswa Masalah pada id = 3', '2018-08-08 17:07:29'),
(225, 'U-001', 'Login, IP = ::1', '2018-08-09 05:02:24'),
(226, 'U-001', 'Update Karyasiswa Masalah pada nip = 199021221, nama = Cecep Ardian Khaeruddin, S.Hut., universitas = Institut Teknologi Sepuluh Nopember, jenjang = S2~LN', '2018-08-09 05:12:48'),
(227, 'U-001', 'Tambah Karyasiswa Masalah pada nip = 199021293, nama = Fajar Tri Yunianto, S.Hut., universitas = Universitas Nasional, jenjang = ~DN', '2018-08-09 05:41:02'),
(228, 'U-001', 'Tambah Karyasiswa Masalah pada nip = 199021293, nama = Fajar Tri Yunianto, S.Hut., universitas = Universitas Nasional, jenjang = S1~DN', '2018-08-09 05:41:31'),
(229, 'U-001', 'Hapus Karyasiswa Masalah pada nip = 199021293, nama = Fajar Tri Yunianto, S.Hut., universitas = Universitas Nasional, jenjang = S1~DN', '2018-08-09 06:00:01'),
(230, 'U-001', 'Update Karyasiswa Log pada nip = 199021221, nama = Cecep Ardian Khaeruddin, S.Hut., universitas = Institut Teknologi Sepuluh Nopember, jenjang = S2~LN', '2018-08-09 06:21:24'),
(231, 'U-001', 'Hapus Karyasiswa Log pada nip = 199021310, nama = Abdul Mukhit, S.Hut., universitas = Universitas Trunojoyo, jenjang = S2~LN', '2018-08-09 06:33:26'),
(232, 'U-001', 'Hapus Karyasiswa Log pada nip = 199021221, nama = Cecep Ardian Khaeruddin, S.Hut., universitas = Universitas IPB, jenjang = S1~DN', '2018-08-09 06:36:17'),
(233, 'U-001', 'Update Karyasiswa Log pada nip = 199021290, nama = Adam Bahtiar, S.Hut., universitas = Universitas Islam Bandung, jenjang = S1~DN', '2018-08-09 06:57:06'),
(234, 'U-001', 'Login, IP = ::1', '2018-08-09 09:25:32'),
(235, 'U-001', 'Update Laporan dan Seminar pada nip = 199021221, nama = Cecep Ardian Khaeruddin, S.Hut., universitas = Institut Teknologi Sepuluh Nopember, jenjang = S2~LN', '2018-08-09 10:23:44'),
(236, 'U-001', 'Update Laporan dan Seminar pada nip = 199021221, nama = Cecep Ardian Khaeruddin, S.Hut., universitas = Institut Teknologi Sepuluh Nopember, jenjang = S2~LN', '2018-08-09 10:26:59'),
(237, 'U-001', 'Hapus Provinsi pada kode = 15', '2018-08-09 10:32:33'),
(238, 'U-001', 'Tambah Agama pada nama = Khatolik', '2018-08-09 10:36:39'),
(239, 'U-001', 'Hapus Agama pada nama = Khatolik', '2018-08-09 10:37:15'),
(240, 'U-001', 'Login, IP = ::1', '2018-08-09 10:50:11'),
(241, 'U-001', 'Tambah Karyasiswa Log pada nip = 199021303', '2018-08-09 11:03:14'),
(242, 'U-001', 'Logout', '2018-08-09 11:51:56'),
(243, 'U-001', 'Login, IP = ::1', '2018-08-09 13:28:08'),
(244, 'U-001', 'Update Karyasiswa Log pada nip = 199021290, nama = Adam Bahtiar, S.Hut., universitas = Universitas Islam Bandung, jenjang = S1~DN', '2018-08-09 13:29:07'),
(245, 'U-001', 'Update Peserta dengan nip = 199021310', '2018-08-09 13:32:43'),
(246, 'U-001', 'Update Universitas pada nama = Institut Pertanian Bogor', '2018-08-09 14:21:16'),
(247, 'U-001', 'Update Universitas pada nama = Institut Sains Dan Teknologi Akprind', '2018-08-09 14:21:28'),
(248, 'U-001', 'Tambah Universitas pada nama = Michigan', '2018-08-09 14:22:40'),
(249, 'U-001', 'Update Universitas pada nama = Notheast  Forestry University', '2018-08-09 14:23:46'),
(250, 'U-001', 'Update Universitas pada nama = Notheast  Forestry University', '2018-08-09 14:24:13'),
(251, 'U-001', 'Update Karyasiswa Log pada nip = 199021290, nama = Adam Bahtiar, S.Hut., universitas = Universitas Islam Bandung, jenjang = S1~DN', '2018-08-09 15:42:58'),
(252, 'U-001', 'Hapus Kota pada kode = 9473', '2018-08-09 16:06:45'),
(253, 'U-001', 'Hapus Kota pada kode = 9474', '2018-08-09 16:06:48'),
(254, 'U-001', 'Hapus Kota pada kode = 9475', '2018-08-09 16:06:52'),
(255, 'U-001', 'Hapus Kota pada kode = 9476', '2018-08-09 16:06:55'),
(256, 'U-001', 'Update Universitas pada nama = Institut Pertanian Bogor', '2018-08-09 16:09:20'),
(257, 'U-001', 'Update Bidang Studi pada nama = Accounting Information', '2018-08-09 16:10:27'),
(258, 'U-001', 'Login, IP = ::1', '2018-08-09 19:49:42'),
(259, 'U-001', 'Logout', '2018-08-09 21:59:16'),
(260, 'U-001', 'Login, IP = ::1', '2018-08-10 05:09:22'),
(261, 'U-001', 'Login, IP = ::1', '2018-08-10 07:58:40'),
(262, 'U-001', 'Update Karyasiswa Log pada nip = 199021255, nama = Zamrin, S.Hut., universitas = Universitas Surabaya, jenjang = S1~DN', '2018-08-10 09:15:38'),
(263, 'U-001', 'Tambah Karyasiswa Masalah pada nip = 199021293, nama = Fajar Tri Yunianto, S.Hut., universitas = Universitas Nasional, jenjang = S1~DN', '2018-08-10 15:55:33'),
(264, 'U-001', 'Tambah Karyasiswa Masalah pada nip = 199021293, nama = Fajar Tri Yunianto, S.Hut., universitas = Universitas Nasional, jenjang = S1~DN', '2018-08-10 15:56:51'),
(265, 'U-001', 'Tambah Laporan Semester dan Akhir pada nip = 199021293, nama = Fajar Tri Yunianto, S.Hut., universitas = Universitas Nasional, jenjang = S1~DN', '2018-08-10 16:00:00'),
(266, 'U-001', 'Login, IP = ::1', '2018-08-11 23:55:28'),
(267, 'U-001', 'Update Laporan Semester dan Akhir pada nip = 199021293, nama = Fajar Tri Yunianto, S.Hut., universitas = Universitas Nasional, jenjang = S1~DN', '2018-08-12 00:16:58'),
(268, 'U-001', 'Update Laporan Semester dan Akhir pada nip = 199021293, nama = Fajar Tri Yunianto, S.Hut., universitas = Universitas Nasional, jenjang = S1~DN', '2018-08-12 00:24:12'),
(269, 'U-001', 'Tambah Laporan Semester dan Akhir pada nip = 199021290, nama = Adam Bahtiar, S.Hut., universitas = Universitas Islam Bandung, jenjang = S1~DN', '2018-08-12 00:24:39'),
(270, 'U-001', 'Update Laporan Semester dan Akhir pada nip = 199021293, nama = Fajar Tri Yunianto, S.Hut., universitas = Universitas Nasional, jenjang = S1~DN', '2018-08-12 00:41:06'),
(271, 'U-001', 'Tambah Laporan Semester dan Akhir pada nip = 199021290, nama = Adam Bahtiar, S.Hut., universitas = Universitas Islam Bandung, jenjang = S1~DN', '2018-08-12 00:42:50'),
(272, 'U-001', 'Tambah Laporan Semester dan Akhir pada nip = 199021290, nama = Adam Bahtiar, S.Hut., universitas = Universitas Islam Bandung, jenjang = S1~DN', '2018-08-12 00:47:28'),
(273, 'U-001', 'Tambah Laporan Semester dan Akhir pada nip = 199021290, nama = Adam Bahtiar, S.Hut., universitas = Universitas Islam Bandung, jenjang = S1~DN', '2018-08-12 00:51:00'),
(274, 'U-001', 'Tambah Laporan Semester dan Akhir pada nip = 199021314, nama = Ade Hadi Pramono, S.Hut., universitas = Universitas Wijaya Kusuma Surabaya, jenjang = S3~DN', '2018-08-12 00:52:23'),
(275, 'U-001', 'Tambah Laporan Semester dan Akhir pada nip = 199021314, nama = Ade Hadi Pramono, S.Hut., universitas = Universitas Wijaya Kusuma Surabaya, jenjang = S3~DN', '2018-08-12 00:53:42'),
(276, 'U-001', 'Tambah Laporan Semester dan Akhir pada nip = 199021290, nama = Adam Bahtiar, S.Hut., universitas = Universitas Islam Bandung, jenjang = S1~DN', '2018-08-12 00:55:31'),
(277, 'U-001', 'Tambah Laporan Semester dan Akhir pada nip = 199021314, nama = Ade Hadi Pramono, S.Hut., universitas = Universitas Wijaya Kusuma Surabaya, jenjang = S3~DN', '2018-08-12 00:56:45'),
(278, 'U-001', 'Tambah Laporan Semester dan Akhir pada nip = 199021290, nama = Adam Bahtiar, S.Hut., universitas = Universitas Islam Bandung, jenjang = S1~DN', '2018-08-12 01:02:12'),
(279, 'U-001', 'Tambah Laporan Semester dan Akhir pada nip = 199021290, nama = Adam Bahtiar, S.Hut., universitas = Universitas Islam Bandung, jenjang = S1~DN', '2018-08-12 01:03:32'),
(280, 'U-001', 'Tambah Laporan Semester dan Akhir pada nip = 199021290, nama = Adam Bahtiar, S.Hut., universitas = Universitas Islam Bandung, jenjang = S1~DN', '2018-08-12 01:05:27'),
(281, 'U-001', 'Tambah Laporan Semester dan Akhir pada nip = 199021290, nama = Adam Bahtiar, S.Hut., universitas = Universitas Islam Bandung, jenjang = S1~DN', '2018-08-12 01:05:58'),
(282, 'U-001', 'Tambah Laporan Semester dan Akhir pada nip = 199021313, nama = Adhin Septi Widodo, S.Hut., universitas = Universitas Widya Gama, jenjang = S2~DN', '2018-08-12 01:06:37'),
(283, 'U-001', 'Tambah Laporan Semester dan Akhir pada nip = 199021290, nama = Adam Bahtiar, S.Hut., universitas = Universitas Islam Bandung, jenjang = S1~DN', '2018-08-12 01:31:51'),
(284, 'U-001', 'Tambah Laporan Semester dan Akhir pada nip = 199021303, nama = Aziz Umroni, S.Hut., universitas = Universitas PGRI Adi Buana, jenjang = S2~DN', '2018-08-12 01:33:00'),
(285, 'U-001', 'Update Laporan Semester dan Akhir pada nip = 199021303, nama = Aziz Umroni, S.Hut., universitas = Universitas PGRI Adi Buana, jenjang = S2~DN', '2018-08-12 01:33:13'),
(286, 'U-001', 'Tambah Laporan Semester dan Akhir pada nip = 199021290, nama = Adam Bahtiar, S.Hut., universitas = Universitas Islam Bandung, jenjang = S1~DN', '2018-08-12 01:34:49'),
(287, 'U-001', 'Update Laporan Semester dan Akhir pada nip = 199021290, nama = Adam Bahtiar, S.Hut., universitas = Universitas Islam Bandung, jenjang = S1~DN', '2018-08-12 01:39:02'),
(288, 'U-001', 'Login, IP = ::1', '2018-08-12 18:41:17'),
(289, 'U-001', 'Update Laporan Semester dan Akhir pada nip = 199021290, nama = Adam Bahtiar, S.Hut., universitas = Universitas Islam Bandung, jenjang = S1~DN', '2018-08-12 18:59:12'),
(290, 'U-001', 'Hapus Laporan Semester dan Akhir pada nip = 199021290, nama = Adam Bahtiar, S.Hut., universitas = Universitas Islam Bandung, jenjang = S1~DN', '2018-08-12 19:04:18'),
(291, 'U-001', 'Update Laporan Thesis pada nip = 199021221, nama = Cecep Ardian Khaeruddin, S.Hut., universitas = Institut Teknologi Sepuluh Nopember, jenjang = S2~DN', '2018-08-12 20:36:39'),
(292, 'U-001', 'Tambah Laporan Thesis pada nip = 199021286, nama = Nadia Paramitha Kusumawardhani, ST., universitas = Sekolah Tinggi Ilmu Ekonomi Indonesia Surabaya, jenjang = S1~DN', '2018-08-12 20:37:35'),
(293, 'U-001', 'Hapus Laporan Thesis pada nip = 199021221, nama = Cecep Ardian Khaeruddin, S.Hut., universitas = Institut Teknologi Sepuluh Nopember, jenjang = S2~DN', '2018-08-12 20:41:25'),
(294, 'U-001', 'Login, IP = ::1', '2018-08-13 05:44:36'),
(295, 'U-001', 'Update Universitas pada nama = Institut Teknologi Sepuluh Nopember', '2018-08-13 08:09:43'),
(296, 'U-001', 'Update Universitas pada nama = Institut Seni Indonesia Yogyakarta', '2018-08-13 08:13:13'),
(297, 'U-001', 'Update Universitas pada nama = Institut Teknologi Sepuluh Nopember', '2018-08-13 09:26:53'),
(298, 'U-001', 'Update Universitas pada nama = Institut Teknologi Sepuluh Nopember', '2018-08-13 09:28:14');

-- --------------------------------------------------------

--
-- Struktur dari tabel `universitas`
--

CREATE TABLE `universitas` (
  `id` int(11) NOT NULL,
  `nama_universitas` varchar(100) NOT NULL,
  `dl` varchar(15) NOT NULL,
  `created_by` varchar(10) DEFAULT NULL,
  `created_date` datetime NOT NULL DEFAULT CURRENT_TIMESTAMP,
  `last_modified_by` varchar(10) DEFAULT NULL,
  `last_modified_date` datetime DEFAULT NULL,
  `is_deleted` tinyint(1) NOT NULL DEFAULT '0',
  `deleted_by` varchar(10) DEFAULT NULL,
  `deleted_date` datetime DEFAULT NULL
) ENGINE=InnoDB DEFAULT CHARSET=latin1;

--
-- Dumping data untuk tabel `universitas`
--

INSERT INTO `universitas` (`id`, `nama_universitas`, `dl`, `created_by`, `created_date`, `last_modified_by`, `last_modified_date`, `is_deleted`, `deleted_by`, `deleted_date`) VALUES
(1, 'assaddasd', 'DN', 'U-001', '2018-08-05 12:36:11', 'U-001', '2018-08-05 12:36:19', 1, 'U-001', '2018-08-05 12:36:35'),
(2, 'asdasgas', 'DN', 'U-001', '2018-08-05 12:36:40', NULL, NULL, 1, 'U-001', '2018-08-05 12:36:49'),
(3, 'yjukyu', 'DN', 'U-001', '2018-08-05 12:36:45', NULL, NULL, 1, 'U-001', '2018-08-05 12:36:49'),
(4, 'Universitas IPB', 'DN', 'U-001', '2018-08-06 12:49:36', NULL, NULL, 0, NULL, NULL),
(5, 'Universitas Gadjah Mada', 'DN', 'U-001', '0000-00-00 00:00:00', 'U-001', '0000-00-00 00:00:00', 0, 'U-001', '0000-00-00 00:00:00'),
(6, 'Institut Teknologi Bandung', 'DN', 'U-001', '0000-00-00 00:00:00', 'U-001', '0000-00-00 00:00:00', 0, 'U-001', '0000-00-00 00:00:00'),
(7, 'Institut Pertanian Bogor', 'DN', 'U-001', '0000-00-00 00:00:00', 'U-001', '2018-08-09 16:09:20', 0, 'U-001', '0000-00-00 00:00:00'),
(8, 'Universitas Indonesia', 'DN', 'U-001', '0000-00-00 00:00:00', 'U-001', '0000-00-00 00:00:00', 0, 'U-001', '0000-00-00 00:00:00'),
(9, 'Institut Teknologi Sepuluh Nopember', 'DN', 'U-001', '0000-00-00 00:00:00', 'U-001', '2018-08-13 09:28:14', 0, 'U-001', '0000-00-00 00:00:00'),
(10, 'Universitas Diponegoro', 'DN', 'U-001', '0000-00-00 00:00:00', 'U-001', '0000-00-00 00:00:00', 0, 'U-001', '0000-00-00 00:00:00'),
(11, 'Universitas Airlangga', 'DN', 'U-001', '0000-00-00 00:00:00', 'U-001', '0000-00-00 00:00:00', 0, 'U-001', '0000-00-00 00:00:00'),
(12, 'Universitas Brawijaya', 'DN', 'U-001', '0000-00-00 00:00:00', 'U-001', '0000-00-00 00:00:00', 0, 'U-001', '0000-00-00 00:00:00'),
(13, 'Universitas Hasanuddin', 'DN', 'U-001', '0000-00-00 00:00:00', 'U-001', '0000-00-00 00:00:00', 0, 'U-001', '0000-00-00 00:00:00'),
(14, 'Universitas Negeri Yogyakarta', 'DN', 'U-001', '0000-00-00 00:00:00', 'U-001', '0000-00-00 00:00:00', 0, 'U-001', '0000-00-00 00:00:00'),
(15, 'Universitas Sebelas Maret', 'DN', 'U-001', '0000-00-00 00:00:00', 'U-001', '0000-00-00 00:00:00', 0, 'U-001', '0000-00-00 00:00:00'),
(16, 'Universitas Andalas', 'DN', 'U-001', '0000-00-00 00:00:00', 'U-001', '0000-00-00 00:00:00', 0, 'U-001', '0000-00-00 00:00:00'),
(17, 'Universitas Pendidikan Indonesia', 'DN', 'U-001', '0000-00-00 00:00:00', 'U-001', '0000-00-00 00:00:00', 0, 'U-001', '0000-00-00 00:00:00'),
(18, 'Universitas Padjadjaran', 'DN', 'U-001', '0000-00-00 00:00:00', 'U-001', '0000-00-00 00:00:00', 0, 'U-001', '0000-00-00 00:00:00'),
(19, 'Universitas Negeri Malang', 'DN', 'U-001', '0000-00-00 00:00:00', 'U-001', '0000-00-00 00:00:00', 0, 'U-001', '0000-00-00 00:00:00'),
(20, 'Universitas Negeri Semarang', 'DN', 'U-001', '0000-00-00 00:00:00', 'U-001', '0000-00-00 00:00:00', 0, 'U-001', '0000-00-00 00:00:00'),
(21, 'Universitas Udayana', 'DN', 'U-001', '0000-00-00 00:00:00', 'U-001', '0000-00-00 00:00:00', 0, 'U-001', '0000-00-00 00:00:00'),
(22, 'Universitas Lampung', 'DN', 'U-001', '0000-00-00 00:00:00', 'U-001', '0000-00-00 00:00:00', 0, 'U-001', '0000-00-00 00:00:00'),
(23, 'Universitas Sumatera Utara', 'DN', 'U-001', '0000-00-00 00:00:00', 'U-001', '0000-00-00 00:00:00', 0, 'U-001', '0000-00-00 00:00:00'),
(24, 'Universitas Jember', 'DN', 'U-001', '0000-00-00 00:00:00', 'U-001', '0000-00-00 00:00:00', 0, 'U-001', '0000-00-00 00:00:00'),
(25, 'Universitas Negeri Medan', 'DN', 'U-001', '0000-00-00 00:00:00', 'U-001', '0000-00-00 00:00:00', 0, 'U-001', '0000-00-00 00:00:00'),
(26, 'Universitas Pembangunan Nasional Veteran Jawa Timur', 'DN', 'U-001', '0000-00-00 00:00:00', 'U-001', '0000-00-00 00:00:00', 0, 'U-001', '0000-00-00 00:00:00'),
(27, 'Universitas Riau', 'DN', 'U-001', '0000-00-00 00:00:00', 'U-001', '0000-00-00 00:00:00', 0, 'U-001', '0000-00-00 00:00:00'),
(28, 'Universitas Sriwijaya', 'DN', 'U-001', '0000-00-00 00:00:00', 'U-001', '0000-00-00 00:00:00', 0, 'U-001', '0000-00-00 00:00:00'),
(29, 'Universitas Jenderal Soedirman', 'DN', 'U-001', '0000-00-00 00:00:00', 'U-001', '0000-00-00 00:00:00', 0, 'U-001', '0000-00-00 00:00:00'),
(30, 'Universitas Negeri Jakarta', 'DN', 'U-001', '0000-00-00 00:00:00', 'U-001', '0000-00-00 00:00:00', 0, 'U-001', '0000-00-00 00:00:00'),
(31, 'Universitas Syiah Kuala', 'DN', 'U-001', '0000-00-00 00:00:00', 'U-001', '0000-00-00 00:00:00', 0, 'U-001', '0000-00-00 00:00:00'),
(32, 'Universitas Negeri Makassar', 'DN', 'U-001', '0000-00-00 00:00:00', 'U-001', '0000-00-00 00:00:00', 0, 'U-001', '0000-00-00 00:00:00'),
(33, 'Universitas Negeri Surabaya', 'DN', 'U-001', '0000-00-00 00:00:00', 'U-001', '0000-00-00 00:00:00', 0, 'U-001', '0000-00-00 00:00:00'),
(34, 'Universitas Kristen Petra', 'DN', 'U-001', '0000-00-00 00:00:00', 'U-001', '0000-00-00 00:00:00', 0, 'U-001', '0000-00-00 00:00:00'),
(35, 'Universitas Surabaya', 'DN', 'U-001', '0000-00-00 00:00:00', 'U-001', '0000-00-00 00:00:00', 0, 'U-001', '0000-00-00 00:00:00'),
(36, 'Universitas Sanata Dharma', 'DN', 'U-001', '0000-00-00 00:00:00', 'U-001', '0000-00-00 00:00:00', 0, 'U-001', '0000-00-00 00:00:00'),
(37, 'Universitas Mataram', 'DN', 'U-001', '0000-00-00 00:00:00', 'U-001', '0000-00-00 00:00:00', 0, 'U-001', '0000-00-00 00:00:00'),
(38, 'Universitas Katolik Parahyangan', 'DN', 'U-001', '0000-00-00 00:00:00', 'U-001', '0000-00-00 00:00:00', 0, 'U-001', '0000-00-00 00:00:00'),
(39, 'Universitas Pendidikan Ganesha', 'DN', 'U-001', '0000-00-00 00:00:00', 'U-001', '0000-00-00 00:00:00', 0, 'U-001', '0000-00-00 00:00:00'),
(40, 'Universitas Kristen Satya Wacana', 'DN', 'U-001', '0000-00-00 00:00:00', 'U-001', '0000-00-00 00:00:00', 0, 'U-001', '0000-00-00 00:00:00'),
(41, 'Universitas Halu Oleo', 'DN', 'U-001', '0000-00-00 00:00:00', 'U-001', '0000-00-00 00:00:00', 0, 'U-001', '0000-00-00 00:00:00'),
(42, 'Universitas Tadulako', 'DN', 'U-001', '0000-00-00 00:00:00', 'U-001', '0000-00-00 00:00:00', 0, 'U-001', '0000-00-00 00:00:00'),
(43, 'Universitas Muhammadiyah Malang', 'DN', 'U-001', '0000-00-00 00:00:00', 'U-001', '0000-00-00 00:00:00', 0, 'U-001', '0000-00-00 00:00:00'),
(44, 'Universitas Pembangunan Nasional Veteran Yogyakarta', 'DN', 'U-001', '0000-00-00 00:00:00', 'U-001', '0000-00-00 00:00:00', 0, 'U-001', '0000-00-00 00:00:00'),
(45, 'Universitas Islam Indonesia', 'DN', 'U-001', '0000-00-00 00:00:00', 'U-001', '0000-00-00 00:00:00', 0, 'U-001', '0000-00-00 00:00:00'),
(46, 'Universitas Tanjungpura', 'DN', 'U-001', '0000-00-00 00:00:00', 'U-001', '0000-00-00 00:00:00', 0, 'U-001', '0000-00-00 00:00:00'),
(47, 'Universitas Jambi', 'DN', 'U-001', '0000-00-00 00:00:00', 'U-001', '0000-00-00 00:00:00', 0, 'U-001', '0000-00-00 00:00:00'),
(48, 'Universitas Merdeka Malang', 'DN', 'U-001', '0000-00-00 00:00:00', 'U-001', '0000-00-00 00:00:00', 0, 'U-001', '0000-00-00 00:00:00'),
(49, 'Universitas Bengkulu', 'DN', 'U-001', '0000-00-00 00:00:00', 'U-001', '0000-00-00 00:00:00', 0, 'U-001', '0000-00-00 00:00:00'),
(50, 'Universitas Atma Jaya Yogyakarta', 'DN', 'U-001', '0000-00-00 00:00:00', 'U-001', '0000-00-00 00:00:00', 0, 'U-001', '0000-00-00 00:00:00'),
(51, 'Universitas Sam Ratulangi', 'DN', 'U-001', '0000-00-00 00:00:00', 'U-001', '0000-00-00 00:00:00', 0, 'U-001', '0000-00-00 00:00:00'),
(52, 'Universitas Bina Nusantara', 'DN', 'U-001', '0000-00-00 00:00:00', 'U-001', '0000-00-00 00:00:00', 0, 'U-001', '0000-00-00 00:00:00'),
(53, 'Universitas Pasundan', 'DN', 'U-001', '0000-00-00 00:00:00', 'U-001', '0000-00-00 00:00:00', 0, 'U-001', '0000-00-00 00:00:00'),
(54, 'Universitas Negeri Gorontalo', 'DN', 'U-001', '0000-00-00 00:00:00', 'U-001', '0000-00-00 00:00:00', 0, 'U-001', '0000-00-00 00:00:00'),
(55, 'Universitas Lambung Mangkurat', 'DN', 'U-001', '0000-00-00 00:00:00', 'U-001', '0000-00-00 00:00:00', 0, 'U-001', '0000-00-00 00:00:00'),
(56, 'Universitas Mulawarman', 'DN', 'U-001', '0000-00-00 00:00:00', 'U-001', '0000-00-00 00:00:00', 0, 'U-001', '0000-00-00 00:00:00'),
(57, 'Universitas Negeri Manado', 'DN', 'U-001', '0000-00-00 00:00:00', 'U-001', '0000-00-00 00:00:00', 0, 'U-001', '0000-00-00 00:00:00'),
(58, 'Universitas Katolik Soegijapranata', 'DN', 'U-001', '0000-00-00 00:00:00', 'U-001', '0000-00-00 00:00:00', 0, 'U-001', '0000-00-00 00:00:00'),
(59, 'Universitas Stikubank', 'DN', 'U-001', '0000-00-00 00:00:00', 'U-001', '0000-00-00 00:00:00', 0, 'U-001', '0000-00-00 00:00:00'),
(60, 'Universitas Trisakti', 'DN', 'U-001', '0000-00-00 00:00:00', 'U-001', '0000-00-00 00:00:00', 0, 'U-001', '0000-00-00 00:00:00'),
(61, 'Universitas Islam Malang', 'DN', 'U-001', '0000-00-00 00:00:00', 'U-001', '0000-00-00 00:00:00', 0, 'U-001', '0000-00-00 00:00:00'),
(62, 'Sekolah Tinggi Ilmu Ekonomi Malangkucecwara', 'DN', 'U-001', '0000-00-00 00:00:00', 'U-001', '0000-00-00 00:00:00', 0, 'U-001', '0000-00-00 00:00:00'),
(63, 'Universitas Muslim Indonesia', 'DN', 'U-001', '0000-00-00 00:00:00', 'U-001', '0000-00-00 00:00:00', 0, 'U-001', '0000-00-00 00:00:00'),
(64, 'Universitas Tarumanagara', 'DN', 'U-001', '0000-00-00 00:00:00', 'U-001', '0000-00-00 00:00:00', 0, 'U-001', '0000-00-00 00:00:00'),
(65, 'Universitas Telkom', 'DN', 'U-001', '0000-00-00 00:00:00', 'U-001', '0000-00-00 00:00:00', 0, 'U-001', '0000-00-00 00:00:00'),
(66, 'Sekolah Tinggi Ilmu Ekonomi Indonesia Surabaya', 'DN', 'U-001', '0000-00-00 00:00:00', 'U-001', '0000-00-00 00:00:00', 0, 'U-001', '0000-00-00 00:00:00'),
(67, 'Universitas Katolik Widya Mandala Surabaya', 'DN', 'U-001', '0000-00-00 00:00:00', 'U-001', '0000-00-00 00:00:00', 0, 'U-001', '0000-00-00 00:00:00'),
(68, 'Universitas 17 Agustus 1945 Surabaya', 'DN', 'U-001', '0000-00-00 00:00:00', 'U-001', '0000-00-00 00:00:00', 0, 'U-001', '0000-00-00 00:00:00'),
(69, 'Universitas Islam Bandung', 'DN', 'U-001', '0000-00-00 00:00:00', 'U-001', '0000-00-00 00:00:00', 0, 'U-001', '0000-00-00 00:00:00'),
(70, 'Universitas Muhammadiyah Surakarta', 'DN', 'U-001', '0000-00-00 00:00:00', 'U-001', '0000-00-00 00:00:00', 0, 'U-001', '0000-00-00 00:00:00'),
(71, 'Universitas Negeri Padang', 'DN', 'U-001', '0000-00-00 00:00:00', 'U-001', '0000-00-00 00:00:00', 0, 'U-001', '0000-00-00 00:00:00'),
(72, 'Universitas Nasional', 'DN', 'U-001', '0000-00-00 00:00:00', 'U-001', '0000-00-00 00:00:00', 0, 'U-001', '0000-00-00 00:00:00'),
(73, 'Universitas Islam Sultan Agung', 'DN', 'U-001', '0000-00-00 00:00:00', 'U-001', '0000-00-00 00:00:00', 0, 'U-001', '0000-00-00 00:00:00'),
(74, 'Institut Teknologi Nasional Malang', 'DN', 'U-001', '0000-00-00 00:00:00', 'U-001', '0000-00-00 00:00:00', 0, 'U-001', '0000-00-00 00:00:00'),
(75, 'Universitas Bung Hatta', 'DN', 'U-001', '0000-00-00 00:00:00', 'U-001', '0000-00-00 00:00:00', 0, 'U-001', '0000-00-00 00:00:00'),
(76, 'Institut Teknologi Nasional Bandung', 'DN', 'U-001', '0000-00-00 00:00:00', 'U-001', '0000-00-00 00:00:00', 0, 'U-001', '0000-00-00 00:00:00'),
(77, 'Universitas Pendidikan Nasional', 'DN', 'U-001', '0000-00-00 00:00:00', 'U-001', '0000-00-00 00:00:00', 0, 'U-001', '0000-00-00 00:00:00'),
(78, 'Universitas Warmadewa', 'DN', 'U-001', '0000-00-00 00:00:00', 'U-001', '0000-00-00 00:00:00', 0, 'U-001', '0000-00-00 00:00:00'),
(79, 'Universitas Djuanda', 'DN', 'U-001', '0000-00-00 00:00:00', 'U-001', '0000-00-00 00:00:00', 0, 'U-001', '0000-00-00 00:00:00'),
(80, 'Institut Seni Indonesia Yogyakarta', 'DN', 'U-001', '0000-00-00 00:00:00', 'U-001', '2018-08-13 08:13:13', 0, 'U-001', '0000-00-00 00:00:00'),
(81, 'Sekolah Tinggi Pariwisata Trisakti', 'DN', 'U-001', '0000-00-00 00:00:00', 'U-001', '0000-00-00 00:00:00', 0, 'U-001', '0000-00-00 00:00:00'),
(82, 'Universitas PGRI Adi Buana', 'DN', 'U-001', '0000-00-00 00:00:00', 'U-001', '0000-00-00 00:00:00', 0, 'U-001', '0000-00-00 00:00:00'),
(83, 'Universitas Janabadra', 'DN', 'U-001', '0000-00-00 00:00:00', 'U-001', '0000-00-00 00:00:00', 0, 'U-001', '0000-00-00 00:00:00'),
(84, 'Universitas Kristen Duta Wacana', 'DN', 'U-001', '0000-00-00 00:00:00', 'U-001', '0000-00-00 00:00:00', 0, 'U-001', '0000-00-00 00:00:00'),
(85, 'Sekolah Tinggi Filsafat Theologi Jakarta', 'DN', 'U-001', '0000-00-00 00:00:00', 'U-001', '0000-00-00 00:00:00', 0, 'U-001', '0000-00-00 00:00:00'),
(86, 'Sekolah Tinggi Filsafat Driyarkara', 'DN', 'U-001', '0000-00-00 00:00:00', 'U-001', '0000-00-00 00:00:00', 0, 'U-001', '0000-00-00 00:00:00'),
(87, 'Universitas Sultan Ageng Tirtayasa', 'DN', 'U-001', '0000-00-00 00:00:00', 'U-001', '0000-00-00 00:00:00', 0, 'U-001', '0000-00-00 00:00:00'),
(88, 'Universitas Palangka Raya', 'DN', 'U-001', '0000-00-00 00:00:00', 'U-001', '0000-00-00 00:00:00', 0, 'U-001', '0000-00-00 00:00:00'),
(89, 'Universitas Trunojoyo', 'DN', 'U-001', '0000-00-00 00:00:00', 'U-001', '0000-00-00 00:00:00', 0, 'U-001', '0000-00-00 00:00:00'),
(90, 'Universitas Nusa Cendana', 'DN', 'U-001', '0000-00-00 00:00:00', 'U-001', '0000-00-00 00:00:00', 0, 'U-001', '0000-00-00 00:00:00'),
(91, 'Universitas Katolik Indonesia Atma Jaya', 'DN', 'U-001', '0000-00-00 00:00:00', 'U-001', '0000-00-00 00:00:00', 0, 'U-001', '0000-00-00 00:00:00'),
(92, 'Universitas Widya Gama', 'DN', 'U-001', '0000-00-00 00:00:00', 'U-001', '0000-00-00 00:00:00', 0, 'U-001', '0000-00-00 00:00:00'),
(93, 'Universitas Wijaya Kusuma Surabaya', 'DN', 'U-001', '0000-00-00 00:00:00', 'U-001', '0000-00-00 00:00:00', 0, 'U-001', '0000-00-00 00:00:00'),
(94, 'Sekolah Tinggi Ilmu Ekonomi Indonesia Banjarmasin', 'DN', 'U-001', '0000-00-00 00:00:00', 'U-001', '0000-00-00 00:00:00', 0, 'U-001', '0000-00-00 00:00:00'),
(95, 'Universitas Mahasaraswati Denpasar', 'DN', 'U-001', '0000-00-00 00:00:00', 'U-001', '0000-00-00 00:00:00', 0, 'U-001', '0000-00-00 00:00:00'),
(96, 'Universitas Pelita Harapan', 'DN', 'U-001', '0000-00-00 00:00:00', 'U-001', '0000-00-00 00:00:00', 0, 'U-001', '0000-00-00 00:00:00'),
(97, 'Universitas Dr Soetomo', 'DN', 'U-001', '0000-00-00 00:00:00', 'U-001', '0000-00-00 00:00:00', 0, 'U-001', '0000-00-00 00:00:00'),
(98, 'Universitas Slamet Riyadi', 'DN', 'U-001', '0000-00-00 00:00:00', 'U-001', '0000-00-00 00:00:00', 0, 'U-001', '0000-00-00 00:00:00'),
(99, 'Universitas Kristen Maranatha', 'DN', 'U-001', '0000-00-00 00:00:00', 'U-001', '0000-00-00 00:00:00', 0, 'U-001', '0000-00-00 00:00:00'),
(100, 'Notheast  Forestry University', 'LN', 'U-001', '0000-00-00 00:00:00', 'U-001', '2018-08-09 14:24:12', 0, 'U-001', '0000-00-00 00:00:00'),
(101, 'Universitas PGRI Semarang', 'DN', 'U-001', '0000-00-00 00:00:00', 'U-001', '0000-00-00 00:00:00', 0, 'U-001', '0000-00-00 00:00:00'),
(102, 'Sekolah Tinggi Ilmu Ekonomi Nusa Megar Kencana', 'DN', 'U-001', '0000-00-00 00:00:00', 'U-001', '0000-00-00 00:00:00', 0, 'U-001', '0000-00-00 00:00:00'),
(103, 'Sekolah Tinggi Pariwisata Pelita Harapan', 'DN', 'U-001', '0000-00-00 00:00:00', 'U-001', '0000-00-00 00:00:00', 0, 'U-001', '0000-00-00 00:00:00'),
(104, 'Universitas Muhammadiyah Magelang Sementara', 'DN', 'U-001', '0000-00-00 00:00:00', 'U-001', '0000-00-00 00:00:00', 0, 'U-001', '0000-00-00 00:00:00'),
(105, 'Michigan', 'LN', 'U-001', '2018-08-09 14:22:40', NULL, NULL, 0, NULL, NULL);

-- --------------------------------------------------------

--
-- Struktur dari tabel `user`
--

CREATE TABLE `user` (
  `kode_user` varchar(10) NOT NULL,
  `name_user` varchar(35) NOT NULL,
  `email` varchar(50) NOT NULL,
  `username` varchar(25) NOT NULL,
  `password` varchar(35) NOT NULL,
  `level` enum('Admin','Operator') NOT NULL,
  `status` enum('Aktif','Nonaktif') NOT NULL,
  `token` varchar(35) NOT NULL,
  `created_by` varchar(10) NOT NULL,
  `created_date` datetime NOT NULL DEFAULT CURRENT_TIMESTAMP,
  `last_modified_by` varchar(10) DEFAULT NULL,
  `last_modified_date` datetime DEFAULT NULL,
  `is_deleted` tinyint(1) NOT NULL DEFAULT '0',
  `deleted_by` varchar(10) DEFAULT NULL,
  `deleted_date` datetime DEFAULT NULL
) ENGINE=InnoDB DEFAULT CHARSET=latin1;

--
-- Dumping data untuk tabel `user`
--

INSERT INTO `user` (`kode_user`, `name_user`, `email`, `username`, `password`, `level`, `status`, `token`, `created_by`, `created_date`, `last_modified_by`, `last_modified_date`, `is_deleted`, `deleted_by`, `deleted_date`) VALUES
('U-001', 'Administrator', 'admin@gmail.com', 'admin', '21232f297a57a5a743894a0e4a801fc3', 'Admin', 'Aktif', 'a1133019453be6a032050eec648f4d40', '', '2018-08-03 16:39:26', 'U-001', '2018-08-04 09:53:21', 0, NULL, NULL),
('U-002', 'Operator', 'operator@gmail.com', 'operator', '4b583376b2767b923c3e1da60d10de59', 'Operator', 'Aktif', '', 'U-001', '2018-08-05 05:43:20', 'U-001', '2018-08-05 05:44:28', 0, NULL, NULL),
('U-003', 'sdasdasd', 'jhskdjsdf@gmail.com', 'jdshkajsd', 'e271180f6480081f44b5c8d6abaf687a', 'Admin', 'Aktif', '', 'U-001', '2018-08-05 08:30:26', NULL, NULL, 0, NULL, NULL);

-- --------------------------------------------------------

--
-- Stand-in struktur untuk tampilan `v_karyasiswa_log`
-- (Lihat di bawah untuk tampilan aktual)
--
CREATE TABLE `v_karyasiswa_log` (
`id` int(11)
,`nip` varchar(10)
,`kode_negara` varchar(10)
,`id_universitas` int(11)
,`id_bidang_studi` int(10)
,`id_jenjang_studi` int(10)
,`alamat_universitas` varchar(250)
,`lama_studi` varchar(15)
,`no_sktb` varchar(25)
,`mulai_pendidikan` date
,`rencana_selesai_pendidikan` date
,`sumber_dana` varchar(100)
,`no_sktb_perpanjangan_1` varchar(25)
,`mulai_perpanjangan_1` date
,`selesai_perpanjangan_1` date
,`no_sktb_perpanjangan_2` varchar(15)
,`mulai_perpanjangan_2` date
,`selesai_perpanjangan_2` date
,`tahun_selesai` varchar(4)
,`keterangan` varchar(100)
,`ket_2` varchar(100)
,`presentasi` date
,`lokasi_presentasi` varchar(100)
,`laporan_studi` varchar(100)
,`sk_setjen` varchar(50)
,`sk_menteri` varchar(50)
,`jml_thesis` varchar(15)
,`ket_thesis` varchar(100)
,`created_by` varchar(10)
,`created_date` datetime
,`last_modified_by` varchar(10)
,`last_modified_date` datetime
,`is_deleted` tinyint(1)
,`deleted_by` varchar(10)
,`deleted_date` datetime
,`nama` varchar(100)
,`nama_universitas` varchar(100)
,`dl` varchar(15)
,`nama_bidang_studi` varchar(100)
,`nama_jenjang_studi` varchar(100)
,`nama_negara` varchar(50)
);

-- --------------------------------------------------------

--
-- Stand-in struktur untuk tampilan `v_karyasiswa_masalah`
-- (Lihat di bawah untuk tampilan aktual)
--
CREATE TABLE `v_karyasiswa_masalah` (
`id` int(11)
,`id_karyasiswa_log` int(11)
,`progress` varchar(100)
,`masalah_pokok` varchar(250)
,`ringkasan_kondisi_1` varchar(250)
,`ringkasan_kondisi_2` varchar(250)
,`ringkasan_kondisi_3` varchar(250)
,`ringkasan_kondisi_4` varchar(250)
,`ringkasan_kondisi_5` varchar(250)
,`masalah_kondisi_1` varchar(250)
,`masalah_kondisi_2` varchar(250)
,`masalah_kondisi_3` varchar(250)
,`masalah_kondisi_4` varchar(250)
,`masalah_kondisi_5` varchar(250)
,`upaya_penyelesaian_1` varchar(250)
,`upaya_penyelesaian_2` varchar(250)
,`upaya_penyelesaian_3` varchar(250)
,`upaya_penyelesaian_4` varchar(250)
,`upaya_penyelesaian_5` varchar(250)
,`saran_1` varchar(250)
,`saran_2` varchar(250)
,`saran_3` varchar(250)
,`hasil_rapat_1` varchar(250)
,`hasil_rapat_2` varchar(250)
,`hasil_rapat_3` varchar(250)
,`verifikasi` varchar(100)
,`created_by` varchar(10)
,`created_date` datetime
,`last_modified_by` varchar(10)
,`last_modified_date` datetime
,`is_deleted` tinyint(1)
,`deleted_by` varchar(10)
,`deleted_date` datetime
,`nip` varchar(10)
,`kode_negara` varchar(10)
,`id_universitas` int(11)
,`id_bidang_studi` int(10)
,`id_jenjang_studi` int(10)
,`keterangan` varchar(100)
,`nama` varchar(100)
,`nama_universitas` varchar(100)
,`dl` varchar(15)
,`nama_bidang_studi` varchar(100)
,`nama_jenjang_studi` varchar(100)
,`nama_negara` varchar(50)
);

-- --------------------------------------------------------

--
-- Stand-in struktur untuk tampilan `v_laporan_akademik`
-- (Lihat di bawah untuk tampilan aktual)
--
CREATE TABLE `v_laporan_akademik` (
`id` int(11)
,`id_karyasiswa_log` int(11)
,`id_semester` varchar(5)
,`keterangan` text
,`sks` int(11)
,`ip` decimal(10,0)
,`progress` varchar(50)
,`tahun_lulus` varchar(4)
,`file_karyasiswa` text
,`file_sktb` text
,`created_by` varchar(10)
,`created_date` datetime
,`last_modified_by` varchar(10)
,`last_modified_date` datetime
,`is_deleted` tinyint(1)
,`deleted_by` varchar(10)
,`deleted_date` datetime
,`nip` varchar(10)
,`kode_negara` varchar(10)
,`id_universitas` int(11)
,`id_bidang_studi` int(10)
,`id_jenjang_studi` int(10)
,`nama` varchar(100)
,`nama_negara` varchar(50)
,`nama_universitas` varchar(100)
,`dl` varchar(15)
,`nama_bidang_studi` varchar(100)
,`nama_jenjang_studi` varchar(100)
,`nm_smt` varchar(25)
);

-- --------------------------------------------------------

--
-- Stand-in struktur untuk tampilan `v_laporan_thesis`
-- (Lihat di bawah untuk tampilan aktual)
--
CREATE TABLE `v_laporan_thesis` (
`id` int(11)
,`id_karyasiswa_log` int(11)
,`id_semester` varchar(5)
,`judul_thesis` varchar(250)
,`jadwal_thesis` date
,`moderator_presentasi` varchar(100)
,`rekomendasi_1_hasil_presentasi` text
,`rekomendasi_2_hasil_presentasi` text
,`rekomendasi_3_hasil_presentasi` text
,`narasumber` varchar(100)
,`created_by` varchar(10)
,`created_date` datetime
,`last_modified_by` varchar(10)
,`last_modified_date` datetime
,`is_deleted` tinyint(1)
,`deleted_by` varchar(10)
,`deleted_date` datetime
,`nip` varchar(10)
,`kode_negara` varchar(10)
,`id_universitas` int(11)
,`id_bidang_studi` int(10)
,`id_jenjang_studi` int(10)
,`nama` varchar(100)
,`nama_negara` varchar(50)
,`nama_universitas` varchar(100)
,`dl` varchar(15)
,`nama_bidang_studi` varchar(100)
,`nama_jenjang_studi` varchar(100)
,`nm_smt` varchar(25)
);

-- --------------------------------------------------------

--
-- Stand-in struktur untuk tampilan `v_peserta`
-- (Lihat di bawah untuk tampilan aktual)
--
CREATE TABLE `v_peserta` (
`nip` varchar(35)
,`nama` varchar(100)
,`tempat_lahir` varchar(100)
,`tgl_lahir` date
,`jenis_kelamin` enum('Laki-Laki','Perempuan')
,`id_agama` int(11)
,`id_pangkat` int(11)
,`jabatan_terakhir` varchar(100)
,`id_instansi` int(11)
,`alamat_kantor` varchar(250)
,`alamat_rumah` varchar(250)
,`kode_provinsi` varchar(10)
,`kode_kota` varchar(10)
,`ket_status_kepegawaian` varchar(150)
,`penempatan` varchar(250)
,`instansi_1_sd_8` varchar(15)
,`created_by` varchar(10)
,`created_date` datetime
,`last_modified_by` varchar(10)
,`last_modified_date` datetime
,`is_deleted` tinyint(1)
,`deleted_by` varchar(10)
,`deleted_date` datetime
,`nama_agama` varchar(35)
,`nama_pangkat` varchar(35)
,`nama_instansi` varchar(100)
,`nama_provinsi` varchar(50)
,`nama_kota` varchar(50)
);

-- --------------------------------------------------------

--
-- Stand-in struktur untuk tampilan `v_system_logs`
-- (Lihat di bawah untuk tampilan aktual)
--
CREATE TABLE `v_system_logs` (
`id` int(11)
,`kode_user` varchar(10)
,`deskripsi` text
,`created_date` datetime
,`name_user` varchar(35)
,`email` varchar(50)
,`level` enum('Admin','Operator')
,`status` enum('Aktif','Nonaktif')
);

-- --------------------------------------------------------

--
-- Struktur untuk view `v_karyasiswa_log`
--
DROP TABLE IF EXISTS `v_karyasiswa_log`;

CREATE ALGORITHM=UNDEFINED DEFINER=`root`@`localhost` SQL SECURITY DEFINER VIEW `v_karyasiswa_log`  AS  select `kl`.`id` AS `id`,`kl`.`nip` AS `nip`,`kl`.`kode_negara` AS `kode_negara`,`kl`.`id_universitas` AS `id_universitas`,`kl`.`id_bidang_studi` AS `id_bidang_studi`,`kl`.`id_jenjang_studi` AS `id_jenjang_studi`,`kl`.`alamat_universitas` AS `alamat_universitas`,`kl`.`lama_studi` AS `lama_studi`,`kl`.`no_sktb` AS `no_sktb`,`kl`.`mulai_pendidikan` AS `mulai_pendidikan`,`kl`.`rencana_selesai_pendidikan` AS `rencana_selesai_pendidikan`,`kl`.`sumber_dana` AS `sumber_dana`,`kl`.`no_sktb_perpanjangan_1` AS `no_sktb_perpanjangan_1`,`kl`.`mulai_perpanjangan_1` AS `mulai_perpanjangan_1`,`kl`.`selesai_perpanjangan_1` AS `selesai_perpanjangan_1`,`kl`.`no_sktb_perpanjangan_2` AS `no_sktb_perpanjangan_2`,`kl`.`mulai_perpanjangan_2` AS `mulai_perpanjangan_2`,`kl`.`selesai_perpanjangan_2` AS `selesai_perpanjangan_2`,`kl`.`tahun_selesai` AS `tahun_selesai`,`kl`.`keterangan` AS `keterangan`,`kl`.`ket_2` AS `ket_2`,`kl`.`presentasi` AS `presentasi`,`kl`.`lokasi_presentasi` AS `lokasi_presentasi`,`kl`.`laporan_studi` AS `laporan_studi`,`kl`.`sk_setjen` AS `sk_setjen`,`kl`.`sk_menteri` AS `sk_menteri`,`kl`.`jml_thesis` AS `jml_thesis`,`kl`.`ket_thesis` AS `ket_thesis`,`kl`.`created_by` AS `created_by`,`kl`.`created_date` AS `created_date`,`kl`.`last_modified_by` AS `last_modified_by`,`kl`.`last_modified_date` AS `last_modified_date`,`kl`.`is_deleted` AS `is_deleted`,`kl`.`deleted_by` AS `deleted_by`,`kl`.`deleted_date` AS `deleted_date`,`pe`.`nama` AS `nama`,`un`.`nama_universitas` AS `nama_universitas`,`un`.`dl` AS `dl`,`bs`.`nama_bidang_studi` AS `nama_bidang_studi`,`js`.`nama_jenjang_studi` AS `nama_jenjang_studi`,`ne`.`nama_negara` AS `nama_negara` from (((((`karyasiswa_log` `kl` left join `peserta` `pe` on((`kl`.`nip` = `pe`.`nip`))) left join `universitas` `un` on((`kl`.`id_universitas` = `un`.`id`))) left join `bidang_studi` `bs` on((`kl`.`id_bidang_studi` = `bs`.`id`))) left join `jenjang_studi` `js` on((`kl`.`id_jenjang_studi` = `js`.`id`))) left join `negara` `ne` on((`kl`.`kode_negara` = `ne`.`kode`))) where (`pe`.`is_deleted` = 0) ;

-- --------------------------------------------------------

--
-- Struktur untuk view `v_karyasiswa_masalah`
--
DROP TABLE IF EXISTS `v_karyasiswa_masalah`;

CREATE ALGORITHM=UNDEFINED DEFINER=`root`@`localhost` SQL SECURITY DEFINER VIEW `v_karyasiswa_masalah`  AS  select `km`.`id` AS `id`,`km`.`id_karyasiswa_log` AS `id_karyasiswa_log`,`km`.`progress` AS `progress`,`km`.`masalah_pokok` AS `masalah_pokok`,`km`.`ringkasan_kondisi_1` AS `ringkasan_kondisi_1`,`km`.`ringkasan_kondisi_2` AS `ringkasan_kondisi_2`,`km`.`ringkasan_kondisi_3` AS `ringkasan_kondisi_3`,`km`.`ringkasan_kondisi_4` AS `ringkasan_kondisi_4`,`km`.`ringkasan_kondisi_5` AS `ringkasan_kondisi_5`,`km`.`masalah_kondisi_1` AS `masalah_kondisi_1`,`km`.`masalah_kondisi_2` AS `masalah_kondisi_2`,`km`.`masalah_kondisi_3` AS `masalah_kondisi_3`,`km`.`masalah_kondisi_4` AS `masalah_kondisi_4`,`km`.`masalah_kondisi_5` AS `masalah_kondisi_5`,`km`.`upaya_penyelesaian_1` AS `upaya_penyelesaian_1`,`km`.`upaya_penyelesaian_2` AS `upaya_penyelesaian_2`,`km`.`upaya_penyelesaian_3` AS `upaya_penyelesaian_3`,`km`.`upaya_penyelesaian_4` AS `upaya_penyelesaian_4`,`km`.`upaya_penyelesaian_5` AS `upaya_penyelesaian_5`,`km`.`saran_1` AS `saran_1`,`km`.`saran_2` AS `saran_2`,`km`.`saran_3` AS `saran_3`,`km`.`hasil_rapat_1` AS `hasil_rapat_1`,`km`.`hasil_rapat_2` AS `hasil_rapat_2`,`km`.`hasil_rapat_3` AS `hasil_rapat_3`,`km`.`verifikasi` AS `verifikasi`,`km`.`created_by` AS `created_by`,`km`.`created_date` AS `created_date`,`km`.`last_modified_by` AS `last_modified_by`,`km`.`last_modified_date` AS `last_modified_date`,`km`.`is_deleted` AS `is_deleted`,`km`.`deleted_by` AS `deleted_by`,`km`.`deleted_date` AS `deleted_date`,`kl`.`nip` AS `nip`,`kl`.`kode_negara` AS `kode_negara`,`kl`.`id_universitas` AS `id_universitas`,`kl`.`id_bidang_studi` AS `id_bidang_studi`,`kl`.`id_jenjang_studi` AS `id_jenjang_studi`,`kl`.`keterangan` AS `keterangan`,`pe`.`nama` AS `nama`,`un`.`nama_universitas` AS `nama_universitas`,`un`.`dl` AS `dl`,`bs`.`nama_bidang_studi` AS `nama_bidang_studi`,`js`.`nama_jenjang_studi` AS `nama_jenjang_studi`,`ne`.`nama_negara` AS `nama_negara` from ((((((`karyasiswa_masalah` `km` left join `karyasiswa_log` `kl` on((`km`.`id_karyasiswa_log` = `kl`.`id`))) left join `peserta` `pe` on((`kl`.`nip` = `pe`.`nip`))) left join `universitas` `un` on((`kl`.`id_universitas` = `un`.`id`))) left join `bidang_studi` `bs` on((`kl`.`id_bidang_studi` = `bs`.`id`))) left join `jenjang_studi` `js` on((`kl`.`id_jenjang_studi` = `js`.`id`))) left join `negara` `ne` on((`kl`.`kode_negara` = `ne`.`kode`))) where (`kl`.`is_deleted` = 0) ;

-- --------------------------------------------------------

--
-- Struktur untuk view `v_laporan_akademik`
--
DROP TABLE IF EXISTS `v_laporan_akademik`;

CREATE ALGORITHM=UNDEFINED DEFINER=`root`@`localhost` SQL SECURITY DEFINER VIEW `v_laporan_akademik`  AS  select `la`.`id` AS `id`,`la`.`id_karyasiswa_log` AS `id_karyasiswa_log`,`la`.`id_semester` AS `id_semester`,`la`.`keterangan` AS `keterangan`,`la`.`sks` AS `sks`,`la`.`ip` AS `ip`,`la`.`progress` AS `progress`,`la`.`tahun_lulus` AS `tahun_lulus`,`la`.`file_karyasiswa` AS `file_karyasiswa`,`la`.`file_sktb` AS `file_sktb`,`la`.`created_by` AS `created_by`,`la`.`created_date` AS `created_date`,`la`.`last_modified_by` AS `last_modified_by`,`la`.`last_modified_date` AS `last_modified_date`,`la`.`is_deleted` AS `is_deleted`,`la`.`deleted_by` AS `deleted_by`,`la`.`deleted_date` AS `deleted_date`,`kl`.`nip` AS `nip`,`kl`.`kode_negara` AS `kode_negara`,`kl`.`id_universitas` AS `id_universitas`,`kl`.`id_bidang_studi` AS `id_bidang_studi`,`kl`.`id_jenjang_studi` AS `id_jenjang_studi`,`pe`.`nama` AS `nama`,`ne`.`nama_negara` AS `nama_negara`,`un`.`nama_universitas` AS `nama_universitas`,`un`.`dl` AS `dl`,`bs`.`nama_bidang_studi` AS `nama_bidang_studi`,`js`.`nama_jenjang_studi` AS `nama_jenjang_studi`,`s`.`nm_smt` AS `nm_smt` from (((((((`laporan_akademik` `la` left join `karyasiswa_log` `kl` on((`la`.`id_karyasiswa_log` = `kl`.`id`))) left join `peserta` `pe` on((`kl`.`nip` = `pe`.`nip`))) left join `negara` `ne` on((`kl`.`kode_negara` = `ne`.`kode`))) left join `universitas` `un` on((`kl`.`id_universitas` = `un`.`id`))) left join `bidang_studi` `bs` on((`kl`.`id_bidang_studi` = `bs`.`id`))) left join `jenjang_studi` `js` on((`kl`.`id_jenjang_studi` = `js`.`id`))) left join `semester` `s` on((`la`.`id_semester` = `s`.`id_semester`))) where (`kl`.`is_deleted` = 0) ;

-- --------------------------------------------------------

--
-- Struktur untuk view `v_laporan_thesis`
--
DROP TABLE IF EXISTS `v_laporan_thesis`;

CREATE ALGORITHM=UNDEFINED DEFINER=`root`@`localhost` SQL SECURITY DEFINER VIEW `v_laporan_thesis`  AS  select `lt`.`id` AS `id`,`lt`.`id_karyasiswa_log` AS `id_karyasiswa_log`,`lt`.`id_semester` AS `id_semester`,`lt`.`judul_thesis` AS `judul_thesis`,`lt`.`jadwal_thesis` AS `jadwal_thesis`,`lt`.`moderator_presentasi` AS `moderator_presentasi`,`lt`.`rekomendasi_1_hasil_presentasi` AS `rekomendasi_1_hasil_presentasi`,`lt`.`rekomendasi_2_hasil_presentasi` AS `rekomendasi_2_hasil_presentasi`,`lt`.`rekomendasi_3_hasil_presentasi` AS `rekomendasi_3_hasil_presentasi`,`lt`.`narasumber` AS `narasumber`,`lt`.`created_by` AS `created_by`,`lt`.`created_date` AS `created_date`,`lt`.`last_modified_by` AS `last_modified_by`,`lt`.`last_modified_date` AS `last_modified_date`,`lt`.`is_deleted` AS `is_deleted`,`lt`.`deleted_by` AS `deleted_by`,`lt`.`deleted_date` AS `deleted_date`,`kl`.`nip` AS `nip`,`kl`.`kode_negara` AS `kode_negara`,`kl`.`id_universitas` AS `id_universitas`,`kl`.`id_bidang_studi` AS `id_bidang_studi`,`kl`.`id_jenjang_studi` AS `id_jenjang_studi`,`pe`.`nama` AS `nama`,`ne`.`nama_negara` AS `nama_negara`,`un`.`nama_universitas` AS `nama_universitas`,`un`.`dl` AS `dl`,`bs`.`nama_bidang_studi` AS `nama_bidang_studi`,`js`.`nama_jenjang_studi` AS `nama_jenjang_studi`,`s`.`nm_smt` AS `nm_smt` from (((((((`laporan_thesis` `lt` left join `karyasiswa_log` `kl` on((`lt`.`id_karyasiswa_log` = `kl`.`id`))) left join `peserta` `pe` on((`kl`.`nip` = `pe`.`nip`))) left join `negara` `ne` on((`kl`.`kode_negara` = `ne`.`kode`))) left join `universitas` `un` on((`kl`.`id_universitas` = `un`.`id`))) left join `bidang_studi` `bs` on((`kl`.`id_bidang_studi` = `bs`.`id`))) left join `jenjang_studi` `js` on((`kl`.`id_jenjang_studi` = `js`.`id`))) left join `semester` `s` on((`lt`.`id_semester` = `s`.`id_semester`))) where (`kl`.`is_deleted` = 0) ;

-- --------------------------------------------------------

--
-- Struktur untuk view `v_peserta`
--
DROP TABLE IF EXISTS `v_peserta`;

CREATE ALGORITHM=UNDEFINED DEFINER=`root`@`localhost` SQL SECURITY DEFINER VIEW `v_peserta`  AS  select `pe`.`nip` AS `nip`,`pe`.`nama` AS `nama`,`pe`.`tempat_lahir` AS `tempat_lahir`,`pe`.`tgl_lahir` AS `tgl_lahir`,`pe`.`jenis_kelamin` AS `jenis_kelamin`,`pe`.`id_agama` AS `id_agama`,`pe`.`id_pangkat` AS `id_pangkat`,`pe`.`jabatan_terakhir` AS `jabatan_terakhir`,`pe`.`id_instansi` AS `id_instansi`,`pe`.`alamat_kantor` AS `alamat_kantor`,`pe`.`alamat_rumah` AS `alamat_rumah`,`pe`.`kode_provinsi` AS `kode_provinsi`,`pe`.`kode_kota` AS `kode_kota`,`pe`.`ket_status_kepegawaian` AS `ket_status_kepegawaian`,`pe`.`penempatan` AS `penempatan`,`pe`.`instansi_1_sd_8` AS `instansi_1_sd_8`,`pe`.`created_by` AS `created_by`,`pe`.`created_date` AS `created_date`,`pe`.`last_modified_by` AS `last_modified_by`,`pe`.`last_modified_date` AS `last_modified_date`,`pe`.`is_deleted` AS `is_deleted`,`pe`.`deleted_by` AS `deleted_by`,`pe`.`deleted_date` AS `deleted_date`,`ag`.`nama_agama` AS `nama_agama`,`pa`.`nama_pangkat` AS `nama_pangkat`,`ins`.`nama_instansi` AS `nama_instansi`,`pro`.`nama_provinsi` AS `nama_provinsi`,`ko`.`nama_kota` AS `nama_kota` from (((((`peserta` `pe` left join `agama` `ag` on((`pe`.`id_agama` = `ag`.`id`))) left join `pangkat` `pa` on((`pe`.`id_pangkat` = `pa`.`id`))) left join `instansi_asal` `ins` on((`pe`.`id_instansi` = `ins`.`id`))) left join `provinsi` `pro` on((`pe`.`kode_provinsi` = `pro`.`kode`))) left join `kota` `ko` on((`pe`.`kode_kota` = `ko`.`kode`))) ;

-- --------------------------------------------------------

--
-- Struktur untuk view `v_system_logs`
--
DROP TABLE IF EXISTS `v_system_logs`;

CREATE ALGORITHM=UNDEFINED DEFINER=`root`@`localhost` SQL SECURITY DEFINER VIEW `v_system_logs`  AS  select `s`.`id` AS `id`,`s`.`kode_user` AS `kode_user`,`s`.`deskripsi` AS `deskripsi`,`s`.`created_date` AS `created_date`,`u`.`name_user` AS `name_user`,`u`.`email` AS `email`,`u`.`level` AS `level`,`u`.`status` AS `status` from (`system_logs` `s` left join `user` `u` on((`s`.`kode_user` = `u`.`kode_user`))) ;

--
-- Indexes for dumped tables
--

--
-- Indeks untuk tabel `agama`
--
ALTER TABLE `agama`
  ADD PRIMARY KEY (`id`),
  ADD KEY `created_by` (`created_by`),
  ADD KEY `deleted_by` (`deleted_by`),
  ADD KEY `last_modified_by` (`last_modified_by`);

--
-- Indeks untuk tabel `bidang_studi`
--
ALTER TABLE `bidang_studi`
  ADD PRIMARY KEY (`id`),
  ADD KEY `created_by` (`created_by`),
  ADD KEY `last_modified_by` (`last_modified_by`),
  ADD KEY `deleted_by` (`deleted_by`);

--
-- Indeks untuk tabel `instansi_asal`
--
ALTER TABLE `instansi_asal`
  ADD PRIMARY KEY (`id`),
  ADD KEY `last_modified_by` (`last_modified_by`),
  ADD KEY `deleted_by` (`deleted_by`),
  ADD KEY `created_by` (`created_by`);

--
-- Indeks untuk tabel `jenjang_studi`
--
ALTER TABLE `jenjang_studi`
  ADD PRIMARY KEY (`id`),
  ADD KEY `created_by` (`created_by`),
  ADD KEY `last_modified_by` (`last_modified_by`),
  ADD KEY `deleted_by` (`deleted_by`);

--
-- Indeks untuk tabel `karyasiswa_log`
--
ALTER TABLE `karyasiswa_log`
  ADD PRIMARY KEY (`id`),
  ADD KEY `nip` (`nip`) USING BTREE,
  ADD KEY `id_universitas` (`id_universitas`,`id_bidang_studi`,`id_jenjang_studi`),
  ADD KEY `last_modified_by` (`last_modified_by`),
  ADD KEY `created_by` (`created_by`,`last_modified_by`) USING BTREE,
  ADD KEY `deleted_by` (`deleted_by`),
  ADD KEY `id_bidang_studi` (`id_bidang_studi`),
  ADD KEY `id_jenjang_studi` (`id_jenjang_studi`),
  ADD KEY `kode_negara` (`kode_negara`);

--
-- Indeks untuk tabel `karyasiswa_masalah`
--
ALTER TABLE `karyasiswa_masalah`
  ADD PRIMARY KEY (`id`),
  ADD KEY `created_by` (`created_by`,`last_modified_by`,`deleted_by`),
  ADD KEY `last_modified_by` (`last_modified_by`),
  ADD KEY `deleted_by` (`deleted_by`),
  ADD KEY `id_karyasiswa_log` (`id_karyasiswa_log`);

--
-- Indeks untuk tabel `kota`
--
ALTER TABLE `kota`
  ADD PRIMARY KEY (`kode`),
  ADD KEY `created_by` (`created_by`,`last_modified_by`,`deleted_by`),
  ADD KEY `last_modified_by` (`last_modified_by`),
  ADD KEY `deleted_by` (`deleted_by`);

--
-- Indeks untuk tabel `laporan_akademik`
--
ALTER TABLE `laporan_akademik`
  ADD PRIMARY KEY (`id`),
  ADD KEY `id_karyasiswa_log` (`id_karyasiswa_log`),
  ADD KEY `created_by` (`created_by`),
  ADD KEY `last_modified_by` (`last_modified_by`),
  ADD KEY `deleted_by` (`deleted_by`),
  ADD KEY `id_semester` (`id_semester`);

--
-- Indeks untuk tabel `laporan_thesis`
--
ALTER TABLE `laporan_thesis`
  ADD PRIMARY KEY (`id`),
  ADD KEY `id_karyasiswa_log` (`id_karyasiswa_log`),
  ADD KEY `deleted_by` (`deleted_by`),
  ADD KEY `last_modified_by` (`last_modified_by`),
  ADD KEY `created_by` (`created_by`),
  ADD KEY `id_semester` (`id_semester`);

--
-- Indeks untuk tabel `negara`
--
ALTER TABLE `negara`
  ADD PRIMARY KEY (`kode`),
  ADD KEY `created_by` (`created_by`,`last_modified_by`,`deleted_by`),
  ADD KEY `negara_ibfk_2` (`last_modified_by`),
  ADD KEY `negara_ibfk_3` (`deleted_by`);

--
-- Indeks untuk tabel `pangkat`
--
ALTER TABLE `pangkat`
  ADD PRIMARY KEY (`id`),
  ADD KEY `created_by` (`created_by`),
  ADD KEY `deleted_by` (`deleted_by`),
  ADD KEY `last_modified_by` (`last_modified_by`);

--
-- Indeks untuk tabel `peserta`
--
ALTER TABLE `peserta`
  ADD PRIMARY KEY (`nip`),
  ADD KEY `id_agama` (`id_agama`),
  ADD KEY `id_pangkat` (`id_pangkat`),
  ADD KEY `created_by` (`created_by`),
  ADD KEY `last_modified_by` (`last_modified_by`),
  ADD KEY `deleted_by` (`deleted_by`),
  ADD KEY `kode_kota` (`kode_kota`),
  ADD KEY `kode_provinsi` (`kode_provinsi`);

--
-- Indeks untuk tabel `provinsi`
--
ALTER TABLE `provinsi`
  ADD PRIMARY KEY (`kode`),
  ADD KEY `created_by` (`created_by`,`last_modified_by`,`deleted_by`),
  ADD KEY `provinsi_ibfk_2` (`last_modified_by`),
  ADD KEY `provinsi_ibfk_3` (`deleted_by`);

--
-- Indeks untuk tabel `semester`
--
ALTER TABLE `semester`
  ADD PRIMARY KEY (`id_semester`);

--
-- Indeks untuk tabel `system_logs`
--
ALTER TABLE `system_logs`
  ADD PRIMARY KEY (`id`),
  ADD KEY `kode_user` (`kode_user`);

--
-- Indeks untuk tabel `universitas`
--
ALTER TABLE `universitas`
  ADD PRIMARY KEY (`id`),
  ADD KEY `created_by` (`created_by`,`last_modified_by`,`deleted_by`),
  ADD KEY `universitas_ibfk_2` (`last_modified_by`);

--
-- Indeks untuk tabel `user`
--
ALTER TABLE `user`
  ADD PRIMARY KEY (`kode_user`),
  ADD UNIQUE KEY `email` (`email`),
  ADD UNIQUE KEY `username` (`username`);

--
-- AUTO_INCREMENT untuk tabel yang dibuang
--

--
-- AUTO_INCREMENT untuk tabel `agama`
--
ALTER TABLE `agama`
  MODIFY `id` int(11) NOT NULL AUTO_INCREMENT, AUTO_INCREMENT=6;

--
-- AUTO_INCREMENT untuk tabel `bidang_studi`
--
ALTER TABLE `bidang_studi`
  MODIFY `id` int(11) NOT NULL AUTO_INCREMENT, AUTO_INCREMENT=262;

--
-- AUTO_INCREMENT untuk tabel `instansi_asal`
--
ALTER TABLE `instansi_asal`
  MODIFY `id` int(11) NOT NULL AUTO_INCREMENT, AUTO_INCREMENT=71;

--
-- AUTO_INCREMENT untuk tabel `jenjang_studi`
--
ALTER TABLE `jenjang_studi`
  MODIFY `id` int(11) NOT NULL AUTO_INCREMENT, AUTO_INCREMENT=8;

--
-- AUTO_INCREMENT untuk tabel `karyasiswa_log`
--
ALTER TABLE `karyasiswa_log`
  MODIFY `id` int(11) NOT NULL AUTO_INCREMENT, AUTO_INCREMENT=111;

--
-- AUTO_INCREMENT untuk tabel `karyasiswa_masalah`
--
ALTER TABLE `karyasiswa_masalah`
  MODIFY `id` int(11) NOT NULL AUTO_INCREMENT, AUTO_INCREMENT=6;

--
-- AUTO_INCREMENT untuk tabel `laporan_akademik`
--
ALTER TABLE `laporan_akademik`
  MODIFY `id` int(11) NOT NULL AUTO_INCREMENT, AUTO_INCREMENT=20;

--
-- AUTO_INCREMENT untuk tabel `laporan_thesis`
--
ALTER TABLE `laporan_thesis`
  MODIFY `id` int(11) NOT NULL AUTO_INCREMENT, AUTO_INCREMENT=3;

--
-- AUTO_INCREMENT untuk tabel `pangkat`
--
ALTER TABLE `pangkat`
  MODIFY `id` int(11) NOT NULL AUTO_INCREMENT, AUTO_INCREMENT=19;

--
-- AUTO_INCREMENT untuk tabel `system_logs`
--
ALTER TABLE `system_logs`
  MODIFY `id` int(11) NOT NULL AUTO_INCREMENT, AUTO_INCREMENT=299;

--
-- AUTO_INCREMENT untuk tabel `universitas`
--
ALTER TABLE `universitas`
  MODIFY `id` int(11) NOT NULL AUTO_INCREMENT, AUTO_INCREMENT=106;

--
-- Ketidakleluasaan untuk tabel pelimpahan (Dumped Tables)
--

--
-- Ketidakleluasaan untuk tabel `agama`
--
ALTER TABLE `agama`
  ADD CONSTRAINT `created_by_fk_to_user_on_kode_user` FOREIGN KEY (`created_by`) REFERENCES `user` (`kode_user`) ON DELETE SET NULL ON UPDATE CASCADE,
  ADD CONSTRAINT `deleted_by_to_user_on_kode_user` FOREIGN KEY (`deleted_by`) REFERENCES `user` (`kode_user`) ON DELETE SET NULL ON UPDATE CASCADE,
  ADD CONSTRAINT `last_modified_by_fk_to_user_on_kode_user` FOREIGN KEY (`last_modified_by`) REFERENCES `user` (`kode_user`) ON DELETE SET NULL ON UPDATE CASCADE;

--
-- Ketidakleluasaan untuk tabel `bidang_studi`
--
ALTER TABLE `bidang_studi`
  ADD CONSTRAINT `bidang_studi_ibfk_1` FOREIGN KEY (`last_modified_by`) REFERENCES `user` (`kode_user`) ON DELETE SET NULL ON UPDATE CASCADE,
  ADD CONSTRAINT `bidang_studi_ibfk_2` FOREIGN KEY (`deleted_by`) REFERENCES `user` (`kode_user`) ON DELETE SET NULL ON UPDATE CASCADE,
  ADD CONSTRAINT `bidang_studi_ibfk_3` FOREIGN KEY (`created_by`) REFERENCES `user` (`kode_user`) ON DELETE SET NULL ON UPDATE CASCADE;

--
-- Ketidakleluasaan untuk tabel `instansi_asal`
--
ALTER TABLE `instansi_asal`
  ADD CONSTRAINT `instansi_asal_ibfk_1` FOREIGN KEY (`deleted_by`) REFERENCES `user` (`kode_user`) ON DELETE SET NULL ON UPDATE CASCADE,
  ADD CONSTRAINT `instansi_asal_ibfk_2` FOREIGN KEY (`last_modified_by`) REFERENCES `user` (`kode_user`) ON DELETE SET NULL ON UPDATE CASCADE,
  ADD CONSTRAINT `instansi_asal_ibfk_3` FOREIGN KEY (`created_by`) REFERENCES `user` (`kode_user`) ON DELETE SET NULL ON UPDATE CASCADE;

--
-- Ketidakleluasaan untuk tabel `jenjang_studi`
--
ALTER TABLE `jenjang_studi`
  ADD CONSTRAINT `jenjang_studi_ibfk_1` FOREIGN KEY (`created_by`) REFERENCES `user` (`kode_user`) ON DELETE SET NULL ON UPDATE CASCADE,
  ADD CONSTRAINT `jenjang_studi_ibfk_2` FOREIGN KEY (`last_modified_by`) REFERENCES `user` (`kode_user`) ON DELETE SET NULL ON UPDATE CASCADE,
  ADD CONSTRAINT `jenjang_studi_ibfk_3` FOREIGN KEY (`deleted_by`) REFERENCES `user` (`kode_user`) ON DELETE SET NULL ON UPDATE CASCADE;

--
-- Ketidakleluasaan untuk tabel `karyasiswa_log`
--
ALTER TABLE `karyasiswa_log`
  ADD CONSTRAINT `karyasiswa_log_ibfk_1` FOREIGN KEY (`created_by`) REFERENCES `user` (`kode_user`) ON DELETE SET NULL ON UPDATE CASCADE,
  ADD CONSTRAINT `karyasiswa_log_ibfk_2` FOREIGN KEY (`last_modified_by`) REFERENCES `user` (`kode_user`) ON DELETE SET NULL ON UPDATE CASCADE,
  ADD CONSTRAINT `karyasiswa_log_ibfk_3` FOREIGN KEY (`deleted_by`) REFERENCES `user` (`kode_user`) ON DELETE SET NULL ON UPDATE CASCADE,
  ADD CONSTRAINT `karyasiswa_log_ibfk_4` FOREIGN KEY (`id_universitas`) REFERENCES `universitas` (`id`) ON DELETE SET NULL ON UPDATE CASCADE,
  ADD CONSTRAINT `karyasiswa_log_ibfk_5` FOREIGN KEY (`id_bidang_studi`) REFERENCES `bidang_studi` (`id`) ON DELETE SET NULL ON UPDATE CASCADE,
  ADD CONSTRAINT `karyasiswa_log_ibfk_6` FOREIGN KEY (`id_jenjang_studi`) REFERENCES `jenjang_studi` (`id`) ON DELETE SET NULL ON UPDATE CASCADE,
  ADD CONSTRAINT `karyasiswa_log_ibfk_7` FOREIGN KEY (`nip`) REFERENCES `peserta` (`nip`) ON DELETE SET NULL ON UPDATE CASCADE,
  ADD CONSTRAINT `karyasiswa_log_ibfk_8` FOREIGN KEY (`kode_negara`) REFERENCES `negara` (`kode`) ON DELETE SET NULL ON UPDATE CASCADE;

--
-- Ketidakleluasaan untuk tabel `karyasiswa_masalah`
--
ALTER TABLE `karyasiswa_masalah`
  ADD CONSTRAINT `karyasiswa_masalah_ibfk_1` FOREIGN KEY (`created_by`) REFERENCES `user` (`kode_user`) ON DELETE SET NULL ON UPDATE CASCADE,
  ADD CONSTRAINT `karyasiswa_masalah_ibfk_2` FOREIGN KEY (`last_modified_by`) REFERENCES `user` (`kode_user`) ON DELETE SET NULL ON UPDATE CASCADE,
  ADD CONSTRAINT `karyasiswa_masalah_ibfk_3` FOREIGN KEY (`deleted_by`) REFERENCES `user` (`kode_user`) ON DELETE SET NULL ON UPDATE CASCADE,
  ADD CONSTRAINT `karyasiswa_masalah_ibfk_4` FOREIGN KEY (`id_karyasiswa_log`) REFERENCES `karyasiswa_log` (`id`) ON DELETE SET NULL ON UPDATE CASCADE;

--
-- Ketidakleluasaan untuk tabel `kota`
--
ALTER TABLE `kota`
  ADD CONSTRAINT `kota_ibfk_1` FOREIGN KEY (`created_by`) REFERENCES `user` (`kode_user`) ON DELETE SET NULL ON UPDATE CASCADE,
  ADD CONSTRAINT `kota_ibfk_2` FOREIGN KEY (`last_modified_by`) REFERENCES `user` (`kode_user`) ON DELETE SET NULL ON UPDATE CASCADE,
  ADD CONSTRAINT `kota_ibfk_3` FOREIGN KEY (`deleted_by`) REFERENCES `user` (`kode_user`) ON DELETE SET NULL ON UPDATE CASCADE;

--
-- Ketidakleluasaan untuk tabel `laporan_akademik`
--
ALTER TABLE `laporan_akademik`
  ADD CONSTRAINT `laporan_akademik_ibfk_1` FOREIGN KEY (`id_karyasiswa_log`) REFERENCES `karyasiswa_log` (`id`) ON DELETE SET NULL ON UPDATE CASCADE,
  ADD CONSTRAINT `laporan_akademik_ibfk_2` FOREIGN KEY (`created_by`) REFERENCES `user` (`kode_user`) ON DELETE SET NULL ON UPDATE CASCADE,
  ADD CONSTRAINT `laporan_akademik_ibfk_3` FOREIGN KEY (`last_modified_by`) REFERENCES `user` (`kode_user`) ON DELETE SET NULL ON UPDATE CASCADE,
  ADD CONSTRAINT `laporan_akademik_ibfk_4` FOREIGN KEY (`deleted_by`) REFERENCES `user` (`kode_user`) ON DELETE SET NULL ON UPDATE CASCADE,
  ADD CONSTRAINT `laporan_akademik_ibfk_5` FOREIGN KEY (`id_semester`) REFERENCES `semester` (`id_semester`) ON DELETE SET NULL ON UPDATE CASCADE;

--
-- Ketidakleluasaan untuk tabel `laporan_thesis`
--
ALTER TABLE `laporan_thesis`
  ADD CONSTRAINT `laporan_thesis_ibfk_1` FOREIGN KEY (`id_karyasiswa_log`) REFERENCES `karyasiswa_log` (`id`) ON DELETE SET NULL ON UPDATE CASCADE,
  ADD CONSTRAINT `laporan_thesis_ibfk_2` FOREIGN KEY (`created_by`) REFERENCES `user` (`kode_user`) ON DELETE SET NULL ON UPDATE CASCADE,
  ADD CONSTRAINT `laporan_thesis_ibfk_3` FOREIGN KEY (`last_modified_by`) REFERENCES `user` (`kode_user`) ON DELETE SET NULL ON UPDATE CASCADE,
  ADD CONSTRAINT `laporan_thesis_ibfk_4` FOREIGN KEY (`deleted_by`) REFERENCES `user` (`kode_user`) ON DELETE SET NULL ON UPDATE CASCADE,
  ADD CONSTRAINT `laporan_thesis_ibfk_5` FOREIGN KEY (`id_semester`) REFERENCES `semester` (`id_semester`) ON DELETE SET NULL ON UPDATE CASCADE;

--
-- Ketidakleluasaan untuk tabel `negara`
--
ALTER TABLE `negara`
  ADD CONSTRAINT `negara_ibfk_1` FOREIGN KEY (`created_by`) REFERENCES `user` (`kode_user`) ON DELETE SET NULL ON UPDATE CASCADE,
  ADD CONSTRAINT `negara_ibfk_2` FOREIGN KEY (`last_modified_by`) REFERENCES `user` (`kode_user`) ON DELETE SET NULL ON UPDATE CASCADE,
  ADD CONSTRAINT `negara_ibfk_3` FOREIGN KEY (`deleted_by`) REFERENCES `user` (`kode_user`) ON DELETE SET NULL ON UPDATE CASCADE;

--
-- Ketidakleluasaan untuk tabel `pangkat`
--
ALTER TABLE `pangkat`
  ADD CONSTRAINT `pangkat_ibfk_1` FOREIGN KEY (`created_by`) REFERENCES `user` (`kode_user`) ON DELETE SET NULL ON UPDATE CASCADE,
  ADD CONSTRAINT `pangkat_ibfk_2` FOREIGN KEY (`last_modified_by`) REFERENCES `user` (`kode_user`) ON DELETE SET NULL ON UPDATE CASCADE,
  ADD CONSTRAINT `pangkat_ibfk_3` FOREIGN KEY (`deleted_by`) REFERENCES `user` (`kode_user`) ON DELETE SET NULL ON UPDATE CASCADE;

--
-- Ketidakleluasaan untuk tabel `peserta`
--
ALTER TABLE `peserta`
  ADD CONSTRAINT `peserta_ibfk_1` FOREIGN KEY (`id_agama`) REFERENCES `agama` (`id`) ON DELETE SET NULL ON UPDATE CASCADE,
  ADD CONSTRAINT `peserta_ibfk_2` FOREIGN KEY (`id_pangkat`) REFERENCES `pangkat` (`id`) ON DELETE SET NULL ON UPDATE CASCADE,
  ADD CONSTRAINT `peserta_ibfk_3` FOREIGN KEY (`created_by`) REFERENCES `user` (`kode_user`) ON DELETE SET NULL ON UPDATE CASCADE,
  ADD CONSTRAINT `peserta_ibfk_4` FOREIGN KEY (`last_modified_by`) REFERENCES `user` (`kode_user`) ON DELETE SET NULL ON UPDATE CASCADE,
  ADD CONSTRAINT `peserta_ibfk_5` FOREIGN KEY (`deleted_by`) REFERENCES `user` (`kode_user`) ON DELETE SET NULL ON UPDATE CASCADE,
  ADD CONSTRAINT `peserta_ibfk_7` FOREIGN KEY (`kode_provinsi`) REFERENCES `provinsi` (`kode`) ON DELETE SET NULL ON UPDATE CASCADE,
  ADD CONSTRAINT `peserta_ibfk_8` FOREIGN KEY (`kode_kota`) REFERENCES `kota` (`kode`) ON DELETE SET NULL ON UPDATE CASCADE;

--
-- Ketidakleluasaan untuk tabel `provinsi`
--
ALTER TABLE `provinsi`
  ADD CONSTRAINT `provinsi_ibfk_1` FOREIGN KEY (`created_by`) REFERENCES `user` (`kode_user`) ON DELETE SET NULL ON UPDATE CASCADE,
  ADD CONSTRAINT `provinsi_ibfk_2` FOREIGN KEY (`last_modified_by`) REFERENCES `user` (`kode_user`) ON DELETE SET NULL ON UPDATE CASCADE,
  ADD CONSTRAINT `provinsi_ibfk_3` FOREIGN KEY (`deleted_by`) REFERENCES `user` (`kode_user`) ON DELETE SET NULL ON UPDATE CASCADE;

--
-- Ketidakleluasaan untuk tabel `system_logs`
--
ALTER TABLE `system_logs`
  ADD CONSTRAINT `kode_user_fk_to_user_on_kode_user` FOREIGN KEY (`kode_user`) REFERENCES `user` (`kode_user`) ON DELETE CASCADE ON UPDATE CASCADE;

--
-- Ketidakleluasaan untuk tabel `universitas`
--
ALTER TABLE `universitas`
  ADD CONSTRAINT `universitas_ibfk_1` FOREIGN KEY (`created_by`) REFERENCES `user` (`kode_user`) ON DELETE SET NULL ON UPDATE CASCADE,
  ADD CONSTRAINT `universitas_ibfk_2` FOREIGN KEY (`last_modified_by`) REFERENCES `user` (`kode_user`) ON DELETE SET NULL ON UPDATE CASCADE,
  ADD CONSTRAINT `universitas_ibfk_3` FOREIGN KEY (`created_by`) REFERENCES `user` (`kode_user`) ON DELETE SET NULL ON UPDATE CASCADE;
COMMIT;

/*!40101 SET CHARACTER_SET_CLIENT=@OLD_CHARACTER_SET_CLIENT */;
/*!40101 SET CHARACTER_SET_RESULTS=@OLD_CHARACTER_SET_RESULTS */;
/*!40101 SET COLLATION_CONNECTION=@OLD_COLLATION_CONNECTION */;
